nThread;timeInit;timeCount
1;0.014064;0.020143
1;0.012941;0.018031
1;0.012310;0.017230
1;0.013367;0.017629
1;0.013568;0.018185
1;0.012628;0.018337
1;0.012123;0.017881
1;0.013613;0.018578
1;0.013927;0.018441
1;0.013249;0.017328
1;0.012828;0.017503
1;0.012286;0.017461
1;0.012122;0.017548
1;0.013993;0.018678
1;0.012209;0.017552
1;0.015846;0.019353
1;0.013207;0.017743
1;0.013402;0.017170
1;0.013482;0.018661
1;0.012543;0.018816
