nThread;timeInit;timeCount
4;0.008342;0.038397
4;0.006682;0.039073
4;0.006774;0.031827
4;0.006167;0.034794
4;0.007901;0.031725
4;0.007639;0.031303
4;0.007288;0.032546
4;0.008425;0.035688
4;0.007543;0.031940
4;0.007054;0.033861
4;0.008388;0.034973
4;0.008115;0.038564
4;0.007963;0.031895
4;0.006915;0.034182
4;0.006943;0.035955
4;0.006576;0.032293
4;0.007029;0.030823
4;0.006987;0.033265
4;0.006672;0.031198
4;0.006902;0.031297
