nThread;timeInit;timeCount
1;0.013206;0.019638
1;0.013785;0.015182
1;0.013995;0.016937
1;0.014166;0.016739
1;0.015702;0.013593
1;0.012835;0.012959
1;0.013855;0.016277
1;0.014993;0.014294
1;0.013603;0.013327
1;0.012327;0.014125
1;0.014602;0.016660
1;0.013319;0.015137
1;0.014155;0.013095
1;0.012669;0.015037
1;0.015316;0.013599
1;0.012863;0.012794
1;0.013951;0.017377
1;0.014045;0.018004
1;0.013668;0.016798
1;0.014973;0.014086
