nThread;timeInit;timeCount
16;0.020876;1.052269
16;0.077383;0.486787
16;0.027902;1.395799
16;0.067314;1.067198
16;0.059073;0.990629
16;0.072717;0.725871
16;0.076938;0.486145
16;0.031838;0.842639
16;0.067014;1.536978
16;0.067508;0.495559
16;0.047465;0.965862
16;0.076704;1.086705
16;0.104235;1.026690
16;0.076269;0.646017
16;0.038012;0.717855
16;0.064268;0.573351
16;0.076712;0.916502
16;0.047353;0.927872
16;0.048061;0.587158
16;0.076473;0.526886
