nThread;timeInit;timeCount
2;0.010001;0.026813
2;0.010798;0.026446
2;0.008105;0.021852
2;0.010540;0.021572
2;0.007954;0.020466
2;0.011534;0.021346
2;0.007997;0.020557
2;0.008493;0.021924
2;0.008172;0.021638
2;0.008380;0.021055
2;0.008228;0.022996
2;0.008896;0.021820
2;0.007935;0.020948
2;0.011909;0.022522
2;0.008315;0.022410
2;0.010869;0.024613
2;0.008735;0.021162
2;0.008425;0.021933
2;0.008076;0.020166
2;0.012175;0.023710
