nThread;timeInit;timeCount
8;0.007591;0.063140
8;0.006801;0.060730
8;0.016103;0.060325
8;0.006430;0.052423
8;0.009715;0.061614
8;0.006128;0.065658
8;0.008153;0.058599
8;0.009456;0.061865
8;0.009771;0.068305
8;0.009050;0.062312
8;0.012504;0.056683
8;0.008067;0.064226
8;0.006934;0.060031
8;0.008920;0.065080
8;0.008237;0.061301
8;0.008933;0.059093
8;0.006790;0.059709
8;0.006884;0.057549
8;0.007863;0.066824
8;0.006450;0.054019
