nThread;timeInit;timeCount
1;0.001234;0.000346
1;0.001344;0.000297
1;0.001469;0.000332
1;0.001492;0.000331
1;0.001672;0.000372
1;0.001304;0.000311
1;0.001283;0.000277
1;0.001424;0.000334
1;0.001473;0.000337
1;0.001320;0.000289
1;0.001378;0.000373
1;0.001637;0.000370
1;0.001507;0.000318
1;0.001214;0.000253
1;0.001261;0.000278
1;0.001689;0.000336
1;0.001384;0.000469
1;0.001348;0.000357
1;0.001402;0.000294
1;0.001822;0.000470
