nThread;timeInit;timeCount
4;0.001024;0.000361
4;0.001092;0.000321
4;0.001153;0.000268
4;0.001105;0.000242
4;0.000894;0.000293
4;0.001032;0.000265
4;0.000928;0.000333
4;0.000674;0.000192
4;0.001122;0.000284
4;0.000945;0.000214
4;0.000694;0.000232
4;0.001076;0.000355
4;0.001225;0.000362
4;0.001167;0.000340
4;0.001120;0.000394
4;0.001697;0.000367
4;0.001082;0.000494
4;0.001110;0.000407
4;0.001878;0.000362
4;0.000932;0.000323
