nThread;timeInit;timeCount
1;0.001503;0.000516
1;0.001072;0.000339
1;0.001258;0.000331
1;0.001645;0.000506
1;0.001207;0.000575
1;0.001046;0.000319
1;0.001058;0.000334
1;0.001653;0.000447
1;0.001271;0.000454
1;0.001101;0.000319
1;0.001159;0.000332
1;0.001681;0.000509
1;0.001162;0.000419
1;0.001191;0.000327
1;0.001207;0.000359
1;0.001632;0.000575
1;0.001434;0.000463
1;0.001113;0.000344
1;0.001142;0.000322
1;0.001431;0.000388
