nThread;timeInit;timeCount
8;0.000631;0.000526
8;0.000872;0.000538
8;0.000633;0.000523
8;0.000600;0.000508
8;0.005432;0.009563
8;0.003106;0.009048
8;0.002478;0.007067
8;0.007811;0.027215
8;0.000597;0.010788
8;0.000672;0.000516
8;0.000616;0.014606
8;0.001690;0.010516
8;0.005629;0.025129
8;0.000736;0.010572
8;0.005674;0.014055
8;0.004140;0.006285
8;0.001868;0.019471
8;0.007740;0.003733
8;0.002844;0.008340
8;0.002988;0.008287
