nThread;timeInit;timeCount
2;0.001506;0.000626
2;0.001016;0.000382
2;0.001149;0.000389
2;0.000950;0.000352
2;0.001308;0.000352
2;0.001534;0.000541
2;0.000973;0.000409
2;0.000962;0.000383
2;0.000988;0.000369
2;0.001431;0.000426
2;0.000954;0.000392
2;0.001081;0.000361
2;0.000986;0.000412
2;0.001358;0.000361
2;0.000997;0.000360
2;0.001777;0.000534
2;0.001146;0.000368
2;0.001074;0.000352
2;0.001031;0.000352
2;0.001107;0.000636
