nThread;timeInit;timeCount
16;0.036766;0.310042
16;0.036580;0.263819
16;0.001037;0.246405
16;0.028007;0.218143
16;0.009955;0.227542
16;0.038495;0.190094
16;0.036167;0.229986
16;0.033440;0.243156
16;0.001106;0.286403
16;0.027037;0.249890
16;0.001085;0.196226
16;0.020507;0.216494
16;0.001258;0.206688
16;0.009852;0.257642
16;0.009832;0.267641
16;0.047050;0.180102
16;0.036538;0.239943
16;0.027812;0.209979
16;0.038596;0.217920
16;0.010254;0.297339
