nThread;timeInit;timeCount
16;0.725357;0.869967
16;0.546142;0.700186
16;0.628255;1.169849
16;0.908117;0.967308
16;0.696012;0.850124
16;0.806963;1.099653
16;0.775833;0.899932
16;0.846602;0.849969
16;0.726080;0.729965
16;0.716972;0.819630
16;0.737697;0.830018
16;0.857199;0.939985
16;0.578086;0.820205
16;0.695179;1.010016
16;0.727800;0.739980
16;0.767832;0.720256
16;0.556099;0.820178
16;0.676508;0.650312
16;0.541866;0.666003
16;0.623476;0.830147
