nThread;timeInit;timeCount
8;0.035609;0.045277
8;0.020995;0.025472
8;0.030538;0.022773
8;0.028263;0.051548
8;0.031213;0.028790
8;0.020708;0.027242
8;0.042222;0.049134
8;0.002143;0.000320
8;0.000983;0.000493
8;0.002356;0.002692
8;0.176934;0.390857
8;0.214238;0.053865
8;0.063603;0.049757
8;0.001154;0.000251
8;0.030734;0.036425
8;0.032310;0.031645
8;0.046248;0.006037
8;0.040447;0.026902
8;0.029636;0.028991
8;0.043763;0.002926
