nThread;timeInit;timeCount
4;0.000655;0.000286
4;0.000962;0.000342
4;0.001031;0.000240
4;0.000846;0.000410
4;0.000854;0.000254
4;0.000645;0.000253
4;0.000634;0.000388
4;0.000447;0.000296
4;0.001428;0.000605
4;0.000506;0.000575
4;0.000505;0.000428
4;0.001465;0.000463
4;0.000782;0.000242
4;0.001197;0.000242
4;0.001026;0.000248
4;0.000584;0.000297
4;0.001046;0.000239
4;0.000829;0.000431
4;0.003596;0.000303
4;0.000467;0.000238
