nThread;timeInit;timeCount
1;0.000996;0.000266
1;0.000620;0.000267
1;0.000692;0.000305
1;0.000629;0.000281
1;0.000665;0.000221
1;0.000988;0.000293
1;0.000632;0.000219
1;0.000643;0.000216
1;0.000712;0.000355
1;0.000962;0.000225
1;0.000703;0.000217
1;0.000641;0.000216
1;0.000445;0.000273
1;0.000465;0.000188
1;0.000459;0.000185
1;0.000462;0.000186
1;0.000532;0.000351
1;0.000455;0.000186
1;0.000457;0.000200
1;0.000590;0.000260
