nThread;timeInit;timeCount
2;0.000496;0.000219
2;0.000633;0.000243
2;0.000696;0.000246
2;0.000420;0.000294
2;0.000486;0.000203
2;0.000859;0.000198
2;0.000418;0.000336
2;0.001440;0.000210
2;0.000467;0.000225
2;0.000388;0.000227
2;0.000606;0.000242
2;0.000518;0.000703
2;0.001253;0.000401
2;0.000691;0.000272
2;0.000440;0.000242
2;0.000583;0.000243
2;0.000479;0.000352
2;0.000702;0.000322
2;0.000415;0.000202
2;0.000639;0.000206
