nThread;timeInit;timeCount
1;0.000908;0.001048
1;0.001074;0.000765
1;0.000849;0.000886
1;0.000956;0.000874
1;0.001018;0.001299
1;0.000807;0.001902
1;0.001022;0.000915
1;0.001094;0.000857
1;0.000859;0.000680
1;0.000873;0.000981
1;0.000891;0.000935
1;0.001117;0.001142
1;0.000700;0.000891
1;0.000676;0.000749
1;0.000932;0.000687
1;0.000864;0.000864
1;0.000960;0.000896
1;0.000630;0.000949
1;0.000801;0.000713
1;0.000703;0.000731
