nThread;timeInit;timeCount
1;0.000238;0.008831
1;0.000149;0.005718
1;0.000258;0.005855
1;0.000158;0.004477
1;0.000149;0.004673
1;0.000163;0.005251
1;0.000156;0.005017
1;0.000156;0.005363
1;0.000134;0.004816
1;0.000176;0.004168
1;0.000131;0.003450
1;0.000134;0.003792
1;0.000147;0.004900
1;0.000134;0.005597
1;0.000137;0.004444
1;0.000144;0.003886
1;0.000132;0.003540
1;0.000128;0.005636
1;0.000222;0.005513
1;0.000156;0.004240
