nThread;timeInit;timeCount
16;0.000580;0.799584
16;0.028852;0.710572
16;0.026302;0.632762
16;0.028888;0.670504
16;0.018526;0.801605
16;0.000568;0.633251
16;0.018826;1.059183
16;0.036691;0.642594
16;0.046538;0.609926
16;0.046132;0.952662
16;0.021977;1.147694
16;0.036726;0.542975
16;0.000570;0.539931
16;0.035967;0.742860
16;0.019118;0.690302
16;0.026746;0.662682
16;0.036381;0.882747
16;0.028713;0.583470
16;0.026868;0.972279
16;0.021763;0.507236
