nThread;timeInit;timeCount
1;0.603985;0.694846
1;0.583704;0.606288
1;0.604639;0.739312
1;0.564164;0.649338
1;0.546392;0.614603
1;0.567525;0.633913
1;0.579614;0.754817
1;0.604467;0.630478
1;0.566073;0.626848
1;0.567832;0.641447
1;0.556173;0.721702
1;0.684020;0.676851
1;0.591941;0.722200
1;0.589581;0.672702
1;0.640079;0.782935
1;0.617008;0.686873
1;0.564864;0.669363
1;0.584717;0.633094
1;0.623220;0.757353
1;0.680337;0.698300
