nThread;timeInit;timeCount
1;0.181103;0.158292
1;0.164868;0.155527
1;0.158434;0.151194
1;0.163493;0.151363
1;0.158109;0.149383
1;0.160407;0.151568
1;0.158731;0.151940
1;0.157539;0.148037
1;0.168260;0.151553
1;0.156760;0.151221
1;0.157296;0.145380
1;0.157287;0.153076
1;0.157076;0.147865
1;0.158763;0.150318
1;0.156320;0.145890
1;0.155877;0.148421
1;0.156500;0.150749
1;0.158332;0.149579
1;0.154999;0.158674
1;0.189294;0.185544
