nThread;timeInit;timeCount
4;0.100178;0.131703
4;0.100756;0.120949
4;0.099945;0.129548
4;0.097394;0.122173
4;0.095403;0.143785
4;0.104333;0.119478
4;0.101337;0.139947
4;0.102281;0.117684
4;0.096000;0.128458
4;0.097756;0.122752
4;0.091332;0.126559
4;0.101154;0.120315
4;0.117867;0.126033
4;0.106802;0.124241
4;0.101034;0.129249
4;0.100554;0.118834
4;0.096261;0.132881
4;0.105290;0.130708
4;0.096498;0.112030
4;0.096269;0.135063
