nThread;timeInit;timeCount
2;0.112227;0.103780
2;0.099026;0.098614
2;0.101996;0.105808
2;0.095685;0.104498
2;0.109105;0.104342
2;0.102845;0.112185
2;0.099909;0.100561
2;0.098090;0.100949
2;0.097528;0.110153
2;0.106064;0.106408
2;0.101125;0.100195
2;0.104822;0.106698
2;0.101908;0.099317
2;0.100109;0.098885
2;0.110425;0.130579
2;0.100226;0.110446
2;0.097080;0.109196
2;0.105545;0.105832
2;0.099151;0.106807
2;0.096803;0.100737
