nThread;timeInit;timeCount
16;0.735666;1.026591
16;0.815160;1.357276
16;0.897557;1.124705
16;0.906461;1.030315
16;0.767486;1.273102
16;0.850618;1.010926
16;0.855867;1.340157
16;0.708027;1.046256
16;0.805780;1.173589
16;1.056199;1.167052
16;0.618627;1.159179
16;0.736846;1.157099
16;0.647164;0.881736
16;0.846157;1.170257
16;0.796705;1.060196
16;0.907593;1.360278
16;0.816311;1.029845
16;0.716979;1.216435
16;0.896102;1.150275
16;0.865186;1.301884
