nThread;timeInit;timeCount
8;0.102666;0.179864
8;0.099195;0.141509
8;0.102099;0.137908
8;0.071388;0.102893
8;0.073332;0.110994
8;0.071842;0.099852
8;0.071157;0.096169
8;0.071364;0.095696
8;0.072029;0.096669
8;0.072155;0.097090
8;0.069706;0.093980
8;0.073124;0.098817
8;0.079325;0.096350
8;0.072855;0.110585
8;0.069060;0.095593
8;0.075166;0.098514
8;0.089633;0.102185
8;0.069510;0.100292
8;0.074057;0.094289
8;0.069064;0.099282
