nThread;timeInit;timeCount
2;0.001094;0.001667
2;0.000623;0.001155
2;0.000717;0.001350
2;0.000413;0.001170
2;0.000534;0.001286
2;0.000462;0.001289
2;0.000601;0.001165
2;0.000452;0.001453
2;0.000440;0.001254
2;0.000454;0.001080
2;0.000891;0.001388
2;0.000407;0.001440
2;0.000455;0.001203
2;0.000500;0.001302
2;0.000418;0.000991
2;0.000984;0.001219
2;0.000521;0.001055
2;0.000880;0.002049
2;0.000439;0.001010
2;0.000502;0.001091
