nThread;timeInit;timeCount
1;0.000434;0.000957
1;0.000351;0.000854
1;0.000459;0.001060
1;0.000372;0.000962
1;0.000355;0.000860
1;0.000451;0.000799
1;0.000417;0.000891
1;0.000370;0.000749
1;0.000457;0.000868
1;0.000460;0.000821
1;0.000426;0.000884
1;0.000520;0.000876
1;0.000347;0.000763
1;0.000352;0.000735
1;0.000443;0.001081
1;0.000518;0.001501
1;0.000325;0.000707
1;0.000379;0.000790
1;0.000499;0.001144
1;0.000468;0.000968
