nThread;timeInit;timeCount
1;0.000610;0.000941
1;0.000459;0.000738
1;0.000426;0.000770
1;0.000584;0.000845
1;0.000436;0.000755
1;0.000443;0.000757
1;0.000438;0.000764
1;0.000496;0.000754
1;0.000544;0.000748
1;0.000489;0.000782
1;0.000775;0.000880
1;0.000653;0.000911
1;0.000799;0.000933
1;0.000610;0.000860
1;0.000491;0.000863
1;0.000451;0.000835
1;0.000443;0.000718
1;0.000452;0.000757
1;0.000435;0.000884
1;0.000466;0.000762
