nThread;timeInit;timeCount
4;0.000686;0.001985
4;0.000875;0.002357
4;0.000604;0.002470
4;0.000590;0.002108
4;0.000662;0.002071
4;0.001344;0.002201
4;0.003065;0.003962
4;0.000547;0.002322
4;0.000595;0.001956
4;0.001422;0.002246
4;0.000599;0.001887
4;0.000560;0.002008
4;0.000772;0.001949
4;0.000502;0.001998
4;0.000930;0.002510
4;0.000687;0.001808
4;0.001052;0.001812
4;0.000732;0.001759
4;0.000724;0.001722
4;0.000511;0.002038
