nThread;timeInit;timeCount
8;0.002505;0.002218
8;0.015218;0.077101
8;0.033781;0.013459
8;0.039707;0.037800
8;0.041443;0.042920
8;0.031500;0.038574
8;0.034978;0.032192
8;0.006724;0.011152
8;0.035744;0.025840
8;0.013169;0.018720
8;0.028965;0.034994
8;0.030285;0.043640
8;0.030740;0.034082
8;0.010693;0.044149
8;0.017542;0.007184
8;0.006388;0.043721
8;0.009862;0.038140
8;0.014597;0.002804
8;0.001810;0.002223
8;0.001297;0.002399
