nThread;timeInit;timeCount
16;0.706780;0.960926
16;0.727659;1.079981
16;0.910473;0.900855
16;0.735472;1.000967
16;0.585793;0.750234
16;0.826720;1.028144
16;0.546504;0.704332
16;0.657760;0.967563
16;0.896990;1.110025
16;0.577960;1.030331
16;0.678220;0.859979
16;0.675669;0.869839
16;0.757901;0.799921
16;0.771626;0.809973
16;0.487960;1.079912
16;0.776474;0.935578
16;0.748186;1.050337
16;0.724227;1.107199
16;0.706451;0.819969
16;0.578016;0.739986
