nThread;timeInit;timeCount
4;0.001243;0.000942
4;0.001024;0.000716
4;0.001328;0.000673
4;0.001037;0.000925
4;0.001131;0.000822
4;0.001297;0.000967
4;0.003639;0.012588
4;0.001058;0.000928
4;0.001143;0.000996
4;0.002038;0.001029
4;0.001204;0.001800
4;0.001108;0.000987
4;0.001223;0.000921
4;0.001001;0.000974
4;0.001061;0.000934
4;0.001108;0.000909
4;0.001847;0.000870
4;0.001129;0.000891
4;0.001291;0.000983
4;0.001098;0.000931
