nThread;timeInit;timeCount
1;0.001377;0.001224
1;0.001312;0.001049
1;0.001195;0.000878
1;0.001723;0.001144
1;0.001314;0.001179
1;0.001073;0.000896
1;0.001165;0.000861
1;0.001135;0.000963
1;0.001425;0.000948
1;0.001613;0.001138
1;0.001219;0.001252
1;0.001066;0.000973
1;0.001108;0.000915
1;0.001194;0.000880
1;0.001673;0.001165
1;0.001237;0.001338
1;0.001106;0.000858
1;0.001096;0.000872
1;0.001139;0.000871
1;0.001414;0.000944
