nThread;timeInit;timeCount
1;0.001389;0.000862
1;0.001455;0.000948
1;0.001534;0.000981
1;0.001569;0.001190
1;0.002189;0.001900
1;0.001343;0.000901
1;0.001572;0.000948
1;0.001665;0.003438
1;0.001471;0.001069
1;0.001344;0.000918
1;0.001467;0.000895
1;0.001617;0.001092
1;0.001702;0.001099
1;0.001571;0.001076
1;0.001597;0.001240
1;0.001544;0.001017
1;0.001542;0.001012
1;0.001619;0.001020
1;0.001731;0.001033
1;0.001630;0.001169
