nThread;timeInit;timeCount
2;0.001220;0.000878
2;0.000938;0.000792
2;0.000912;0.000795
2;0.000941;0.000872
2;0.000991;0.000814
2;0.000890;0.000841
2;0.000921;0.000843
2;0.001384;0.000858
2;0.001800;0.000812
2;0.001408;0.000853
2;0.000923;0.000800
2;0.001037;0.001246
2;0.001634;0.001356
2;0.000949;0.000900
2;0.001104;0.000921
2;0.001693;0.000863
2;0.001523;0.001226
2;0.001037;0.000856
2;0.001169;0.001223
2;0.001372;0.000875
