nThread;timeInit;timeCount
16;0.100531;0.226470
16;0.257977;0.246821
16;0.156507;0.717885
16;0.547983;0.638290
16;0.268559;0.608054
16;0.756715;0.608246
16;0.506872;0.658171
16;0.487685;0.878262
16;0.568477;0.606884
16;0.157722;0.777580
16;0.367845;0.558057
16;0.806775;0.787802
16;0.537816;0.778160
16;0.467992;0.638029
16;0.507422;0.617886
16;0.067978;0.657440
16;0.437115;0.678290
16;0.438112;0.728133
16;0.636548;0.508763
16;0.496665;0.688287
