nThread;timeInit;timeCount
1;0.136607;0.044278
1;0.133938;0.043525
1;0.136433;0.044625
1;0.133767;0.043718
1;0.132613;0.046300
1;0.136878;0.044163
1;0.134511;0.044746
1;0.157526;0.045036
1;0.135277;0.044254
1;0.134572;0.044592
1;0.136413;0.044426
1;0.134325;0.044386
1;0.134648;0.044564
1;0.133008;0.044393
1;0.134648;0.044009
1;0.130584;0.044170
1;0.132545;0.044250
1;0.130461;0.044056
1;0.134026;0.044215
1;0.133950;0.043915
