nThread;timeInit;timeCount
4;0.066692;0.029609
4;0.063838;0.034834
4;0.058830;0.038388
4;0.059169;0.036478
4;0.078578;0.044487
4;0.073141;0.043554
4;0.065973;0.035559
4;0.064553;0.038255
4;0.062402;0.037287
4;0.075900;0.040541
4;0.060084;0.036955
4;0.069472;0.034796
4;0.066955;0.040428
4;0.069288;0.038447
4;0.065426;0.039392
4;0.069103;0.032367
4;0.063016;0.039635
4;0.066967;0.037276
4;0.063025;0.034617
4;0.059993;0.039086
