nThread;timeInit;timeCount
1;0.120324;0.029845
1;0.116924;0.033048
1;0.122443;0.030756
1;0.114544;0.030075
1;0.119510;0.031521
1;0.120835;0.031682
1;0.128075;0.032686
1;0.122854;0.032644
1;0.120142;0.031991
1;0.119940;0.031984
1;0.120827;0.032003
1;0.120313;0.032613
1;0.118478;0.031997
1;0.122411;0.033309
1;0.121070;0.032362
1;0.120179;0.031805
1;0.120712;0.031923
1;0.120317;0.031321
1;0.116586;0.030694
1;0.123383;0.032019
