nThread;timeInit;timeCount
8;0.073830;0.070077
8;0.059253;0.055887
8;0.051923;0.038163
8;0.045028;0.031576
8;0.042956;0.031677
8;0.043965;0.036870
8;0.043121;0.028702
8;0.042042;0.029678
8;0.043544;0.029075
8;0.042745;0.029911
8;0.045587;0.030512
8;0.042716;0.032273
8;0.043510;0.032316
8;0.043459;0.031133
8;0.043843;0.031548
8;0.044373;0.030420
8;0.055297;0.035603
8;0.043717;0.029904
8;0.042772;0.031709
8;0.042425;0.030073
