nThread;timeInit;timeCount
2;0.083396;0.032197
2;0.075764;0.030326
2;0.072722;0.029873
2;0.083828;0.029641
2;0.092256;0.031047
2;0.076319;0.029678
2;0.076745;0.038388
2;0.074086;0.030232
2;0.087610;0.033911
2;0.074782;0.031170
2;0.075603;0.029704
2;0.085645;0.030433
2;0.079733;0.038957
2;0.074638;0.029858
2;0.086241;0.037127
2;0.077394;0.030144
2;0.072798;0.030698
2;0.082765;0.030689
2;0.077852;0.029972
2;0.078599;0.037577
