nThread;timeInit;timeCount
2;0.000506;0.002194
2;0.000542;0.001924
2;0.000730;0.002717
2;0.001251;0.002803
2;0.000630;0.002186
2;0.000551;0.001816
2;0.004692;0.001896
2;0.000948;0.002502
2;0.000472;0.001790
2;0.000420;0.002015
2;0.001246;0.001839
2;0.000491;0.001877
2;0.000577;0.001887
2;0.000393;0.001839
2;0.000503;0.001768
2;0.000473;0.001846
2;0.000486;0.001886
2;0.000675;0.001827
2;0.000538;0.001767
2;0.000500;0.001769
