nThread;timeInit;timeCount
4;0.001986;0.002835
4;0.000745;0.002902
4;0.000589;0.002511
4;0.000512;0.003057
4;0.000838;0.003429
4;0.000521;0.003189
4;0.001027;0.002817
4;0.001098;0.002954
4;0.001468;0.002944
4;0.000654;0.002942
4;0.000696;0.002729
4;0.000535;0.002922
4;0.000900;0.002435
4;0.000992;0.002627
4;0.001055;0.003563
4;0.000501;0.002950
4;0.000620;0.003148
4;0.001107;0.002637
4;0.000946;0.002697
4;0.000562;0.003305
