nThread;timeInit;timeCount
1;0.000911;0.002753
1;0.000910;0.002431
1;0.000678;0.002374
1;0.000537;0.002230
1;0.000720;0.002031
1;0.000828;0.002178
1;0.000693;0.002279
1;0.000931;0.002145
1;0.000695;0.002398
1;0.001062;0.002514
1;0.000903;0.002541
1;0.000858;0.002347
1;0.000631;0.002060
1;0.000773;0.002189
1;0.000637;0.002324
1;0.000681;0.002091
1;0.000674;0.002087
1;0.000688;0.002054
1;0.000898;0.002141
1;0.000812;0.002334
