nThread;timeInit;timeCount
16;0.596270;0.831720
16;0.616316;0.689975
16;0.576144;0.801059
16;0.490177;0.776234
16;0.636292;1.009997
16;0.976611;1.110002
16;0.675083;1.109999
16;0.693201;0.934083
16;0.752843;0.836751
16;0.682913;0.896995
16;0.747816;0.959994
16;0.594304;0.917855
16;0.636361;1.000052
16;0.817061;1.149994
16;0.718460;0.919904
16;0.745870;0.701754
16;0.514959;0.759985
16;0.536307;0.780007
16;0.716968;0.859980
16;0.796750;0.854039
