nThread;timeInit;timeCount
8;0.002400;0.004006
8;0.000699;0.005620
8;0.000782;0.004218
8;0.001274;0.003645
8;0.000913;0.005190
8;0.045700;0.036039
8;0.043314;0.034482
8;0.000809;0.026000
8;0.028610;0.037658
8;0.028089;0.041118
8;0.031331;0.030032
8;0.030323;0.021646
8;0.029500;0.036874
8;0.008638;0.046067
8;0.033112;0.037856
8;0.029294;0.032931
8;0.002490;0.043814
8;0.006170;0.035794
8;0.036515;0.003691
8;0.001463;0.003716
