nThread;timeInit;timeCount
1;0.000609;0.001833
1;0.000497;0.001481
1;0.000558;0.001525
1;0.000496;0.001477
1;0.000494;0.001465
1;0.000495;0.001434
1;0.000493;0.001422
1;0.000477;0.001492
1;0.000450;0.001398
1;0.000434;0.001671
1;0.000491;0.001460
1;0.000466;0.001407
1;0.000487;0.001421
1;0.000473;0.001409
1;0.000469;0.001499
1;0.000468;0.001577
1;0.000471;0.001483
1;0.000428;0.001424
1;0.000530;0.001255
1;0.000486;0.001561
