nThread;timeInit;timeCount
8;0.002608;0.078804
8;0.001855;0.053258
8;0.001478;0.039697
8;0.001697;0.051004
8;0.000110;0.054013
8;0.000247;0.047689
8;0.001516;0.046591
8;0.000091;0.038253
8;0.003123;0.049908
8;0.002685;0.049618
8;0.000130;0.051241
8;0.005123;0.045339
8;0.000635;0.039765
8;0.002752;0.044351
8;0.003141;0.045814
8;0.001374;0.034849
8;0.000090;0.045260
8;0.000084;0.034923
8;0.000084;0.035781
8;0.002873;0.046313
