nThread;timeInit;timeCount
1;0.000162;0.006955
1;0.000147;0.005991
1;0.000324;0.006648
1;0.000144;0.005868
1;0.000190;0.007569
1;0.000127;0.004951
1;0.000135;0.005471
1;0.000127;0.005064
1;0.000167;0.005608
1;0.000161;0.005250
1;0.000180;0.004960
1;0.000149;0.005908
1;0.000108;0.003402
1;0.000138;0.004498
1;0.000114;0.004256
1;0.000145;0.008003
1;0.000117;0.005397
1;0.000137;0.005678
1;0.000253;0.004845
1;0.000212;0.004981
