nThread;timeInit;timeCount
4;0.000736;0.024531
4;0.000240;0.018370
4;0.000739;0.021102
4;0.000096;0.018635
4;0.000250;0.018542
4;0.000383;0.024628
4;0.000801;0.019866
4;0.000090;0.019470
4;0.000411;0.019127
4;0.001097;0.019937
4;0.000890;0.018442
4;0.000935;0.018335
4;0.000420;0.019166
4;0.000094;0.020745
4;0.000514;0.018535
4;0.000117;0.018602
4;0.000095;0.019424
4;0.000452;0.019260
4;0.000432;0.018463
4;0.000098;0.018478
