nThread;timeInit;timeCount
2;0.000125;0.011194
2;0.000106;0.009288
2;0.000091;0.009073
2;0.000240;0.008539
2;0.000167;0.011491
2;0.000087;0.008883
2;0.000744;0.008129
2;0.000121;0.009714
2;0.000860;0.007924
2;0.000118;0.009586
2;0.000109;0.008470
2;0.000100;0.008507
2;0.000629;0.011225
2;0.000427;0.007881
2;0.000096;0.008223
2;0.000096;0.008631
2;0.000720;0.008485
2;0.000330;0.008977
2;0.000152;0.008716
2;0.000095;0.008006
