nThread;timeInit;timeCount
16;0.026836;0.804551
16;0.019119;0.712073
16;0.038648;0.896228
16;0.014754;0.591154
16;0.020844;0.538552
16;0.009241;0.524543
16;0.026849;1.146113
16;0.025485;0.335975
16;0.009502;0.915147
16;0.000560;0.542986
16;0.026713;0.445642
16;0.000953;0.603863
16;0.019270;0.463145
16;0.036501;0.930187
16;0.056756;0.756272
16;0.027819;0.586757
16;0.017689;0.754020
16;0.002624;0.451432
16;0.019888;0.564171
16;0.009297;0.644001
