nThread;timeInit;timeCount
1;0.000172;0.003642
1;0.000250;0.003871
1;0.000236;0.003549
1;0.000172;0.003232
1;0.000164;0.003908
1;0.000160;0.003986
1;0.000162;0.002990
1;0.000168;0.002967
1;0.000179;0.003933
1;0.000199;0.003350
1;0.000248;0.003704
1;0.000171;0.004063
1;0.000164;0.003543
1;0.000178;0.003324
1;0.000167;0.003216
1;0.000163;0.002840
1;0.000156;0.002828
1;0.000289;0.004490
1;0.000162;0.003377
1;0.000193;0.003431
