nThread;timeInit;timeCount
1;0.123414;0.052959
1;0.120364;0.053774
1;0.135563;0.060949
1;0.119089;0.053375
1;0.119007;0.054454
1;0.124249;0.052619
1;0.120265;0.052034
1;0.120129;0.052706
1;0.120757;0.052876
1;0.131235;0.068981
1;0.118130;0.053580
1;0.122308;0.054409
1;0.119689;0.054889
1;0.121433;0.054053
1;0.115792;0.053491
1;0.122634;0.052580
1;0.120007;0.054469
1;0.119929;0.051760
1;0.126552;0.055321
1;0.120252;0.053306
