nThread;timeInit;timeCount
2;0.079627;0.080447
2;0.088167;0.083600
2;0.085526;0.080035
2;0.085703;0.078667
2;0.090804;0.080909
2;0.109035;0.097637
2;0.081091;0.086195
2;0.082813;0.080211
2;0.077755;0.081538
2;0.081924;0.078159
2;0.076664;0.082372
2;0.082105;0.078845
2;0.082169;0.077214
2;0.083820;0.089491
2;0.101124;0.093215
2;0.099177;0.087067
2;0.078895;0.089548
2;0.083060;0.094009
2;0.084563;0.088515
2;0.081870;0.084884
