nThread;timeInit;timeCount
1;0.150069;0.080646
1;0.152513;0.080053
1;0.147864;0.081591
1;0.147467;0.080816
1;0.148107;0.078207
1;0.147926;0.082169
1;0.150192;0.083672
1;0.146207;0.079249
1;0.148770;0.077353
1;0.149858;0.077194
1;0.142066;0.078737
1;0.143027;0.076883
1;0.147212;0.076157
1;0.143327;0.076102
1;0.144578;0.086278
1;0.160928;0.076394
1;0.147005;0.083658
1;0.145597;0.077111
1;0.144293;0.082623
1;0.143831;0.077207
