nThread;timeInit;timeCount
16;0.507922;1.164115
16;0.439850;1.644433
16;0.607072;1.098009
16;0.698238;1.773624
16;0.606452;1.114236
16;0.227740;1.503460
16;0.069830;1.722239
16;0.140101;1.451505
16;0.127945;1.285795
16;0.427104;1.816308
16;0.216894;1.164469
16;0.296974;1.194375
16;0.107531;0.886072
16;0.395695;1.333773
16;0.197125;1.577635
16;0.473141;1.089041
16;0.413683;1.307141
16;0.378555;1.667688
16;0.736642;1.254560
16;0.117759;1.452942
