nThread;timeInit;timeCount
8;0.002840;0.005545
8;0.006478;0.010899
8;0.003422;0.004513
8;0.003672;0.008318
8;0.003447;0.013022
8;0.007102;0.016928
8;0.001831;0.014505
8;0.001006;0.017944
8;0.000984;0.019370
8;0.004922;0.010290
8;0.004663;0.005683
8;0.002531;0.012060
8;0.002604;0.011178
8;0.001229;0.015666
8;0.000995;0.003019
8;0.001070;0.003073
8;0.000907;0.003199
8;0.000652;0.003147
8;0.001184;0.003573
8;0.000612;0.003604
