nThread;timeInit;timeCount
2;0.001153;0.001996
2;0.000956;0.001817
2;0.000999;0.001825
2;0.000874;0.001823
2;0.000984;0.001892
2;0.001401;0.001853
2;0.000984;0.001606
2;0.001256;0.001934
2;0.000998;0.001804
2;0.001428;0.001768
2;0.001024;0.002335
2;0.001002;0.001961
2;0.001624;0.001906
2;0.001036;0.001879
2;0.001064;0.001890
2;0.001020;0.002098
2;0.001043;0.001829
2;0.001103;0.001863
2;0.000993;0.001895
2;0.001096;0.001876
