nThread;timeInit;timeCount
16;0.046530;0.300487
16;0.018018;0.290507
16;0.036722;0.360355
16;0.001009;0.327053
16;0.046841;0.150522
16;0.029023;0.208089
16;0.019231;0.308008
16;0.028870;0.258263
16;0.028887;0.248233
16;0.028512;0.348454
16;0.026796;0.350300
16;0.000926;0.339007
16;0.041910;0.271815
16;0.026942;0.240294
16;0.009440;0.338169
16;0.001075;0.407472
16;0.019461;0.407761
16;0.009898;0.268215
16;0.037719;0.220590
16;0.028952;0.298135
