nThread;timeInit;timeCount
1;0.001606;0.001565
1;0.002019;0.001639
1;0.001316;0.001561
1;0.001319;0.001565
1;0.001794;0.001532
1;0.001713;0.001671
1;0.001336;0.001517
1;0.001842;0.001751
1;0.001663;0.001895
1;0.001388;0.001612
1;0.001253;0.001360
1;0.001305;0.001513
1;0.001343;0.001496
1;0.001376;0.001533
1;0.001426;0.001776
1;0.001302;0.001808
1;0.001245;0.001364
1;0.001403;0.001521
1;0.001303;0.001651
1;0.001412;0.001620
