nThread;timeInit;timeCount
4;0.001051;0.002465
4;0.000925;0.002538
4;0.001114;0.002190
4;0.001137;0.002084
4;0.001020;0.002197
4;0.001096;0.002289
4;0.001028;0.002495
4;0.001106;0.002170
4;0.001057;0.002457
4;0.001236;0.002178
4;0.001108;0.002684
4;0.001058;0.002163
4;0.001335;0.002279
4;0.001193;0.002330
4;0.001035;0.002396
4;0.000935;0.002183
4;0.001143;0.002483
4;0.001180;0.002413
4;0.001740;0.002147
4;0.001029;0.002177
