nThread;timeInit;timeCount
8;0.001600;0.044739
8;0.005124;0.049678
8;0.001064;0.059261
8;0.005668;0.041111
8;0.002096;0.051020
8;0.000233;0.045320
8;0.007725;0.045981
8;0.019805;0.049240
8;0.003508;0.042190
8;0.000708;0.036739
8;0.000080;0.034655
8;0.000458;0.041421
8;0.000699;0.033695
8;0.005201;0.061646
8;0.001640;0.042651
8;0.001706;0.039276
8;0.003742;0.045042
8;0.006240;0.037984
8;0.000091;0.039069
8;0.000135;0.051560
