nThread;timeInit;timeCount
1;0.000149;0.006660
1;0.000175;0.006234
1;0.000136;0.004336
1;0.000129;0.004470
1;0.000142;0.005044
1;0.000130;0.005810
1;0.000180;0.006117
1;0.000139;0.004467
1;0.000131;0.004375
1;0.000159;0.004472
1;0.000133;0.005605
1;0.000143;0.005828
1;0.000223;0.004873
1;0.000139;0.004328
1;0.000128;0.005210
1;0.000130;0.004797
1;0.000172;0.005600
1;0.000232;0.004866
1;0.000136;0.005182
1;0.000135;0.005300
