nThread;timeInit;timeCount
16;0.028434;0.563089
16;0.036703;1.115190
16;0.000857;0.769990
16;0.048713;0.564347
16;0.028843;1.199083
16;0.053597;0.606771
16;0.034947;0.776747
16;0.028985;1.014377
16;0.006651;1.010054
16;0.029066;0.552880
16;0.000583;0.651493
16;0.026775;0.726668
16;0.019014;0.502857
16;0.027399;1.194816
16;0.032716;0.548050
16;0.010586;0.773398
16;0.028644;0.772991
16;0.000588;0.945286
16;0.000661;0.614371
16;0.000594;0.608365
