nThread;timeInit;timeCount
4;0.000699;0.020438
4;0.000107;0.018624
4;0.000104;0.024697
4;0.000097;0.020210
4;0.000577;0.016824
4;0.000562;0.016953
4;0.000093;0.015901
4;0.000072;0.017884
4;0.000092;0.015089
4;0.000560;0.019320
4;0.000077;0.017415
4;0.000427;0.016967
4;0.000492;0.017949
4;0.000063;0.019067
4;0.000444;0.017924
4;0.000665;0.018737
4;0.000965;0.019717
4;0.000370;0.023039
4;0.000648;0.019994
4;0.000720;0.018538
