nThread;timeInit;timeCount
2;0.000261;0.014491
2;0.000118;0.010523
2;0.000518;0.008258
2;0.000128;0.008160
2;0.000107;0.008250
2;0.000291;0.007797
2;0.000146;0.010403
2;0.000359;0.013049
2;0.000101;0.009507
2;0.000167;0.010435
2;0.000102;0.009215
2;0.000134;0.012086
2;0.000087;0.008860
2;0.000089;0.008655
2;0.000557;0.008092
2;0.000146;0.009332
2;0.000093;0.008775
2;0.000093;0.008049
2;0.000844;0.009387
2;0.000160;0.009967
