nThread;timeInit;timeCount
1;0.000176;0.003587
1;0.000291;0.003753
1;0.000292;0.002993
1;0.000200;0.002970
1;0.000189;0.002897
1;0.000300;0.003949
1;0.000365;0.004917
1;0.000212;0.003015
1;0.000168;0.004703
1;0.000254;0.003637
1;0.000175;0.003789
1;0.000165;0.003012
1;0.000159;0.002926
1;0.000160;0.002847
1;0.000159;0.002839
1;0.000189;0.002854
1;0.000182;0.002969
1;0.000203;0.004138
1;0.000179;0.003595
1;0.000177;0.003903
