nThread;timeInit;timeCount
16;0.035650;0.290365
16;0.028636;0.229967
16;0.018011;0.226457
16;0.001081;0.297394
16;0.001387;0.186470
16;0.037116;0.230492
16;0.005584;0.280527
16;0.009881;0.256208
16;0.028773;0.208903
16;0.027815;0.180335
16;0.016670;0.216005
16;0.038153;0.200346
16;0.003533;0.197794
16;0.027558;0.241511
16;0.011437;0.248455
16;0.001528;0.155626
16;0.030648;0.236664
16;0.037543;0.242037
16;0.046611;0.280312
16;0.036737;0.280345
