nThread;timeInit;timeCount
8;0.005884;0.013412
8;0.001661;0.011145
8;0.004051;0.009493
8;0.004456;0.007471
8;0.004909;0.008099
8;0.003228;0.006875
8;0.002032;0.004315
8;0.006880;0.007424
8;0.005648;0.017716
8;0.005796;0.004027
8;0.000749;0.006116
8;0.000582;0.000921
8;0.001376;0.000977
8;0.000554;0.000829
8;0.000983;0.001355
8;0.000482;0.000874
8;0.000511;0.000793
8;0.005315;0.007644
8;0.003748;0.015561
8;0.002600;0.008463
