nThread;timeInit;timeCount
1;0.000143;0.008427
1;0.000170;0.006089
1;0.000144;0.005743
1;0.000136;0.005880
1;0.000238;0.007833
1;0.000132;0.005708
1;0.000250;0.006855
1;0.000155;0.004931
1;0.000145;0.005490
1;0.000137;0.006329
1;0.000237;0.005949
1;0.000149;0.005269
1;0.000209;0.006808
1;0.000160;0.005735
1;0.000157;0.005915
1;0.000137;0.006574
1;0.000191;0.006062
1;0.000149;0.005133
1;0.000133;0.006991
1;0.000187;0.006323
