nThread;timeInit;timeCount
16;0.030532;0.473246
16;0.000586;0.619615
16;0.036722;1.141010
16;0.021732;0.815966
16;0.046193;0.802656
16;0.046453;0.692658
16;0.010447;1.001943
16;0.023896;0.452669
16;0.018880;1.000308
16;0.019247;0.680425
16;0.000510;0.698893
16;0.009394;0.470753
16;0.010525;0.620522
16;0.026741;0.762319
16;0.000558;1.109756
16;0.036772;0.691972
16;0.026576;0.692517
16;0.027913;0.781485
16;0.010575;0.900291
16;0.011209;0.669343
