nThread;timeInit;timeCount
2;0.000484;0.021484
2;0.000087;0.009928
2;0.000090;0.009257
2;0.000295;0.008939
2;0.000571;0.009076
2;0.000183;0.009626
2;0.000098;0.008949
2;0.000660;0.010419
2;0.000098;0.009838
2;0.000140;0.009868
2;0.000089;0.008822
2;0.000101;0.009608
2;0.000694;0.010907
2;0.000105;0.008937
2;0.000113;0.008349
2;0.000123;0.009706
2;0.000096;0.008673
2;0.000109;0.009405
2;0.000407;0.009815
2;0.000097;0.008016
