nThread;timeInit;timeCount
8;0.004625;0.043312
8;0.000615;0.039792
8;0.000725;0.037637
8;0.003163;0.041785
8;0.000091;0.036657
8;0.004353;0.039953
8;0.004882;0.059440
8;0.000084;0.034431
8;0.000079;0.032573
8;0.000105;0.032332
8;0.004018;0.043831
8;0.004159;0.040146
8;0.004105;0.035320
8;0.004172;0.045403
8;0.000617;0.045727
8;0.001095;0.044507
8;0.004679;0.039053
8;0.003290;0.034421
8;0.002220;0.033366
8;0.005025;0.043423
