nThread;timeInit;timeCount
1;0.000167;0.006086
1;0.000170;0.007106
1;0.000177;0.005670
1;0.000262;0.006338
1;0.000206;0.005966
1;0.000166;0.006432
1;0.000165;0.006270
1;0.000177;0.007116
1;0.000211;0.006409
1;0.000179;0.005720
1;0.000224;0.005817
1;0.000186;0.005897
1;0.000178;0.006918
1;0.000230;0.006851
1;0.000172;0.006462
1;0.000181;0.006079
1;0.000174;0.005140
1;0.000157;0.005607
1;0.000173;0.006909
1;0.000167;0.006320
