nThread;timeInit;timeCount
4;0.000055;0.024071
4;0.000099;0.017586
4;0.000968;0.017084
4;0.000092;0.018486
4;0.000148;0.017422
4;0.001024;0.019575
4;0.000471;0.018348
4;0.000932;0.018100
4;0.000424;0.016798
4;0.000422;0.018155
4;0.000397;0.019449
4;0.000382;0.017359
4;0.000563;0.017604
4;0.000097;0.017969
4;0.000775;0.018066
4;0.000141;0.018686
4;0.000412;0.017159
4;0.000938;0.017764
4;0.000632;0.017346
4;0.000094;0.016731
