nThread;timeInit;timeCount
2;0.012102;0.014288
2;0.010383;0.013448
2;0.010494;0.013743
2;0.010607;0.013516
2;0.012176;0.015509
2;0.009825;0.013541
2;0.011141;0.014825
2;0.010409;0.013742
2;0.012802;0.017787
2;0.014621;0.013723
2;0.010651;0.013329
2;0.010470;0.013587
2;0.010787;0.013691
2;0.010986;0.016161
2;0.009954;0.013545
2;0.011604;0.016288
2;0.010739;0.013476
2;0.014459;0.014407
2;0.010240;0.013566
2;0.010391;0.013592
