nThread;timeInit;timeCount
4;0.009347;0.015441
4;0.010384;0.015330
4;0.009183;0.016575
4;0.009450;0.013760
4;0.011681;0.016527
4;0.011337;0.020127
4;0.011262;0.018144
4;0.009338;0.014440
4;0.009368;0.014440
4;0.010157;0.016007
4;0.009583;0.015180
4;0.009645;0.014788
4;0.012509;0.013818
4;0.010949;0.015517
4;0.010242;0.013868
4;0.010335;0.014484
4;0.011172;0.014201
4;0.008999;0.016104
4;0.010735;0.017561
4;0.009810;0.014979
