nThread;timeInit;timeCount
1;0.016525;0.015842
1;0.015875;0.016051
1;0.016492;0.015987
1;0.016736;0.015521
1;0.017173;0.017343
1;0.016181;0.016033
1;0.016766;0.015827
1;0.015949;0.016184
1;0.015866;0.016740
1;0.015657;0.015734
1;0.015942;0.015425
1;0.015631;0.015662
1;0.017601;0.015487
1;0.017180;0.015384
1;0.015215;0.015628
1;0.015200;0.016096
1;0.016784;0.015636
1;0.015604;0.015635
1;0.015043;0.015515
1;0.018271;0.015653
