nThread;timeInit;timeCount
8;0.017384;0.030480
8;0.047553;0.050996
8;0.036960;0.044914
8;0.017382;0.058368
8;0.041785;0.026752
8;0.023362;0.049771
8;0.043378;0.050810
8;0.032109;0.051933
8;0.032405;0.041154
8;0.037493;0.028077
8;0.026313;0.049086
8;0.033287;0.042610
8;0.016821;0.051202
8;0.019728;0.025839
8;0.049839;0.040508
8;0.038095;0.051350
8;0.038500;0.060409
8;0.037196;0.055180
8;0.039406;0.055121
8;0.041522;0.056199
