nThread;timeInit;timeCount
1;0.059400;0.062606
1;0.052194;0.065092
1;0.051631;0.057322
1;0.053396;0.060150
1;0.053852;0.059554
1;0.053808;0.058608
1;0.054475;0.062190
1;0.051621;0.059462
1;0.051279;0.061151
1;0.054237;0.059219
1;0.051648;0.058579
1;0.055196;0.061945
1;0.047314;0.060533
1;0.051544;0.059246
1;0.052637;0.057915
1;0.050984;0.058269
1;0.049145;0.058313
1;0.050293;0.063361
1;0.058786;0.061027
1;0.056991;0.065050
