nThread;timeInit;timeCount
16;0.746654;0.810024
16;0.747397;0.909720
16;0.816758;0.840002
16;0.808442;0.909221
16;0.787723;1.000288
16;0.625844;1.173175
16;0.896587;0.969996
16;0.777187;0.980251
16;0.753544;0.750022
16;0.816500;0.810153
16;0.596847;0.970105
16;0.736825;0.989129
16;0.644685;0.999999
16;0.668847;1.037926
16;0.737818;1.100080
16;0.717827;0.989699
16;0.895265;0.999990
16;0.585748;0.769330
16;0.667914;0.761972
16;0.815502;0.954262
