nThread;timeInit;timeCount
1;0.107225;0.090225
1;0.108930;0.107251
1;0.105872;0.104979
1;0.106922;0.091668
1;0.108938;0.094352
1;0.110500;0.094869
1;0.128467;0.105460
1;0.127127;0.128904
1;0.132512;0.106177
1;0.134317;0.149760
1;0.113382;0.099008
1;0.114362;0.098181
1;0.105351;0.087746
1;0.107005;0.095882
1;0.109274;0.094013
1;0.110427;0.096761
1;0.107341;0.094756
1;0.100430;0.083944
1;0.103684;0.092003
1;0.108961;0.092832
