nThread;timeInit;timeCount
1;0.123233;0.119567
1;0.122000;0.120018
1;0.123336;0.120334
1;0.123067;0.117638
1;0.122251;0.120097
1;0.122613;0.120912
1;0.122235;0.119082
1;0.122005;0.118421
1;0.124256;0.119669
1;0.121971;0.117830
1;0.123034;0.121483
1;0.122587;0.121660
1;0.124704;0.095407
1;0.098829;0.099670
1;0.111955;0.119902
1;0.122911;0.119098
1;0.122524;0.120317
1;0.129530;0.120666
1;0.123746;0.119199
1;0.120775;0.120793
