nThread;timeInit;timeCount
4;0.057290;0.100099
4;0.057596;0.094251
4;0.068478;0.093613
4;0.065777;0.101126
4;0.063226;0.097597
4;0.066970;0.100139
4;0.079581;0.098623
4;0.068852;0.093822
4;0.055782;0.096361
4;0.067203;0.069182
4;0.056209;0.096091
4;0.068808;0.103080
4;0.070920;0.102436
4;0.060079;0.096115
4;0.056157;0.096761
4;0.052743;0.090635
4;0.059578;0.115403
4;0.071341;0.093052
4;0.058754;0.084754
4;0.072777;0.095766
