nThread;timeInit;timeCount
16;0.436982;0.562443
16;0.278229;1.011947
16;0.181816;0.838798
16;0.208064;0.752537
16;0.447872;0.717642
16;0.287519;0.732182
16;0.070276;0.489719
16;0.077732;0.412784
16;0.787229;0.781754
16;0.627951;0.584783
16;0.526267;0.677868
16;0.384469;0.771535
16;0.436870;0.882022
16;0.184314;0.362949
16;0.578465;0.872694
16;0.478236;0.612118
16;0.259182;1.030920
16;0.117235;0.446572
16;0.488130;0.872384
16;0.198360;0.862393
