nThread;timeInit;timeCount
2;0.082524;0.092834
2;0.075546;0.099424
2;0.076739;0.085711
2;0.075451;0.085464
2;0.083637;0.085458
2;0.076102;0.086235
2;0.075374;0.092913
2;0.075630;0.092686
2;0.079624;0.085362
2;0.075479;0.095660
2;0.096642;0.095007
2;0.079899;0.105356
2;0.083473;0.096528
2;0.076846;0.093131
2;0.070968;0.083149
2;0.063458;0.071067
2;0.062715;0.078197
2;0.076191;0.088380
2;0.074610;0.087426
2;0.077372;0.090160
