nThread;timeInit;timeCount
8;0.053777;0.132742
8;0.057868;0.132770
8;0.048285;0.141052
8;0.051459;0.138195
8;0.058411;0.097895
8;0.048314;0.104499
8;0.064234;0.116815
8;0.051874;0.130775
8;0.056049;0.122393
8;0.052920;0.119244
8;0.060461;0.138689
8;0.068995;0.141450
8;0.063130;0.150030
8;0.117108;0.156823
8;0.057868;0.173892
8;0.048293;0.112393
8;0.049958;0.106859
8;0.054114;0.118268
8;0.051818;0.100391
8;0.053619;0.128019
