nThread;timeInit;timeCount
8;0.015382;0.016939
8;0.012186;0.015456
8;0.008210;0.016891
8;0.011248;0.026322
8;0.007255;0.020549
8;0.005480;0.024139
8;0.008716;0.007992
8;0.008645;0.027774
8;0.010314;0.018616
8;0.008814;0.026927
8;0.011585;0.021193
8;0.011353;0.013877
8;0.006258;0.013574
8;0.011319;0.017679
8;0.008144;0.007331
8;0.009602;0.024977
8;0.006595;0.019855
8;0.008710;0.022019
8;0.006719;0.022422
8;0.008274;0.022190
