nThread;timeInit;timeCount
1;0.015039;0.010472
1;0.013100;0.009989
1;0.015123;0.010096
1;0.017308;0.011355
1;0.013147;0.009799
1;0.013192;0.010110
1;0.012546;0.009701
1;0.013739;0.009703
1;0.012811;0.009842
1;0.015972;0.011035
1;0.013359;0.009859
1;0.013914;0.009850
1;0.012833;0.009602
1;0.012402;0.009766
1;0.014854;0.011813
1;0.015487;0.011748
1;0.014162;0.009856
1;0.013764;0.009679
1;0.012228;0.009663
1;0.014596;0.010089
