nThread;timeInit;timeCount
2;0.009661;0.009549
2;0.009638;0.007949
2;0.008858;0.007967
2;0.012136;0.010041
2;0.008264;0.008047
2;0.008854;0.007978
2;0.009757;0.011286
2;0.011911;0.013656
2;0.008579;0.009303
2;0.012563;0.014050
2;0.010226;0.012608
2;0.010391;0.012316
2;0.011681;0.010789
2;0.012129;0.011856
2;0.009949;0.009521
2;0.010279;0.009501
2;0.009516;0.010908
2;0.011711;0.012051
2;0.010292;0.011144
2;0.011608;0.008865
