nThread;timeInit;timeCount
1;0.013918;0.009658
1;0.013257;0.008040
1;0.014111;0.008453
1;0.014916;0.009424
1;0.013388;0.009353
1;0.012284;0.008056
1;0.013709;0.007627
1;0.013754;0.007622
1;0.014516;0.007671
1;0.013259;0.008804
1;0.012552;0.008846
1;0.012841;0.009006
1;0.012569;0.008866
1;0.017036;0.008966
1;0.014719;0.010913
1;0.017420;0.008471
1;0.014367;0.009010
1;0.013781;0.008722
1;0.016147;0.009759
1;0.014903;0.010558
