nThread;timeInit;timeCount
16;0.076904;0.315864
16;0.028176;0.314223
16;0.059753;0.254130
16;0.038687;0.293006
16;0.077080;0.274179
16;0.107232;0.244176
16;0.065456;0.304148
16;0.027126;0.273664
16;0.066092;0.327618
16;0.067450;0.245130
16;0.028561;0.263346
16;0.085954;0.285623
16;0.033444;0.287282
16;0.047577;0.334015
16;0.047662;0.314501
16;0.022214;0.213838
16;0.066436;0.243993
16;0.086773;0.323843
16;0.021101;0.209656
16;0.076592;0.303444
