nThread;timeInit;timeCount
4;0.007548;0.008996
4;0.007756;0.009720
4;0.007993;0.009559
4;0.008087;0.008947
4;0.007612;0.009039
4;0.009135;0.008685
4;0.007735;0.009676
4;0.007592;0.008800
4;0.008083;0.008862
4;0.007879;0.009095
4;0.006989;0.009210
4;0.008452;0.008621
4;0.007175;0.009617
4;0.010168;0.009356
4;0.008007;0.009210
4;0.006714;0.009318
4;0.008085;0.009806
4;0.008142;0.008607
4;0.008333;0.009427
4;0.006933;0.008455
