nThread;timeInit;timeCount
16;0.528442;0.976683
16;0.738063;1.779980
16;0.847451;1.849645
16;0.787314;1.919978
16;0.628002;1.529420
16;0.816998;1.089976
16;0.767660;1.209981
16;0.848694;1.949956
16;0.717341;1.310004
16;0.496481;1.110621
16;0.699915;1.277699
16;0.686378;1.239953
16;0.646593;1.149971
16;0.648460;1.589962
16;0.856700;1.429552
16;0.947556;0.981911
16;0.718077;1.299983
16;0.697252;1.549824
16;0.727365;1.709951
16;0.616859;1.449796
