nThread;timeInit;timeCount
2;0.011803;0.026329
2;0.013268;0.025917
2;0.011189;0.022932
2;0.010336;0.021929
2;0.011262;0.024415
2;0.010170;0.020972
2;0.012321;0.021396
2;0.009640;0.020769
2;0.009841;0.021960
2;0.010469;0.021342
2;0.010785;0.021809
2;0.014075;0.025572
2;0.010056;0.022678
2;0.009323;0.021463
2;0.009693;0.021767
2;0.009629;0.021184
2;0.009731;0.022776
2;0.010486;0.021735
2;0.009477;0.021564
2;0.011537;0.020816
