nThread;timeInit;timeCount
8;0.038251;0.102842
8;0.042162;0.093849
8;0.034146;0.097529
8;0.046946;0.077661
8;0.023601;0.088118
8;0.011797;0.067124
8;0.033293;0.073468
8;0.038021;0.064983
8;0.034417;0.122910
8;0.034106;0.089712
8;0.031075;0.075543
8;0.037223;0.080264
8;0.038508;0.102350
8;0.037600;0.083841
8;0.031435;0.085906
8;0.043820;0.100980
8;0.037021;0.086776
8;0.032545;0.074064
8;0.049541;0.077628
8;0.042078;0.081425
