nThread;timeInit;timeCount
1;0.014836;0.020881
1;0.014989;0.018190
1;0.014471;0.018242
1;0.014313;0.017919
1;0.017715;0.017780
1;0.016592;0.019306
1;0.013630;0.017971
1;0.013687;0.019314
1;0.015251;0.019485
1;0.014044;0.018017
1;0.013555;0.019078
1;0.015280;0.018037
1;0.014405;0.018086
1;0.015905;0.023675
1;0.013824;0.017994
1;0.016892;0.022335
1;0.016825;0.018764
1;0.014631;0.020020
1;0.017032;0.018194
1;0.013823;0.018128
