nThread;timeInit;timeCount
4;0.008835;0.033958
4;0.009802;0.030325
4;0.009213;0.033732
4;0.009939;0.030936
4;0.010443;0.032436
4;0.009571;0.032950
4;0.007615;0.032887
4;0.009168;0.030929
4;0.009064;0.031315
4;0.008785;0.032007
4;0.008714;0.032099
4;0.008795;0.032773
4;0.009765;0.037183
4;0.008856;0.030501
4;0.008831;0.031584
4;0.008817;0.031005
4;0.008634;0.031765
4;0.008630;0.032363
4;0.014672;0.038671
4;0.010889;0.038098
