nThread;timeInit;timeCount
1;0.057364;0.070971
1;0.061527;0.069649
1;0.062053;0.068942
1;0.058693;0.070597
1;0.062567;0.069815
1;0.064722;0.068406
1;0.056527;0.066686
1;0.057859;0.067555
1;0.063827;0.069306
1;0.059479;0.072253
1;0.058628;0.068904
1;0.059384;0.066117
1;0.054821;0.068510
1;0.061960;0.067827
1;0.056883;0.072719
1;0.058233;0.068789
1;0.056561;0.072016
1;0.068453;0.069720
1;0.060033;0.069165
1;0.056915;0.068222
