nThread;timeInit;timeCount
1;0.015592;0.004082
1;0.013457;0.003086
1;0.013029;0.003034
1;0.013903;0.003278
1;0.014466;0.003146
1;0.013153;0.003126
1;0.016001;0.003400
1;0.013997;0.003101
1;0.013587;0.003096
1;0.013615;0.003195
1;0.012975;0.003005
1;0.013066;0.002971
1;0.012831;0.003043
1;0.013748;0.002974
1;0.012898;0.003095
1;0.012968;0.002986
1;0.013170;0.003082
1;0.013064;0.003702
1;0.015885;0.003794
1;0.014032;0.003230
