nThread;timeInit;timeCount
4;0.008779;0.004520
4;0.008738;0.004095
4;0.008333;0.004095
4;0.008109;0.004312
4;0.007597;0.004475
4;0.007077;0.004514
4;0.006344;0.003999
4;0.010669;0.003740
4;0.007032;0.004177
4;0.007060;0.004306
4;0.008298;0.004041
4;0.008631;0.004331
4;0.008878;0.004061
4;0.006406;0.004118
4;0.008830;0.004112
4;0.009923;0.004182
4;0.008633;0.004144
4;0.009501;0.003823
4;0.008990;0.004014
4;0.008168;0.004106
