nThread;timeInit;timeCount
8;0.009091;0.010876
8;0.007803;0.009181
8;0.013440;0.009681
8;0.006171;0.009984
8;0.009728;0.007430
8;0.011502;0.012902
8;0.006948;0.007813
8;0.007456;0.012352
8;0.007145;0.008522
8;0.007625;0.010948
8;0.007288;0.003208
8;0.008523;0.003592
8;0.011005;0.019953
8;0.011598;0.014719
8;0.009653;0.010945
8;0.006495;0.014426
8;0.009428;0.014089
8;0.009535;0.010841
8;0.007795;0.011826
8;0.012616;0.010282
