nThread;timeInit;timeCount
4;0.000958;0.024606
4;0.001600;0.034653
4;0.001081;0.020231
4;0.001625;0.022253
4;0.001598;0.020277
4;0.002908;0.024497
4;0.001521;0.022890
4;0.001297;0.020577
4;0.001103;0.023320
4;0.001135;0.024029
4;0.001003;0.023324
4;0.001123;0.020456
4;0.001119;0.022094
4;0.001093;0.022621
4;0.001099;0.021063
4;0.001279;0.022464
4;0.001244;0.020140
4;0.001254;0.022314
4;0.001973;0.022795
4;0.001187;0.022979
