nThread;timeInit;timeCount
1;0.002130;0.008116
1;0.001635;0.007729
1;0.001556;0.007835
1;0.001822;0.006314
1;0.001385;0.006318
1;0.001458;0.006403
1;0.001332;0.006375
1;0.001328;0.007268
1;0.001440;0.006774
1;0.001602;0.007985
1;0.001500;0.007167
1;0.001563;0.007235
1;0.001607;0.007547
1;0.001661;0.007263
1;0.001132;0.005665
1;0.001328;0.006015
1;0.001367;0.006363
1;0.001390;0.006308
1;0.001378;0.007290
1;0.001395;0.007193
