nThread;timeInit;timeCount
1;0.001751;0.009072
1;0.001163;0.007898
1;0.001165;0.008208
1;0.001695;0.008226
1;0.001211;0.006004
1;0.001178;0.007458
1;0.001252;0.008040
1;0.001386;0.006365
1;0.001183;0.006676
1;0.001114;0.007248
1;0.001150;0.008199
1;0.001574;0.006443
1;0.001228;0.005972
1;0.001162;0.008641
1;0.001588;0.006762
1;0.001180;0.006072
1;0.001287;0.006296
1;0.001369;0.008462
1;0.001438;0.008174
1;0.001155;0.006174
