nThread;timeInit;timeCount
8;0.004188;0.046901
8;0.000640;0.047940
8;0.006516;0.047921
8;0.005154;0.048614
8;0.000596;0.078382
8;0.005465;0.056385
8;0.004853;0.051146
8;0.008276;0.059494
8;0.000673;0.043407
8;0.000680;0.044209
8;0.000672;0.045139
8;0.002854;0.046993
8;0.001683;0.037534
8;0.001066;0.038501
8;0.000638;0.037132
8;0.004423;0.044188
8;0.001279;0.043041
8;0.005965;0.043162
8;0.004161;0.045599
8;0.002493;0.047302
