nThread;timeInit;timeCount
16;0.035791;0.849924
16;0.001182;1.007893
16;0.026730;0.477667
16;0.019249;0.713849
16;0.010703;0.803390
16;0.036541;0.524188
16;0.001162;0.606910
16;0.037020;0.948322
16;0.037241;1.106821
16;0.037676;0.533617
16;0.019067;1.194308
16;0.010800;0.453430
16;0.005247;0.588603
16;0.047076;0.766475
16;0.019266;0.698941
16;0.038725;0.879854
16;0.026586;0.795908
16;0.001085;0.512619
16;0.010402;0.734215
16;0.010673;0.403685
