nThread;timeInit;timeCount
2;0.001842;0.012700
2;0.000796;0.010062
2;0.000834;0.009605
2;0.001020;0.009838
2;0.001308;0.011447
2;0.001496;0.010939
2;0.000970;0.011633
2;0.001532;0.011538
2;0.001406;0.011189
2;0.001138;0.011632
2;0.001969;0.011641
2;0.000962;0.011135
2;0.000956;0.010671
2;0.001073;0.010906
2;0.001100;0.011141
2;0.001159;0.016157
2;0.001379;0.011581
2;0.001099;0.011223
2;0.001569;0.011409
2;0.001152;0.013746
