nThread;timeInit;timeCount
4;0.000631;0.028986
4;0.000979;0.021961
4;0.001234;0.019949
4;0.000604;0.019534
4;0.000677;0.019282
4;0.000715;0.019762
4;0.001610;0.022729
4;0.001485;0.023438
4;0.000666;0.021293
4;0.001421;0.019141
4;0.001281;0.018172
4;0.000616;0.020510
4;0.000572;0.019255
4;0.000614;0.020089
4;0.000762;0.035540
4;0.008155;0.027498
4;0.000615;0.034856
4;0.000544;0.019454
4;0.001542;0.017519
4;0.000872;0.016982
