nThread;timeInit;timeCount
16;0.596002;1.250003
16;0.748342;1.339973
16;0.616397;1.389990
16;0.596811;1.139932
16;0.817199;1.378105
16;0.555576;1.732564
16;0.606503;1.319962
16;0.837584;1.588199
16;0.572303;1.219979
16;0.806377;1.269984
16;0.897710;1.570001
16;0.788316;1.312594
16;0.824386;1.760021
16;0.616503;0.959992
16;0.806310;1.391494
16;0.646879;1.350852
16;0.698791;0.810003
16;0.636628;0.909969
16;0.655297;1.222106
16;0.547697;1.216529
