nThread;timeInit;timeCount
8;0.001072;0.039723
8;0.028863;0.070755
8;0.025912;0.057897
8;0.034630;0.064616
8;0.000863;0.043328
8;0.028108;0.070040
8;0.031236;0.059373
8;0.036600;0.077597
8;0.000807;0.040191
8;0.054972;0.049273
8;0.011233;0.076231
8;0.038858;0.061060
8;0.006716;0.066153
8;0.038679;0.084627
8;0.007716;0.051784
8;0.000971;0.041537
8;0.020665;0.065392
8;0.004297;0.041099
8;0.040407;0.062771
8;0.037343;0.065894
