nThread;timeInit;timeCount
1;0.000318;0.004730
1;0.000503;0.005973
1;0.000364;0.005713
1;0.000340;0.005835
1;0.000444;0.005933
1;0.000445;0.005791
1;0.000427;0.005640
1;0.000488;0.005795
1;0.000478;0.005290
1;0.000490;0.005083
1;0.000435;0.005364
1;0.000416;0.004986
1;0.000375;0.004660
1;0.000372;0.005107
1;0.000365;0.004807
1;0.000365;0.005056
1;0.000365;0.005274
1;0.000336;0.005479
1;0.000361;0.004769
1;0.000357;0.005197
