nThread;timeInit;timeCount
2;0.000488;0.011596
2;0.000904;0.010139
2;0.000495;0.009598
2;0.000426;0.009712
2;0.000533;0.011556
2;0.000343;0.012605
2;0.000460;0.010262
2;0.000484;0.009369
2;0.000481;0.009186
2;0.000499;0.009689
2;0.000489;0.013891
2;0.000635;0.013409
2;0.000892;0.010142
2;0.000381;0.009432
2;0.000423;0.009804
2;0.000541;0.009591
2;0.000468;0.009574
2;0.000552;0.010022
2;0.000409;0.010008
2;0.000946;0.010298
