nThread;timeInit;timeCount
1;0.000619;0.006972
1;0.000455;0.006708
1;0.000516;0.007049
1;0.000667;0.009637
1;0.000490;0.016578
1;0.000510;0.007658
1;0.000664;0.006606
1;0.000437;0.006518
1;0.000665;0.007211
1;0.000538;0.005849
1;0.000462;0.006244
1;0.000449;0.007045
1;0.000628;0.007264
1;0.000454;0.006230
1;0.000612;0.007765
1;0.000476;0.006543
1;0.000432;0.006862
1;0.000561;0.006755
1;0.000547;0.005898
1;0.000453;0.007613
