nThread;timeInit;timeCount
1;0.000156;0.000036
1;0.000181;0.000075
1;0.000262;0.000038
1;0.000338;0.000082
1;0.000194;0.000041
1;0.000260;0.000040
1;0.000168;0.000037
1;0.000294;0.000055
1;0.000223;0.000044
1;0.000157;0.000036
1;0.000189;0.000037
1;0.000220;0.000044
1;0.000282;0.000052
1;0.000194;0.000038
1;0.000170;0.000039
1;0.000259;0.000055
1;0.000164;0.000036
1;0.000191;0.000037
1;0.000188;0.000111
1;0.000223;0.000045
