nThread;timeInit;timeCount
2;0.000158;0.000099
2;0.000111;0.000069
2;0.000584;0.000081
2;0.000562;0.000067
2;0.000161;0.000097
2;0.000092;0.000074
2;0.000098;0.000083
2;0.000111;0.000075
2;0.000122;0.000071
2;0.000165;0.000080
2;0.000516;0.000071
2;0.000347;0.000077
2;0.000089;0.000072
2;0.000108;0.000071
2;0.000138;0.000074
2;0.000564;0.000072
2;0.000704;0.000109
2;0.000098;0.000075
2;0.000135;0.000069
2;0.000091;0.000073
