nThread;timeInit;timeCount
1;0.015633;0.006334
1;0.015523;0.005838
1;0.015997;0.006324
1;0.017543;0.006297
1;0.015548;0.006172
1;0.014926;0.006714
1;0.016412;0.005996
1;0.017208;0.006044
1;0.014307;0.006446
1;0.016089;0.005983
1;0.015912;0.006012
1;0.015409;0.006217
1;0.015506;0.006271
1;0.016210;0.006260
1;0.015962;0.006953
1;0.014848;0.006389
1;0.016832;0.006096
1;0.016384;0.007518
1;0.015104;0.006463
1;0.015743;0.005986
