nThread;timeInit;timeCount
1;0.015554;0.007468
1;0.014790;0.006778
1;0.017275;0.009462
1;0.015618;0.007269
1;0.016475;0.007848
1;0.020966;0.008289
1;0.016293;0.008632
1;0.016854;0.008409
1;0.016279;0.008429
1;0.016022;0.008622
1;0.016800;0.009043
1;0.018224;0.008373
1;0.017671;0.009969
1;0.018196;0.008622
1;0.016569;0.007927
1;0.018901;0.009910
1;0.015714;0.007986
1;0.016135;0.008405
1;0.016242;0.007835
1;0.015387;0.007210
