nThread;timeInit;timeCount
2;0.009148;0.005870
2;0.009584;0.006137
2;0.008385;0.006030
2;0.010226;0.008832
2;0.011714;0.008527
2;0.008797;0.006094
2;0.010106;0.006693
2;0.008167;0.005705
2;0.008841;0.006103
2;0.008993;0.005995
2;0.010607;0.008326
2;0.008384;0.005951
2;0.008522;0.006078
2;0.009129;0.006221
2;0.008402;0.006226
2;0.008590;0.006256
2;0.007995;0.005722
2;0.008006;0.005661
2;0.008477;0.006155
2;0.008627;0.006018
