nThread;timeInit;timeCount
4;0.008731;0.008231
4;0.007264;0.007961
4;0.007834;0.007633
4;0.007349;0.007550
4;0.007704;0.007912
4;0.007073;0.007644
4;0.009534;0.010407
4;0.007868;0.007191
4;0.006601;0.006209
4;0.007844;0.007785
4;0.009128;0.008370
4;0.007754;0.007763
4;0.006482;0.007282
4;0.006931;0.007628
4;0.006696;0.007637
4;0.008415;0.006400
4;0.006469;0.008174
4;0.007156;0.007566
4;0.008393;0.007970
4;0.008217;0.007470
