nThread;timeInit;timeCount
8;0.007258;0.020951
8;0.012098;0.019426
8;0.009117;0.027806
8;0.011534;0.022593
8;0.009373;0.017567
8;0.009315;0.015751
8;0.008312;0.016231
8;0.010561;0.023920
8;0.010370;0.015093
8;0.012505;0.019394
8;0.008085;0.018900
8;0.014033;0.016992
8;0.014458;0.045717
8;0.010314;0.022053
8;0.011232;0.038377
8;0.019858;0.036407
8;0.012150;0.035258
8;0.010143;0.016968
8;0.008871;0.011823
8;0.010758;0.012837
