nThread;timeInit;timeCount
16;0.038759;0.323153
16;0.057171;0.292378
16;0.037745;0.322004
16;0.038755;0.362126
16;0.039052;0.382144
16;0.067389;0.332033
16;0.077172;0.332237
16;0.076542;0.372371
16;0.037979;0.392350
16;0.087091;0.412487
16;0.077297;0.322173
16;0.077447;0.472582
16;0.038258;0.292482
16;0.048231;0.362402
16;0.077172;0.412377
16;0.067010;0.392433
16;0.077025;0.402685
16;0.076541;0.282926
16;0.076844;0.382531
16;0.062623;0.436331
