nThread;timeInit;timeCount
16;0.492288;0.864865
16;0.067717;0.311342
16;0.702978;0.804144
16;0.447131;0.889567
16;0.288314;0.719193
16;0.478240;0.820315
16;0.438125;0.759766
16;0.538630;0.681556
16;0.156372;0.889437
16;0.397339;0.839821
16;0.517600;0.719593
16;0.436870;0.859772
16;0.547622;0.659495
16;0.189347;0.778211
16;0.487478;0.679579
16;0.496768;0.540167
16;0.077799;0.478961
16;0.118353;0.699548
16;0.546967;0.769723
16;0.468672;1.048073
