nThread;timeInit;timeCount
4;0.080396;0.057685
4;0.072104;0.045414
4;0.087419;0.043987
4;0.074497;0.049944
4;0.072294;0.051168
4;0.070798;0.043837
4;0.076943;0.052578
4;0.070581;0.051276
4;0.063895;0.049716
4;0.076384;0.046376
4;0.077756;0.051085
4;0.073447;0.057719
4;0.079109;0.044765
4;0.069849;0.044021
4;0.068842;0.040004
4;0.066548;0.048159
4;0.075216;0.046069
4;0.070814;0.049569
4;0.077099;0.042720
4;0.071645;0.049515
