nThread;timeInit;timeCount
2;0.081550;0.035616
2;0.076651;0.037034
2;0.075940;0.036500
2;0.076028;0.042225
2;0.096013;0.037325
2;0.075431;0.044404
2;0.085428;0.036832
2;0.084318;0.037160
2;0.077468;0.036748
2;0.081016;0.036989
2;0.078939;0.041243
2;0.074002;0.036365
2;0.084640;0.036667
2;0.085670;0.037261
2;0.075985;0.037182
2;0.091598;0.036554
2;0.082047;0.040040
2;0.094490;0.036744
2;0.085561;0.036859
2;0.076631;0.039653
