nThread;timeInit;timeCount
1;0.127440;0.036265
1;0.128424;0.035744
1;0.128067;0.036306
1;0.128452;0.037082
1;0.132028;0.038536
1;0.132610;0.038440
1;0.131721;0.036495
1;0.126846;0.037280
1;0.129137;0.036296
1;0.126344;0.037629
1;0.125256;0.036942
1;0.130208;0.037225
1;0.124734;0.036570
1;0.127746;0.036406
1;0.126403;0.035422
1;0.125534;0.036580
1;0.131028;0.036187
1;0.127962;0.036585
1;0.125409;0.037181
1;0.132074;0.037836
