nThread;timeInit;timeCount
8;0.043834;0.038504
8;0.041802;0.036773
8;0.043710;0.036882
8;0.042246;0.038098
8;0.044262;0.037614
8;0.043027;0.037809
8;0.042568;0.035477
8;0.043969;0.036682
8;0.042799;0.036201
8;0.042361;0.036504
8;0.044348;0.035956
8;0.043186;0.035449
8;0.043095;0.041430
8;0.042362;0.035878
8;0.043542;0.035371
8;0.045121;0.036802
8;0.042057;0.037437
8;0.044623;0.037923
8;0.042004;0.035793
8;0.043908;0.035397
