nThread;timeInit;timeCount
1;0.133635;0.054484
1;0.131609;0.055127
1;0.128204;0.053845
1;0.133249;0.055455
1;0.131464;0.054054
1;0.144307;0.054675
1;0.129459;0.054203
1;0.128919;0.053442
1;0.130125;0.052777
1;0.129199;0.051668
1;0.129386;0.055184
1;0.128882;0.052778
1;0.129824;0.052287
1;0.128528;0.053560
1;0.130315;0.053392
1;0.143625;0.055944
1;0.128615;0.053160
1;0.130679;0.052288
1;0.130549;0.054317
1;0.129040;0.054485
