nThread;timeInit;timeCount
2;0.001693;0.024916
2;0.000998;0.021566
2;0.001266;0.020712
2;0.000992;0.022809
2;0.001529;0.023122
2;0.001766;0.029668
2;0.001418;0.021766
2;0.001520;0.022129
2;0.001050;0.023619
2;0.001479;0.023976
2;0.001051;0.025233
2;0.001228;0.021147
2;0.001627;0.021888
2;0.001172;0.021049
2;0.001435;0.020000
2;0.002064;0.020422
2;0.000957;0.023852
2;0.001010;0.024149
2;0.000969;0.020449
2;0.001708;0.020838
