nThread;timeInit;timeCount
16;0.001106;0.835944
16;0.037900;0.904250
16;0.046710;0.652733
16;0.030140;0.533765
16;0.000987;0.743640
16;0.037293;0.734835
16;0.035883;1.229214
16;0.028958;0.526872
16;0.028270;0.776551
16;0.001040;0.705580
16;0.000977;0.706314
16;0.000962;0.766946
16;0.020044;0.676518
16;0.036121;0.674152
16;0.019614;1.155911
16;0.020995;1.014919
16;0.026823;0.419327
16;0.026546;1.038794
16;0.026572;1.169032
16;0.037529;0.890603
