nThread;timeInit;timeCount
8;0.002533;0.054521
8;0.000624;0.044811
8;0.000785;0.043551
8;0.001003;0.044738
8;0.000621;0.046751
8;0.003276;0.052940
8;0.004323;0.055244
8;0.003925;0.050993
8;0.003163;0.059116
8;0.001042;0.059529
8;0.007249;0.051850
8;0.003858;0.058114
8;0.001200;0.046493
8;0.004815;0.050783
8;0.004942;0.057547
8;0.005272;0.052664
8;0.001891;0.056688
8;0.004318;0.054904
8;0.005298;0.056110
8;0.008303;0.062084
