nThread;timeInit;timeCount
1;0.001346;0.013967
1;0.001581;0.013830
1;0.001875;0.011979
1;0.001473;0.013171
1;0.001471;0.013422
1;0.001523;0.012657
1;0.001306;0.013066
1;0.001467;0.013123
1;0.001344;0.012933
1;0.001481;0.012832
1;0.001652;0.012135
1;0.001412;0.012206
1;0.001499;0.013394
1;0.001385;0.013687
1;0.001339;0.012349
1;0.001501;0.013824
1;0.001388;0.012888
1;0.001418;0.011842
1;0.001606;0.011794
1;0.001447;0.012598
