nThread;timeInit;timeCount
4;0.001114;0.035836
4;0.001113;0.027211
4;0.001139;0.034027
4;0.001175;0.029975
4;0.001102;0.030455
4;0.001094;0.030545
4;0.001032;0.028800
4;0.001513;0.028953
4;0.001480;0.030599
4;0.000941;0.031430
4;0.001244;0.031555
4;0.000759;0.025542
4;0.000790;0.025637
4;0.001081;0.027757
4;0.000811;0.029034
4;0.001592;0.026602
4;0.000669;0.025445
4;0.000538;0.027993
4;0.001119;0.029506
4;0.001246;0.028821
