nThread;timeInit;timeCount
1;0.639004;0.531980
1;0.521686;0.510679
1;0.485450;0.484228
1;0.527947;0.557812
1;0.614300;0.497089
1;0.531921;0.495317
1;0.545322;0.516194
1;0.551310;0.507964
1;0.550641;0.685534
1;0.663088;0.540178
1;0.532210;0.492864
1;0.524941;0.514038
1;0.557457;0.540677
1;0.657602;0.616042
1;0.531374;0.525532
1;0.514400;0.552725
1;0.564858;0.526453
1;0.563135;0.628867
1;0.647146;0.523391
1;0.571765;0.552134
