nThread;timeInit;timeCount
16;0.887772;1.014628
16;0.936095;1.065586
16;0.703158;0.891432
16;0.816876;1.030856
16;0.806771;1.150530
16;0.586480;0.870079
16;0.951650;0.892822
16;0.646526;1.060251
16;0.787357;1.086834
16;0.664347;1.120359
16;0.796432;1.098350
16;0.868046;0.863562
16;0.880595;1.140345
16;0.894090;0.947190
16;0.776078;1.090360
16;0.727582;1.264714
16;0.750409;1.179559
16;0.749290;0.847223
16;0.676315;0.973874
16;0.940528;0.936588
