nThread;timeInit;timeCount
2;0.102463;0.053993
2;0.103145;0.053924
2;0.099513;0.052763
2;0.114374;0.053298
2;0.106849;0.051877
2;0.115152;0.053325
2;0.105585;0.062927
2;0.112216;0.055906
2;0.102032;0.052844
2;0.102341;0.062740
2;0.102045;0.071591
2;0.100344;0.051795
2;0.105556;0.052595
2;0.105418;0.054516
2;0.107369;0.052556
2;0.102437;0.054831
2;0.121593;0.085268
2;0.105012;0.065768
2;0.105608;0.054539
2;0.102862;0.053694
