nThread;timeInit;timeCount
8;0.073247;0.069783
8;0.068734;0.046722
8;0.069634;0.046644
8;0.079523;0.064352
8;0.069527;0.048142
8;0.068259;0.052858
8;0.069719;0.047417
8;0.068350;0.046482
8;0.068280;0.048596
8;0.068053;0.046900
8;0.071885;0.046545
8;0.068559;0.053302
8;0.068350;0.046787
8;0.067596;0.047676
8;0.076547;0.064050
8;0.066381;0.047518
8;0.068111;0.051074
8;0.065429;0.046826
8;0.072750;0.048388
8;0.069020;0.047360
