nThread;timeInit;timeCount
1;0.134573;0.063593
1;0.136091;0.063067
1;0.130964;0.061476
1;0.130860;0.063408
1;0.131231;0.064237
1;0.131814;0.062757
1;0.136024;0.062406
1;0.131498;0.063802
1;0.144780;0.063074
1;0.132058;0.063130
1;0.131142;0.068781
1;0.130310;0.061798
1;0.132741;0.062778
1;0.129994;0.067531
1;0.134625;0.063857
1;0.132251;0.062879
1;0.133779;0.063236
1;0.138012;0.061995
1;0.136017;0.063131
1;0.138792;0.064576
