nThread;timeInit;timeCount
4;0.073209;0.057815
4;0.075694;0.049833
4;0.085084;0.052641
4;0.083372;0.056651
4;0.075784;0.054890
4;0.081752;0.054923
4;0.086619;0.062165
4;0.081294;0.055218
4;0.079375;0.051573
4;0.076185;0.055982
4;0.080266;0.054715
4;0.071991;0.050385
4;0.081450;0.056300
4;0.079449;0.055300
4;0.082152;0.057692
4;0.075381;0.057059
4;0.085300;0.055261
4;0.082247;0.067891
4;0.081435;0.046419
4;0.077310;0.054924
