nThread;timeInit;timeCount
2;0.000181;0.001620
2;0.000106;0.001396
2;0.000186;0.001857
2;0.000593;0.001143
2;0.000530;0.001175
2;0.000090;0.001142
2;0.000106;0.001118
2;0.000545;0.001195
2;0.000607;0.001112
2;0.000101;0.001479
2;0.000091;0.001144
2;0.000209;0.001601
2;0.000094;0.001244
2;0.000143;0.001326
2;0.000526;0.001115
2;0.000147;0.001444
2;0.000558;0.001123
2;0.000100;0.001119
2;0.000110;0.001233
2;0.000517;0.001165
