nThread;timeInit;timeCount
1;0.000283;0.000979
1;0.000184;0.000855
1;0.000288;0.001382
1;0.000179;0.000875
1;0.000181;0.000698
1;0.000206;0.000757
1;0.000224;0.000806
1;0.000277;0.000989
1;0.000203;0.000884
1;0.000179;0.000747
1;0.000272;0.000947
1;0.000173;0.000909
1;0.000180;0.000918
1;0.000265;0.000816
1;0.000219;0.000882
1;0.000258;0.001213
1;0.000269;0.001120
1;0.000253;0.001056
1;0.000251;0.000738
1;0.000171;0.000838
