nThread;timeInit;timeCount
16;0.028198;0.299212
16;0.000859;0.317911
16;0.020445;0.247738
16;0.000608;0.396205
16;0.000561;0.297433
16;0.009910;0.338251
16;0.028859;0.277416
16;0.036947;0.260280
16;0.000865;0.317693
16;0.029318;0.370257
16;0.056215;0.257334
16;0.035060;0.382051
16;0.000531;0.387429
16;0.000548;0.307650
16;0.009456;0.388580
16;0.026570;0.310284
16;0.000578;0.267297
16;0.027617;0.340337
16;0.038433;0.310307
16;0.037339;0.330276
