nThread;timeInit;timeCount
1;0.000166;0.000825
1;0.000161;0.001005
1;0.000213;0.001150
1;0.000175;0.000916
1;0.000166;0.000975
1;0.000200;0.000973
1;0.000214;0.000987
1;0.000132;0.000913
1;0.000142;0.000875
1;0.000138;0.000814
1;0.000163;0.000711
1;0.000137;0.000726
1;0.000139;0.000755
1;0.000165;0.000953
1;0.000246;0.000985
1;0.000182;0.000980
1;0.000133;0.000851
1;0.000147;0.000712
1;0.000136;0.000743
1;0.000133;0.000722
