nThread;timeInit;timeCount
4;0.000906;0.002060
4;0.000587;0.001779
4;0.000109;0.001903
4;0.000776;0.001780
4;0.000351;0.001936
4;0.000372;0.001885
4;0.000508;0.001732
4;0.000074;0.001694
4;0.000133;0.001767
4;0.000092;0.001881
4;0.000593;0.001831
4;0.000098;0.001878
4;0.000130;0.001822
4;0.000085;0.001528
4;0.000846;0.001805
4;0.001185;0.002227
4;0.000150;0.002206
4;0.001374;0.002263
4;0.000129;0.002506
4;0.000562;0.002070
