nThread;timeInit;timeCount
8;0.005315;0.010330
8;0.002175;0.011717
8;0.003577;0.012442
8;0.001978;0.013417
8;0.005845;0.014091
8;0.000688;0.006266
8;0.002673;0.007971
8;0.000129;0.017114
8;0.000103;0.017133
8;0.005361;0.017461
8;0.001020;0.017160
8;0.000524;0.004444
8;0.006047;0.009738
8;0.004709;0.015677
8;0.000200;0.003348
8;0.000105;0.018981
8;0.003472;0.012216
8;0.000373;0.002234
8;0.005403;0.009243
8;0.005764;0.012607
