nThread;timeInit;timeCount
2;0.002061;0.014736
2;0.001486;0.011669
2;0.002438;0.013512
2;0.001351;0.010991
2;0.001391;0.011034
2;0.001537;0.010994
2;0.001786;0.010455
2;0.001477;0.011954
2;0.002327;0.012145
2;0.001501;0.011421
2;0.001623;0.011696
2;0.001835;0.011631
2;0.001489;0.012840
2;0.002033;0.011618
2;0.001929;0.010909
2;0.002479;0.011689
2;0.001798;0.012347
2;0.001641;0.016929
2;0.001446;0.012737
2;0.001947;0.012504
