nThread;timeInit;timeCount
16;0.707832;1.063318
16;0.766122;1.269986
16;0.677298;1.380006
16;0.496978;1.329861
16;0.567168;1.100287
16;0.729297;1.599927
16;0.666351;1.460311
16;0.563634;1.386670
16;0.816354;1.489996
16;0.477764;0.999958
16;0.664623;0.912533
16;0.645815;1.110013
16;0.606141;1.379880
16;0.695505;1.138880
16;1.006436;1.379993
16;0.667352;1.109987
16;0.854668;1.699972
16;0.576391;1.350092
16;0.637760;1.439999
16;0.567780;1.043026
