nThread;timeInit;timeCount
4;0.002856;0.061426
4;0.001927;0.024098
4;0.002759;0.020795
4;0.001067;0.020828
4;0.002177;0.024172
4;0.001920;0.019507
4;0.002024;0.021746
4;0.001485;0.023923
4;0.002483;0.023184
4;0.003069;0.025147
4;0.002911;0.022866
4;0.001342;0.021313
4;0.003692;0.030018
4;0.002079;0.019791
4;0.001452;0.017816
4;0.001436;0.019330
4;0.001561;0.016991
4;0.001730;0.018484
4;0.001747;0.018267
4;0.001567;0.018165
