nThread;timeInit;timeCount
8;0.030950;0.061740
8;0.026078;0.088866
8;0.006073;0.064614
8;0.012420;0.068780
8;0.008613;0.040906
8;0.038956;0.062912
8;0.027857;0.047134
8;0.032182;0.075045
8;0.025353;0.060194
8;0.038227;0.068243
8;0.056794;0.080425
8;0.028240;0.075675
8;0.025292;0.082395
8;0.035822;0.048746
8;0.026237;0.069566
8;0.029639;0.064525
8;0.016131;0.045036
8;0.034697;0.048860
8;0.030218;0.085251
8;0.001271;0.038359
