nThread;timeInit;timeCount
1;0.002065;0.009186
1;0.002155;0.008630
1;0.002703;0.010194
1;0.002366;0.009088
1;0.002258;0.009756
1;0.001993;0.007538
1;0.002151;0.008933
1;0.002506;0.011592
1;0.003002;0.009271
1;0.002078;0.008285
1;0.002200;0.009127
1;0.002633;0.007645
1;0.001938;0.008689
1;0.002122;0.007946
1;0.002372;0.009206
1;0.002189;0.009753
1;0.002058;0.009258
1;0.002009;0.007770
1;0.002242;0.008530
1;0.002251;0.009263
