nThread;timeInit;timeCount
1;0.007558;0.019458
1;0.007810;0.015076
1;0.007598;0.020049
1;0.007676;0.018486
1;0.008093;0.017438
1;0.006856;0.020033
1;0.006721;0.014172
1;0.007847;0.016228
1;0.009947;0.016112
1;0.009094;0.023467
1;0.011323;0.017992
1;0.009904;0.018231
1;0.009046;0.018099
1;0.010026;0.017903
1;0.009625;0.017372
1;0.007689;0.016130
1;0.007489;0.015803
1;0.008644;0.020901
1;0.006753;0.022640
1;0.006309;0.015170
