nThread;timeInit;timeCount
8;0.048049;0.193405
8;0.044382;0.193016
8;0.054591;0.201923
8;0.043897;0.189702
8;0.043489;0.189837
8;0.045334;0.190107
8;0.042599;0.191209
8;0.043418;0.250640
8;0.044772;0.189788
8;0.046078;0.189941
8;0.045133;0.186081
8;0.045884;0.189938
8;0.043847;0.190908
8;0.043822;0.190933
8;0.044987;0.190645
8;0.044562;0.188702
8;0.045048;0.190035
8;0.044770;0.188450
8;0.043532;0.187511
8;0.044845;0.189109
