nThread;timeInit;timeCount
16;0.563596;1.590881
16;0.418782;1.474043
16;0.447877;0.852329
16;0.518739;2.269073
16;0.426887;1.771076
16;0.597098;1.301300
16;0.258579;1.310977
16;0.476256;1.547786
16;0.438090;1.660965
16;0.178740;0.961581
16;0.576685;1.134384
16;0.467453;1.090969
16;0.457327;1.330487
16;0.428192;1.181329
16;0.277752;1.241075
16;0.506235;1.189255
16;0.078603;1.563419
16;0.397736;1.053547
16;0.457838;1.184964
16;0.068811;1.703681
