nThread;timeInit;timeCount
1;0.122963;0.066014
1;0.130179;0.061166
1;0.115705;0.061636
1;0.119185;0.062973
1;0.119577;0.063927
1;0.104339;0.055581
1;0.097783;0.051274
1;0.105083;0.060995
1;0.114765;0.059680
1;0.118009;0.060968
1;0.118764;0.064539
1;0.114523;0.061047
1;0.119607;0.061534
1;0.120431;0.063813
1;0.114556;0.059927
1;0.096968;0.052643
1;0.101406;0.050394
1;0.095576;0.060446
1;0.126406;0.076251
1;0.115623;0.059457
