nThread;timeInit;timeCount
1;0.127484;0.072517
1;0.125062;0.072317
1;0.127425;0.063566
1;0.132178;0.067516
1;0.098661;0.070004
1;0.124853;0.072787
1;0.122524;0.071479
1;0.123173;0.072755
1;0.126763;0.073086
1;0.123544;0.073283
1;0.125454;0.072757
1;0.100991;0.063623
1;0.105099;0.070293
1;0.115608;0.075426
1;0.121947;0.074596
1;0.126137;0.074848
1;0.125752;0.073114
1;0.124894;0.071851
1;0.123212;0.073284
1;0.131360;0.064748
