nThread;timeInit;timeCount
4;0.058547;0.143360
4;0.060803;0.134010
4;0.058058;0.138102
4;0.062139;0.132990
4;0.060313;0.138049
4;0.064412;0.140032
4;0.077857;0.136970
4;0.061293;0.131920
4;0.052252;0.120105
4;0.049316;0.136194
4;0.053050;0.134870
4;0.067980;0.140634
4;0.062166;0.139439
4;0.057406;0.139468
4;0.062675;0.140280
4;0.062663;0.138286
4;0.073279;0.161971
4;0.070302;0.145069
4;0.050226;0.128263
4;0.053825;0.134293
