nThread;timeInit;timeCount
2;0.077872;0.076197
2;0.075850;0.109713
2;0.082819;0.085360
2;0.096215;0.081086
2;0.089097;0.077933
2;0.092984;0.076534
2;0.077317;0.089899
2;0.074622;0.076800
2;0.083990;0.077391
2;0.099747;0.086510
2;0.084303;0.077843
2;0.083379;0.077152
2;0.081958;0.081432
2;0.075408;0.077865
2;0.074204;0.095755
2;0.083048;0.084559
2;0.082463;0.100085
2;0.076088;0.080205
2;0.084036;0.081801
2;0.084080;0.080239
