nThread;timeInit;timeCount
8;0.000393;0.000303
8;0.000497;0.000125
8;0.002594;0.006413
8;0.003266;0.008868
8;0.003791;0.005982
8;0.004178;0.003302
8;0.002436;0.004881
8;0.000098;0.000175
8;0.000145;0.015660
8;0.000096;0.020612
8;0.001321;0.011334
8;0.005379;0.008282
8;0.008017;0.009148
8;0.000629;0.014417
8;0.002853;0.014359
8;0.002734;0.009760
8;0.002101;0.010326
8;0.005028;0.004286
8;0.002922;0.015332
8;0.001353;0.008180
