nThread;timeInit;timeCount
2;0.000537;0.000080
2;0.000098;0.000075
2;0.000098;0.000069
2;0.000582;0.000077
2;0.000104;0.000072
2;0.000185;0.000069
2;0.000106;0.000079
2;0.000578;0.000079
2;0.000099;0.000106
2;0.000102;0.000077
2;0.000083;0.000089
2;0.000103;0.000067
2;0.000109;0.000099
2;0.000093;0.000064
2;0.000101;0.000080
2;0.000208;0.000075
2;0.000137;0.000075
2;0.000076;0.000069
2;0.000105;0.000075
2;0.000137;0.000076
