nThread;timeInit;timeCount
4;0.000111;0.000102
4;0.001064;0.000078
4;0.000101;0.000098
4;0.000095;0.000110
4;0.000547;0.000080
4;0.000743;0.000087
4;0.000635;0.000090
4;0.000520;0.000089
4;0.000101;0.000091
4;0.000347;0.000124
4;0.001070;0.000079
4;0.000100;0.000100
4;0.000098;0.000109
4;0.000936;0.000095
4;0.000583;0.000107
4;0.000430;0.000103
4;0.000522;0.000082
4;0.000281;0.000115
4;0.000458;0.000078
4;0.000574;0.000088
