nThread;timeInit;timeCount
1;0.000162;0.000067
1;0.000190;0.000090
1;0.000159;0.000065
1;0.000298;0.000111
1;0.000185;0.000081
1;0.000130;0.000059
1;0.000123;0.000057
1;0.000128;0.000057
1;0.000141;0.000057
1;0.000166;0.000090
1;0.000152;0.000091
1;0.000139;0.000057
1;0.000159;0.000060
1;0.000299;0.000067
1;0.000282;0.000093
1;0.000364;0.000081
1;0.000181;0.000058
1;0.000135;0.000067
1;0.000158;0.000069
1;0.000175;0.000053
