nThread;timeInit;timeCount
4;0.001500;0.003059
4;0.001719;0.002480
4;0.001060;0.002150
4;0.000803;0.002049
4;0.001853;0.002344
4;0.001490;0.002159
4;0.001008;0.002192
4;0.001290;0.002040
4;0.001579;0.002080
4;0.001010;0.001746
4;0.001249;0.001920
4;0.001215;0.001829
4;0.000737;0.001847
4;0.001471;0.002152
4;0.000988;0.001975
4;0.001040;0.001959
4;0.001225;0.001833
4;0.000771;0.001722
4;0.000589;0.001806
4;0.001067;0.002206
