nThread;timeInit;timeCount
1;0.001801;0.001770
1;0.001322;0.001700
1;0.001244;0.001600
1;0.001335;0.001646
1;0.001439;0.001925
1;0.001891;0.001933
1;0.001876;0.001897
1;0.001417;0.001521
1;0.001301;0.001602
1;0.001295;0.001580
1;0.001327;0.001639
1;0.001417;0.001512
1;0.001583;0.002406
1;0.001474;0.001693
1;0.002647;0.002412
1;0.002039;0.002017
1;0.001425;0.001743
1;0.001509;0.001911
1;0.001420;0.001824
1;0.001539;0.001855
