nThread;timeInit;timeCount
16;0.036531;0.280432
16;0.028887;0.318174
16;0.010105;0.178154
16;0.019309;0.237659
16;0.026795;0.410269
16;0.051692;0.255353
16;0.000985;0.366704
16;0.028979;0.188100
16;0.018341;0.338264
16;0.000962;0.316981
16;0.001154;0.237551
16;0.036663;0.370363
16;0.000999;0.256260
16;0.026764;0.310313
16;0.039489;0.338274
16;0.045213;0.310391
16;0.036837;0.312393
16;0.027002;0.210324
16;0.001008;0.246869
16;0.036459;0.350434
