nThread;timeInit;timeCount
2;0.002821;0.002794
2;0.001797;0.002629
2;0.003649;0.004338
2;0.001297;0.002720
2;0.001783;0.002488
2;0.001715;0.002726
2;0.001666;0.002400
2;0.002141;0.002727
2;0.001575;0.002614
2;0.001596;0.002475
2;0.001659;0.002228
2;0.002438;0.002304
2;0.001726;0.009526
2;0.001778;0.002499
2;0.003124;0.002399
2;0.001712;0.002841
2;0.001645;0.002482
2;0.001800;0.002686
2;0.001974;0.002393
2;0.001686;0.002532
