nThread;timeInit;timeCount
1;0.001607;0.001935
1;0.001130;0.001605
1;0.001191;0.001440
1;0.001544;0.001685
1;0.001434;0.002025
1;0.001149;0.001705
1;0.001207;0.001441
1;0.001123;0.001484
1;0.001299;0.001509
1;0.001618;0.001828
1;0.001515;0.002316
1;0.001285;0.001712
1;0.001443;0.002115
1;0.001237;0.002289
1;0.001216;0.001707
1;0.001207;0.001622
1;0.001096;0.001426
1;0.001118;0.001480
1;0.001371;0.001742
1;0.001521;0.001785
