nThread;timeInit;timeCount
2;0.001078;0.002072
2;0.001481;0.001868
2;0.001011;0.001949
2;0.001517;0.001883
2;0.001812;0.001942
2;0.001059;0.002064
2;0.001038;0.002002
2;0.001425;0.001873
2;0.000868;0.001634
2;0.000946;0.001940
2;0.004420;0.001997
2;0.001104;0.002017
2;0.001148;0.001960
2;0.001017;0.001872
2;0.001346;0.002508
2;0.001273;0.002204
2;0.001641;0.005818
2;0.001020;0.001928
2;0.001055;0.002051
2;0.000983;0.002041
