nThread;timeInit;timeCount
16;0.028251;0.360435
16;0.028715;0.331474
16;0.001027;0.287115
16;0.009706;0.238309
16;0.048688;0.300439
16;0.019933;0.307202
16;0.037787;0.230495
16;0.001002;0.305558
16;0.029010;0.268156
16;0.000962;0.377461
16;0.001082;0.238048
16;0.001472;0.366705
16;0.036348;0.340447
16;0.028249;0.298887
16;0.017914;0.260468
16;0.001173;0.247194
16;0.036157;0.320416
16;0.028204;0.348957
16;0.018612;0.377985
16;0.036713;0.390381
