nThread;timeInit;timeCount
8;0.007657;0.007839
8;0.007668;0.017100
8;0.008628;0.016614
8;0.001199;0.002916
8;0.001529;0.002985
8;0.000968;0.003226
8;0.000629;0.003049
8;0.006091;0.011650
8;0.000583;0.010712
8;0.000577;0.019657
8;0.002505;0.016321
8;0.003244;0.011093
8;0.005388;0.019205
8;0.001126;0.004692
8;0.002669;0.017003
8;0.000888;0.010274
8;0.004608;0.012110
8;0.006228;0.015533
8;0.003842;0.015989
8;0.000621;0.012147
