nThread;timeInit;timeCount
4;0.001217;0.002462
4;0.000870;0.002252
4;0.001225;0.002548
4;0.001116;0.002567
4;0.001251;0.002693
4;0.001174;0.002353
4;0.001016;0.002531
4;0.001453;0.002539
4;0.000769;0.002245
4;0.000852;0.002572
4;0.001431;0.002293
4;0.001651;0.002459
4;0.001139;0.002445
4;0.001090;0.002383
4;0.001897;0.002309
4;0.001901;0.002402
4;0.001127;0.002547
4;0.000992;0.002253
4;0.001101;0.002304
4;0.001061;0.002492
