nThread;timeInit;timeCount
1;0.001415;0.001935
1;0.001189;0.001500
1;0.001551;0.001967
1;0.001610;0.002197
1;0.001711;0.002119
1;0.001492;0.001700
1;0.001309;0.001672
1;0.001374;0.001629
1;0.001506;0.001955
1;0.001124;0.001488
1;0.001670;0.002172
1;0.001373;0.001877
1;0.001351;0.001791
1;0.001353;0.001815
1;0.001400;0.001887
1;0.001394;0.001892
1;0.001375;0.001981
1;0.001581;0.001992
1;0.001442;0.002072
1;0.001431;0.001689
