nThread;timeInit;timeCount
8;0.023524;0.043305
8;0.045599;0.017736
8;0.039828;0.032352
8;0.033169;0.038132
8;0.041841;0.026745
8;0.051405;0.099021
8;0.028220;0.043608
8;0.033114;0.013942
8;0.020944;0.027065
8;0.010780;0.030821
8;0.030591;0.024255
8;0.039949;0.021151
8;0.021518;0.011904
8;0.024212;0.024338
8;0.042490;0.030120
8;0.030597;0.032251
8;0.038128;0.029285
8;0.024383;0.058737
8;0.033828;0.029113
8;0.041289;0.038024
