nThread;timeInit;timeCount
16;0.545925;0.879967
16;0.897631;0.829942
16;0.776844;1.029976
16;0.605046;0.779908
16;0.644945;0.679870
16;0.757127;0.840459
16;0.695934;0.770079
16;0.527865;0.609992
16;0.607672;0.590522
16;0.626351;0.960982
16;0.955288;1.250703
16;0.897529;0.869882
16;0.737507;0.890437
16;0.605476;0.617007
16;0.816324;0.779979
16;0.696619;0.829680
16;0.753138;0.921266
16;0.567178;0.569940
16;0.486662;0.909995
16;0.744128;0.900010
