nThread;timeInit;timeCount
1;0.002103;0.000662
1;0.003462;0.000568
1;0.001921;0.000600
1;0.002099;0.000608
1;0.002467;0.000671
1;0.002465;0.000608
1;0.002102;0.000733
1;0.002040;0.000605
1;0.005382;0.000605
1;0.002581;0.000939
1;0.002150;0.000617
1;0.002111;0.000785
1;0.002288;0.000839
1;0.002343;0.000732
1;0.002088;0.000833
1;0.001975;0.000577
1;0.002321;0.001019
1;0.003013;0.000819
1;0.002309;0.000789
1;0.001973;0.000592
