nThread;timeInit;timeCount
2;0.001566;0.001220
2;0.001220;0.000554
2;0.001380;0.000568
2;0.001334;0.000537
2;0.001938;0.000528
2;0.001814;0.000544
2;0.001209;0.000551
2;0.001265;0.000695
2;0.001907;0.000547
2;0.001314;0.000653
2;0.001197;0.000542
2;0.001203;0.000524
2;0.001354;0.000529
2;0.001291;0.000521
2;0.001491;0.000624
2;0.001741;0.000742
2;0.002270;0.000781
2;0.001866;0.000804
2;0.001352;0.000521
2;0.001213;0.000511
