nThread;timeInit;timeCount
4;0.001400;0.000624
4;0.001283;0.000617
4;0.001919;0.000561
4;0.001817;0.000514
4;0.001688;0.000717
4;0.001384;0.000607
4;0.001318;0.000622
4;0.001281;0.000576
4;0.002039;0.001141
4;0.001758;0.000487
4;0.001223;0.000547
4;0.001505;0.000460
4;0.001701;0.000471
4;0.001565;0.000543
4;0.001982;0.000462
4;0.001424;0.000514
4;0.001314;0.000550
4;0.001341;0.000543
4;0.001483;0.000473
4;0.001455;0.000477
