nThread;timeInit;timeCount
1;0.006152;0.005158
1;0.006327;0.005199
1;0.005345;0.005307
1;0.007784;0.005996
1;0.005921;0.005283
1;0.005758;0.005568
1;0.006305;0.005547
1;0.005644;0.005696
1;0.006059;0.005245
1;0.005590;0.005778
1;0.006278;0.005368
1;0.005401;0.005831
1;0.006095;0.005632
1;0.005231;0.005312
1;0.006317;0.005620
1;0.005762;0.005689
1;0.006629;0.005584
1;0.006373;0.005441
1;0.005428;0.005789
1;0.006627;0.005351
