nThread;timeInit;timeCount
2;0.103781;0.045895
2;0.107475;0.055892
2;0.114854;0.050625
2;0.118457;0.062433
2;0.152723;0.054753
2;0.108258;0.062750
2;0.106510;0.060384
2;0.104819;0.043861
2;0.108574;0.043630
2;0.103582;0.045080
2;0.106879;0.046994
2;0.101740;0.044739
2;0.110423;0.043807
2;0.112438;0.052943
2;0.112072;0.047750
2;0.105241;0.052592
2;0.108259;0.044694
2;0.101203;0.050432
2;0.107619;0.043096
2;0.109841;0.043979
