nThread;timeInit;timeCount
1;0.131783;0.051110
1;0.131957;0.048968
1;0.134667;0.056760
1;0.130208;0.050049
1;0.137685;0.050337
1;0.130891;0.051109
1;0.136097;0.051456
1;0.133407;0.051023
1;0.133383;0.050482
1;0.131980;0.051477
1;0.140411;0.060187
1;0.130358;0.054324
1;0.132323;0.049427
1;0.132352;0.051415
1;0.132383;0.050761
1;0.134176;0.050572
1;0.131754;0.051086
1;0.136072;0.052193
1;0.131134;0.050924
1;0.131699;0.049047
