nThread;timeInit;timeCount
16;0.592550;0.985457
16;0.801713;0.930250
16;0.807854;0.980817
16;0.658968;0.870142
16;0.795832;1.020280
16;0.711046;0.755762
16;0.726957;0.981600
16;0.815387;0.860301
16;0.686225;0.771603
16;0.717514;0.957396
16;0.836714;1.165659
16;0.856880;1.080365
16;0.975358;0.900270
16;0.756516;0.931113
16;0.596153;0.815728
16;0.630855;0.905809
16;0.907939;1.096838
16;0.778622;0.890284
16;0.838194;1.078582
16;0.736468;0.970927
