nThread;timeInit;timeCount
1;0.607223;0.515054
1;0.513174;0.456731
1;0.487463;0.468467
1;0.495981;0.499197
1;0.522832;0.576864
1;0.590998;0.478413
1;0.525577;0.472148
1;0.492085;0.496378
1;0.538288;0.567964
1;0.556237;0.597277
1;0.536672;0.481152
1;0.523252;0.465016
1;0.500425;0.472355
1;0.546605;0.504680
1;0.597491;0.627283
1;0.485850;0.468732
1;0.510472;0.490324
1;0.501560;0.493420
1;0.523671;0.503034
1;0.607926;0.546674
