nThread;timeInit;timeCount
4;0.079555;0.047367
4;0.083468;0.044463
4;0.080621;0.050961
4;0.079797;0.043290
4;0.076414;0.045861
4;0.081128;0.044737
4;0.078617;0.048784
4;0.077539;0.048991
4;0.076998;0.046575
4;0.080333;0.044504
4;0.078148;0.044891
4;0.080628;0.046030
4;0.083236;0.041356
4;0.081363;0.043530
4;0.072504;0.069335
4;0.072705;0.044410
4;0.079140;0.045680
4;0.090254;0.053660
4;0.081239;0.044221
4;0.082270;0.043522
