nThread;timeInit;timeCount
8;0.066736;0.039897
8;0.088150;0.056146
8;0.069654;0.042282
8;0.066993;0.039979
8;0.112413;0.041571
8;0.070314;0.039076
8;0.068007;0.041072
8;0.066162;0.044107
8;0.070928;0.039986
8;0.068913;0.041328
8;0.067839;0.040750
8;0.068656;0.038908
8;0.081798;0.056594
8;0.068537;0.041771
8;0.069813;0.043790
8;0.068366;0.039840
8;0.069636;0.039539
8;0.073988;0.046420
8;0.064635;0.039934
8;0.067236;0.039199
