nThread;timeInit;timeCount
1;0.132665;0.054234
1;0.138094;0.055809
1;0.130924;0.055456
1;0.133490;0.054236
1;0.129661;0.054974
1;0.134963;0.054871
1;0.133442;0.054636
1;0.140656;0.054754
1;0.134323;0.055581
1;0.134173;0.055308
1;0.132326;0.054490
1;0.141450;0.055999
1;0.135270;0.056969
1;0.133574;0.053639
1;0.130763;0.054526
1;0.133922;0.054478
1;0.135287;0.054229
1;0.153967;0.054038
1;0.131534;0.054820
1;0.131166;0.055065
