nThread;timeInit;timeCount
1;0.130955;0.043274
1;0.123448;0.043168
1;0.126449;0.042990
1;0.119896;0.043438
1;0.119015;0.043101
1;0.118478;0.042286
1;0.122449;0.042278
1;0.127761;0.042255
1;0.124737;0.042504
1;0.119169;0.042816
1;0.121381;0.044074
1;0.121016;0.043482
1;0.124094;0.042767
1;0.122274;0.042821
1;0.123676;0.043088
1;0.121002;0.046141
1;0.121348;0.042570
1;0.120055;0.041788
1;0.119839;0.042768
1;0.120944;0.042878
