nThread;timeInit;timeCount
4;0.081306;0.046629
4;0.069626;0.052161
4;0.065734;0.051427
4;0.067484;0.050231
4;0.063700;0.049233
4;0.062864;0.051178
4;0.061422;0.044378
4;0.059945;0.050269
4;0.066046;0.051864
4;0.066394;0.045682
4;0.066357;0.050412
4;0.069364;0.049328
4;0.061221;0.049746
4;0.073507;0.046385
4;0.067394;0.039972
4;0.059811;0.045869
4;0.066818;0.046724
4;0.061032;0.045182
4;0.065612;0.050659
4;0.080568;0.044935
