nThread;timeInit;timeCount
2;0.078624;0.036920
2;0.121508;0.042943
2;0.075402;0.040051
2;0.077284;0.036365
2;0.074375;0.035931
2;0.075945;0.036914
2;0.072443;0.036494
2;0.077145;0.036749
2;0.077553;0.037090
2;0.076369;0.035676
2;0.077564;0.043472
2;0.076601;0.037754
2;0.076411;0.039277
2;0.075959;0.036010
2;0.080504;0.036157
2;0.076383;0.055331
2;0.079559;0.037082
2;0.075118;0.036369
2;0.077866;0.036866
2;0.079937;0.037070
