nThread;timeInit;timeCount
8;0.044476;0.038701
8;0.044381;0.036920
8;0.043941;0.036829
8;0.043515;0.037304
8;0.042219;0.038080
8;0.042796;0.038833
8;0.043297;0.039200
8;0.042493;0.038244
8;0.042411;0.037799
8;0.043426;0.036624
8;0.053982;0.042544
8;0.042413;0.039841
8;0.042235;0.038339
8;0.071416;0.061199
8;0.042344;0.040080
8;0.045104;0.037230
8;0.044623;0.037378
8;0.041967;0.041030
8;0.044078;0.039065
8;0.043396;0.038548
