nThread;timeInit;timeCount
16;0.237878;0.959017
16;0.456846;0.789440
16;0.486691;0.649255
16;0.099001;0.927142
16;0.506913;0.759494
16;0.647948;0.619319
16;0.447935;0.858971
16;0.487619;0.778691
16;0.437541;0.629498
16;0.478353;0.779518
16;0.359153;0.439315
16;0.448749;0.719517
16;0.477394;0.988772
16;0.419366;0.777169
16;0.177102;0.777560
16;0.906603;1.039269
16;0.546526;0.739478
16;0.437196;0.709331
16;0.432286;0.734051
16;0.458169;0.772683
