nThread;timeInit;timeCount
8;0.000107;0.009809
8;0.000085;0.009369
8;0.001931;0.009777
8;0.001489;0.015451
8;0.002627;0.009170
8;0.003016;0.003260
8;0.002547;0.011612
8;0.007436;0.008932
8;0.000087;0.000138
8;0.001012;0.005847
8;0.002115;0.008497
8;0.005781;0.005526
8;0.004730;0.002577
8;0.000150;0.014297
8;0.000115;0.000129
8;0.000492;0.000115
8;0.000538;0.000127
8;0.000082;0.000105
8;0.001112;0.000139
8;0.000313;0.000131
