nThread;timeInit;timeCount
1;0.000150;0.000031
1;0.000188;0.000036
1;0.000236;0.000036
1;0.000240;0.000036
1;0.000210;0.000034
1;0.000247;0.000165
1;0.000227;0.000047
1;0.000197;0.000034
1;0.000262;0.000050
1;0.000166;0.000034
1;0.000184;0.000042
1;0.000254;0.000050
1;0.000167;0.000041
1;0.000280;0.000052
1;0.000235;0.000037
1;0.000275;0.000055
1;0.000184;0.000039
1;0.000159;0.000038
1;0.000414;0.000037
1;0.000270;0.000052
