nThread;timeInit;timeCount
16;0.028096;0.228419
16;0.000609;0.276554
16;0.026909;0.219972
16;0.036809;0.239992
16;0.026748;0.209961
16;0.007832;0.159965
16;0.000549;0.259770
16;0.002023;0.197942
16;0.036816;0.219982
16;0.016720;0.240015
16;0.019393;0.277420
16;0.038077;0.200004
16;0.000620;0.206988
16;0.026913;0.246226
16;0.010176;0.228199
16;0.000554;0.157430
16;0.036587;0.269989
16;0.023663;0.159987
16;0.036885;0.240022
16;0.002972;0.261904
