nThread;timeInit;timeCount
1;0.000150;0.000067
1;0.000149;0.000062
1;0.000251;0.000062
1;0.000140;0.000062
1;0.000251;0.000106
1;0.000169;0.000067
1;0.000153;0.000065
1;0.000152;0.000077
1;0.000139;0.000063
1;0.000136;0.000062
1;0.000149;0.000066
1;0.000142;0.000062
1;0.000133;0.000087
1;0.000139;0.000064
1;0.000244;0.000073
1;0.000131;0.000075
1;0.000135;0.000064
1;0.000243;0.000116
1;0.000166;0.000056
1;0.000134;0.000061
