nThread;timeInit;timeCount
4;0.000392;0.000091
4;0.000109;0.000139
4;0.000095;0.000244
4;0.000099;0.000101
4;0.000105;0.000099
4;0.000102;0.000119
4;0.000426;0.000086
4;0.000433;0.000092
4;0.000926;0.000080
4;0.000880;0.000151
4;0.000470;0.000092
4;0.000426;0.000082
4;0.000296;0.000101
4;0.000480;0.000075
4;0.000099;0.000101
4;0.000339;0.000091
4;0.000091;0.000093
4;0.000093;0.000102
4;0.000328;0.000092
4;0.000912;0.000100
