nThread;timeInit;timeCount
2;0.000544;0.000097
2;0.000149;0.000082
2;0.000090;0.000221
2;0.000284;0.000114
2;0.000130;0.000093
2;0.000088;0.000067
2;0.000087;0.000081
2;0.000115;0.000081
2;0.000148;0.000091
2;0.000096;0.000088
2;0.000094;0.000158
2;0.000119;0.000076
2;0.000083;0.000065
2;0.000511;0.000075
2;0.000136;0.000096
2;0.000089;0.000068
2;0.000087;0.000097
2;0.000222;0.000073
2;0.000085;0.000069
2;0.000129;0.000084
