nThread;timeInit;timeCount
8;0.012062;0.014670
8;0.012036;0.013766
8;0.017176;0.016315
8;0.010013;0.012138
8;0.008027;0.017643
8;0.009099;0.008464
8;0.009312;0.012065
8;0.008823;0.006051
8;0.009151;0.010420
8;0.007576;0.009893
8;0.008868;0.015028
8;0.014048;0.009737
8;0.006678;0.010707
8;0.011000;0.009198
8;0.009390;0.022204
8;0.010571;0.008441
8;0.008864;0.016023
8;0.018955;0.024488
8;0.008579;0.017811
8;0.010826;0.013804
