nThread;timeInit;timeCount
1;0.015949;0.003475
1;0.013046;0.003518
1;0.012917;0.003515
1;0.012840;0.003583
1;0.012687;0.003536
1;0.012905;0.003727
1;0.012770;0.003453
1;0.013535;0.003731
1;0.012715;0.003567
1;0.012897;0.003808
1;0.012821;0.003498
1;0.012730;0.003357
1;0.012571;0.003577
1;0.012784;0.003387
1;0.012865;0.003692
1;0.013154;0.004225
1;0.013246;0.003734
1;0.014887;0.003618
1;0.014131;0.003518
1;0.013311;0.003573
