nThread;timeInit;timeCount
2;0.009770;0.004577
2;0.009108;0.003480
2;0.008647;0.003453
2;0.008874;0.005089
2;0.008356;0.003483
2;0.008380;0.003474
2;0.008392;0.003630
2;0.008593;0.003563
2;0.008564;0.003522
2;0.008438;0.003531
2;0.009855;0.003577
2;0.008362;0.003442
2;0.009071;0.003557
2;0.008629;0.004767
2;0.008845;0.003570
2;0.008654;0.003446
2;0.008726;0.004833
2;0.008263;0.003472
2;0.008386;0.003452
2;0.008345;0.003877
