nThread;timeInit;timeCount
1;0.063036;0.056120
1;0.057200;0.053846
1;0.066289;0.055722
1;0.061003;0.058542
1;0.063191;0.056616
1;0.062290;0.051955
1;0.058579;0.054917
1;0.060038;0.053423
1;0.062581;0.055645
1;0.062006;0.057431
1;0.062874;0.053059
1;0.055740;0.051452
1;0.063231;0.056221
1;0.058330;0.055705
1;0.059431;0.053363
1;0.068704;0.063214
1;0.085985;0.066548
1;0.074339;0.076595
1;0.067323;0.065957
1;0.071343;0.059843
