nThread;timeInit;timeCount
8;0.049474;0.060828
8;0.020742;0.011829
8;0.037286;0.032974
8;0.045741;0.037458
8;0.028954;0.015433
8;0.037483;0.012280
8;0.036046;0.036950
8;0.029540;0.031112
8;0.021524;0.036967
8;0.011978;0.054634
8;0.030599;0.015497
8;0.038318;0.069145
8;0.055086;0.049271
8;0.042122;0.019739
8;0.027135;0.018096
8;0.034788;0.004708
8;0.047510;0.031428
8;0.032425;0.038960
8;0.039248;0.041969
8;0.057569;0.050136
