nThread;timeInit;timeCount
1;0.015022;0.006328
1;0.014670;0.004270
1;0.013792;0.004149
1;0.014143;0.004406
1;0.013356;0.004534
1;0.013529;0.004407
1;0.014087;0.004729
1;0.014760;0.004570
1;0.015063;0.004215
1;0.013842;0.004285
1;0.013535;0.004603
1;0.013562;0.004539
1;0.013734;0.004397
1;0.015363;0.004161
1;0.015277;0.004600
1;0.014240;0.004346
1;0.013925;0.004363
1;0.013869;0.004542
1;0.014722;0.004535
1;0.013650;0.004295
