nThread;timeInit;timeCount
4;0.009300;0.005502
4;0.007217;0.003839
4;0.008910;0.004867
4;0.009571;0.005537
4;0.009045;0.004779
4;0.009869;0.005065
4;0.008782;0.004809
4;0.009633;0.004841
4;0.008863;0.004529
4;0.008559;0.004669
4;0.009273;0.005178
4;0.009633;0.005126
4;0.009039;0.008475
4;0.009387;0.004607
4;0.009784;0.004972
4;0.008797;0.005226
4;0.009102;0.005093
4;0.008768;0.005271
4;0.009152;0.004187
4;0.008424;0.004741
