nThread;timeInit;timeCount
2;0.011070;0.004685
2;0.009721;0.004394
2;0.009771;0.004370
2;0.013253;0.007165
2;0.015089;0.007987
2;0.009864;0.005932
2;0.010954;0.005864
2;0.013866;0.005345
2;0.014107;0.006338
2;0.010417;0.005120
2;0.011156;0.005991
2;0.011407;0.005352
2;0.012160;0.006136
2;0.014739;0.005156
2;0.010761;0.005244
2;0.011380;0.010299
2;0.013052;0.006068
2;0.013061;0.005680
2;0.013609;0.005507
2;0.014603;0.006781
