nThread;timeInit;timeCount
16;0.786446;0.995424
16;0.605109;0.787199
16;0.525823;0.783785
16;0.784531;0.960007
16;0.626694;1.070341
16;0.606045;0.793229
16;0.627367;0.900127
16;0.687060;0.816943
16;0.826873;0.811069
16;0.606229;0.879990
16;0.728468;0.999970
16;0.886354;0.860004
16;0.801785;0.906407
16;0.538428;0.714378
16;0.586561;0.709940
16;0.757187;1.020006
16;0.645843;0.959737
16;0.677151;1.059576
16;0.724260;0.950061
16;0.837027;0.890011
