nThread;timeInit;timeCount
1;0.000204;0.008405
1;0.000233;0.008080
1;0.000138;0.006278
1;0.000135;0.006177
1;0.000136;0.007679
1;0.000161;0.006482
1;0.000201;0.005876
1;0.000171;0.007152
1;0.000257;0.006906
1;0.000139;0.005860
1;0.000139;0.006573
1;0.000154;0.011790
1;0.000161;0.006644
1;0.000140;0.007792
1;0.000162;0.006673
1;0.000139;0.007292
1;0.000229;0.007291
1;0.000147;0.006119
1;0.000139;0.006160
1;0.000134;0.007330
