nThread;timeInit;timeCount
4;0.000190;0.022596
4;0.000874;0.018716
4;0.000107;0.019185
4;0.000112;0.018934
4;0.000098;0.022180
4;0.000343;0.020878
4;0.000709;0.018384
4;0.000103;0.019719
4;0.000096;0.019589
4;0.000065;0.020637
4;0.000118;0.018041
4;0.000096;0.018811
4;0.000531;0.021666
4;0.000958;0.019946
4;0.000741;0.018257
4;0.000105;0.022152
4;0.000460;0.019254
4;0.000349;0.018646
4;0.000662;0.022640
4;0.000507;0.018337
