nThread;timeInit;timeCount
1;0.000167;0.006413
1;0.000188;0.005497
1;0.000287;0.007931
1;0.000168;0.005914
1;0.000244;0.006461
1;0.000164;0.006079
1;0.000192;0.005690
1;0.000205;0.005705
1;0.000152;0.005083
1;0.000151;0.005262
1;0.000154;0.005144
1;0.000180;0.004639
1;0.000169;0.004405
1;0.000232;0.004906
1;0.000185;0.004566
1;0.000156;0.004663
1;0.000155;0.004617
1;0.000207;0.004784
1;0.000159;0.004216
1;0.000185;0.005296
