nThread;timeInit;timeCount
2;0.000105;0.013874
2;0.000131;0.010893
2;0.000153;0.012959
2;0.000087;0.009871
2;0.000088;0.009521
2;0.000096;0.009883
2;0.000089;0.009475
2;0.000560;0.009608
2;0.000685;0.010970
2;0.000089;0.010446
2;0.000449;0.009674
2;0.000123;0.009803
2;0.000112;0.010306
2;0.000760;0.012243
2;0.000093;0.009975
2;0.000089;0.009649
2;0.000517;0.010040
2;0.000092;0.009613
2;0.000104;0.010117
2;0.000094;0.009749
