nThread;timeInit;timeCount
16;0.037066;0.577133
16;0.036511;0.622794
16;0.037053;0.336596
16;0.019072;1.053135
16;0.027901;0.904388
16;0.027849;0.934087
16;0.009750;0.593379
16;0.028769;1.202844
16;0.015394;0.523973
16;0.026240;0.554763
16;0.026667;0.455021
16;0.000559;0.722018
16;0.036275;0.484888
16;0.000585;0.612646
16;0.036356;0.520392
16;0.000560;0.602417
16;0.036725;0.965519
16;0.027220;0.555170
16;0.026575;0.664969
16;0.036602;1.014758
