nThread;timeInit;timeCount
8;0.003971;0.050559
8;0.001761;0.041326
8;0.000912;0.046247
8;0.004014;0.043560
8;0.002850;0.048408
8;0.001302;0.047454
8;0.003127;0.041814
8;0.000091;0.036822
8;0.000186;0.035485
8;0.000083;0.035605
8;0.000172;0.036064
8;0.003589;0.041130
8;0.001358;0.050839
8;0.001828;0.046161
8;0.002304;0.048346
8;0.001593;0.043135
8;0.001167;0.044150
8;0.001261;0.051417
8;0.004261;0.045990
8;0.002211;0.048069
