nThread;timeInit;timeCount
2;2.128617;2.338082
2;1.544178;2.175560
2;1.514680;2.209146
2;1.637501;2.229379
2;1.547552;2.220796
2;1.559405;2.148698
2;1.600115;2.152953
2;1.536720;2.224111
2;1.462926;2.186553
2;1.479166;2.298153
2;1.460243;2.137274
2;1.438003;2.205436
2;1.530120;2.205854
2;1.579142;2.259196
2;1.474077;2.184425
2;1.533688;2.285863
2;1.408478;2.152941
2;1.450956;2.211159
2;1.418651;2.146376
2;1.561595;2.210786
