nThread;timeInit;timeCount
8;2.166396;3.763377
8;2.581970;3.854917
8;2.313946;3.492326
8;2.534998;3.710462
8;2.338920;4.697104
8;2.515061;3.619678
8;2.644116;4.079947
8;2.522205;3.716613
8;2.314693;3.913054
8;2.578624;4.042192
8;2.247664;3.891219
8;2.757104;3.920909
8;2.205283;3.469591
8;2.345468;3.645143
8;2.797062;3.483783
8;2.386322;4.088022
8;2.412232;3.705519
8;2.460454;3.719727
8;2.627030;3.628011
8;2.810142;3.772199
