nThread;timeInit;timeCount
1;1.406250;1.921875
1;1.421875;1.921875
1;1.406250;1.968750
1;1.375000;1.921875
1;1.406250;1.906250
1;1.421875;1.906250
1;1.406250;1.953125
1;1.375000;2.000000
1;1.390625;1.921875
1;1.437500;1.953125
1;1.390625;1.937500
1;1.406250;1.906250
1;1.406250;1.921875
1;1.390625;1.937500
1;1.390625;1.968750
1;1.375000;1.906250
1;1.390625;1.890625
1;1.421875;1.953125
1;1.390625;1.921875
1;1.437500;1.937500
