nThread;timeInit;timeCount
4;1.492131;2.417184
4;1.462933;2.371708
4;1.479403;2.414904
4;1.437341;2.364514
4;1.492872;2.430544
4;1.449878;2.359634
4;1.450511;2.481461
4;1.521692;2.406805
4;1.933700;2.603051
4;1.482943;2.362404
4;1.509938;2.325315
4;1.430542;2.383255
4;1.504432;2.440408
4;1.465933;2.345038
4;1.447406;2.363133
4;1.506270;2.368675
4;1.423282;2.364228
4;1.518385;2.353291
4;1.455023;2.376842
4;1.556572;2.390447
