nThread;timeInit;timeCount
8;0.001992;0.068335
8;0.004387;0.059809
8;0.002857;0.062029
8;0.004113;0.057424
8;0.001285;0.050161
8;0.000093;0.040401
8;0.000565;0.040747
8;0.000540;0.042925
8;0.000160;0.055587
8;0.002752;0.053978
8;0.002077;0.049219
8;0.002531;0.051203
8;0.006717;0.053375
8;0.002529;0.047715
8;0.003656;0.053522
8;0.003808;0.052426
8;0.001417;0.048675
8;0.000093;0.048927
8;0.000976;0.042106
8;0.008990;0.046948
