nThread;timeInit;timeCount
2;0.000100;0.019881
2;0.000088;0.019292
2;0.000113;0.016709
2;0.000520;0.015735
2;0.000215;0.017353
2;0.000108;0.015297
2;0.000558;0.015032
2;0.000096;0.015450
2;0.000111;0.015509
2;0.000251;0.015727
2;0.000089;0.016654
2;0.000088;0.015603
2;0.000143;0.019647
2;0.000142;0.017368
2;0.000141;0.024369
2;0.000534;0.015785
2;0.000136;0.015462
2;0.000189;0.015808
2;0.000201;0.015563
2;0.000092;0.019252
