nThread;timeInit;timeCount
1;0.000156;0.014155
1;0.000133;0.013928
1;0.000134;0.011375
1;0.000139;0.011699
1;0.000133;0.013063
1;0.000129;0.011427
1;0.000134;0.011140
1;0.000157;0.013072
1;0.000129;0.011093
1;0.000155;0.011127
1;0.000135;0.013016
1;0.000148;0.015338
1;0.000132;0.010720
1;0.000137;0.011892
1;0.000129;0.015346
1;0.000195;0.013115
1;0.000129;0.012914
1;0.000129;0.011099
1;0.000129;0.011183
1;0.000192;0.016260
