nThread;timeInit;timeCount
16;0.000559;0.995064
16;0.057973;0.487284
16;0.028769;0.596534
16;0.010739;0.705711
16;0.028660;0.645488
16;0.036831;0.547618
16;0.020718;0.842527
16;0.010222;1.186244
16;0.009722;0.888193
16;0.022461;0.537445
16;0.009659;0.705324
16;0.027921;0.947482
16;0.036314;0.517787
16;0.032714;0.759090
16;0.066160;0.778231
16;0.038823;1.605834
16;0.036689;0.668403
16;0.028876;0.486576
16;0.009846;0.626149
16;0.034193;0.738328
