nThread;timeInit;timeCount
1;0.000348;0.013542
1;0.000198;0.011699
1;0.000267;0.012490
1;0.000169;0.012409
1;0.000183;0.011688
1;0.000255;0.011362
1;0.000263;0.012339
1;0.000182;0.012380
1;0.000275;0.011864
1;0.000289;0.011784
1;0.000192;0.011878
1;0.000226;0.011507
1;0.000179;0.011982
1;0.000213;0.011796
1;0.000169;0.012746
1;0.000368;0.014776
1;0.000171;0.013171
1;0.000184;0.012289
1;0.000189;0.011981
1;0.000272;0.012333
