nThread;timeInit;timeCount
4;0.000352;0.035003
4;0.001363;0.027256
4;0.000409;0.028631
4;0.000113;0.024221
4;0.000721;0.025584
4;0.000095;0.026629
4;0.000097;0.024670
4;0.000556;0.026190
4;0.000059;0.026489
4;0.000140;0.023488
4;0.000253;0.025327
4;0.000532;0.026018
4;0.000094;0.024922
4;0.000835;0.022393
4;0.000432;0.024333
4;0.000869;0.027792
4;0.000082;0.028118
4;0.000476;0.027973
4;0.000539;0.027604
4;0.001095;0.025017
