nThread;timeInit;timeCount
2;0.012536;0.039473
2;0.010358;0.043733
2;0.011190;0.037117
2;0.010981;0.037360
2;0.011576;0.037558
2;0.010924;0.038298
2;0.010335;0.040596
2;0.010444;0.045317
2;0.010800;0.037622
2;0.010401;0.053681
2;0.010068;0.036657
2;0.011130;0.040384
2;0.010287;0.036724
2;0.010747;0.042681
2;0.011652;0.037779
2;0.013645;0.038491
2;0.015546;0.048173
2;0.013986;0.048833
2;0.014194;0.045495
2;0.011753;0.037407
