nThread;timeInit;timeCount
4;0.010306;0.063010
4;0.010568;0.055195
4;0.010558;0.051564
4;0.009647;0.049049
4;0.012456;0.056088
4;0.009720;0.046488
4;0.008952;0.049616
4;0.009862;0.043751
4;0.008753;0.051391
4;0.009945;0.047967
4;0.010063;0.049126
4;0.008766;0.048903
4;0.009128;0.049590
4;0.009533;0.046505
4;0.010010;0.052077
4;0.009460;0.051885
4;0.009327;0.047094
4;0.011028;0.045033
4;0.009269;0.047377
4;0.009850;0.051208
