nThread;timeInit;timeCount
1;0.055666;0.084415
1;0.063939;0.113984
1;0.080247;0.122933
1;0.086043;0.127359
1;0.078380;0.113071
1;0.080048;0.103760
1;0.078537;0.111984
1;0.063766;0.100158
1;0.062533;0.089889
1;0.063447;0.090702
1;0.064404;0.092107
1;0.060631;0.091201
1;0.066391;0.091940
1;0.057881;0.090054
1;0.051245;0.087557
1;0.062336;0.096073
1;0.059018;0.087375
1;0.061333;0.096558
1;0.061017;0.124188
1;0.056118;0.092271
