nThread;timeInit;timeCount
8;0.039503;0.102622
8;0.054035;0.224187
8;0.126040;0.251465
8;0.058306;0.118468
8;0.026135;0.078334
8;0.035753;0.114287
8;0.039359;0.100259
8;0.026193;0.090466
8;0.035345;0.113774
8;0.019825;0.089927
8;0.044559;0.107504
8;0.027338;0.089575
8;0.044265;0.144298
8;0.039080;0.120385
8;0.049679;0.091425
8;0.041984;0.101199
8;0.037621;0.096883
8;0.042055;0.110781
8;0.040203;0.092782
8;0.033117;0.096498
