nThread;timeInit;timeCount
16;0.806398;1.232864
16;0.642358;1.369409
16;0.946419;1.359984
16;0.866727;1.080010
16;0.777679;1.936916
16;0.966444;1.569998
16;0.567104;1.118472
16;0.857665;1.359145
16;0.646956;1.542913
16;0.726788;1.249264
16;0.607507;1.602609
16;0.676935;1.560132
16;0.497868;1.220005
16;0.834600;1.599991
16;0.786107;1.359985
16;0.536664;1.829628
16;0.737920;1.517167
16;0.567334;1.420008
16;0.798020;1.208311
16;0.587783;1.189923
