nThread;timeInit;timeCount
1;0.016293;0.036897
1;0.015930;0.038243
1;0.016229;0.039803
1;0.015843;0.036079
1;0.018598;0.035279
1;0.016633;0.035043
1;0.014959;0.034964
1;0.016354;0.035284
1;0.016604;0.036690
1;0.016765;0.035924
1;0.015072;0.035247
1;0.018465;0.035027
1;0.015275;0.035592
1;0.018031;0.037460
1;0.016913;0.035365
1;0.015054;0.035784
1;0.015730;0.035600
1;0.016559;0.035545
1;0.016269;0.036444
1;0.016377;0.035561
