nThread;timeInit;timeCount
2;0.001749;0.003284
2;0.001361;0.002323
2;0.001570;0.002261
2;0.001621;0.002300
2;0.001344;0.002326
2;0.001871;0.002430
2;0.001286;0.002293
2;0.001968;0.002250
2;0.001398;0.002230
2;0.001280;0.002209
2;0.001802;0.002194
2;0.001419;0.002297
2;0.002048;0.002235
2;0.002202;0.002315
2;0.001436;0.002178
2;0.001938;0.002179
2;0.002021;0.003065
2;0.001599;0.002356
2;0.001366;0.002195
2;0.001377;0.002177
