nThread;timeInit;timeCount
1;0.006043;0.008846
1;0.006031;0.008136
1;0.006818;0.008741
1;0.006540;0.007158
1;0.005711;0.007611
1;0.006285;0.007593
1;0.007179;0.008071
1;0.007648;0.007575
1;0.006303;0.007682
1;0.006698;0.007683
1;0.006552;0.007617
1;0.006552;0.008453
1;0.007004;0.007809
1;0.007177;0.007739
1;0.007171;0.007594
1;0.005674;0.007713
1;0.006373;0.008089
1;0.006501;0.007822
1;0.007106;0.007218
1;0.006310;0.007311
