nThread;timeInit;timeCount
8;0.035969;0.040813
8;0.032918;0.036398
8;0.027618;0.016717
8;0.027830;0.033900
8;0.030480;0.039347
8;0.029677;0.029628
8;0.033666;0.044403
8;0.031686;0.041557
8;0.029971;0.057019
8;0.007288;0.015555
8;0.034251;0.028008
8;0.008922;0.027290
8;0.003465;0.005313
8;0.024181;0.017152
8;0.033135;0.035857
8;0.029543;0.021639
8;0.027920;0.030751
8;0.038080;0.037485
8;0.027622;0.038511
8;0.033671;0.034470
