nThread;timeInit;timeCount
4;0.001084;0.002975
4;0.002205;0.002408
4;0.001090;0.002882
4;0.002319;0.002400
4;0.002067;0.002521
4;0.001614;0.002710
4;0.002301;0.002524
4;0.001258;0.002951
4;0.001978;0.002762
4;0.001479;0.002447
4;0.001326;0.002671
4;0.002193;0.002655
4;0.001047;0.002589
4;0.001313;0.002464
4;0.001375;0.002509
4;0.001272;0.002724
4;0.001455;0.002770
4;0.001560;0.002404
4;0.002111;0.002717
4;0.001008;0.002352
