nThread;timeInit;timeCount
1;0.002243;0.002385
1;0.002189;0.002683
1;0.002146;0.002548
1;0.002143;0.002938
1;0.001958;0.002402
1;0.002453;0.003198
1;0.002135;0.002599
1;0.002024;0.002567
1;0.002437;0.002676
1;0.002155;0.002389
1;0.002458;0.002530
1;0.002224;0.002648
1;0.002379;0.002706
1;0.003123;0.003464
1;0.003120;0.003105
1;0.002062;0.002515
1;0.002380;0.003071
1;0.002589;0.002491
1;0.002386;0.002380
1;0.002344;0.002720
