nThread;timeInit;timeCount
16;0.718156;0.840842
16;0.807967;0.990281
16;0.636925;1.029396
16;0.706373;0.730907
16;0.666735;0.659923
16;0.754231;0.769918
16;0.607517;1.007263
16;0.834975;0.899976
16;0.597158;0.899989
16;0.866189;1.039868
16;0.637337;1.039881
16;0.727270;0.970892
16;0.533508;0.899991
16;0.847305;1.169986
16;0.765841;0.939981
16;0.808918;1.170585
16;0.775674;0.871177
16;0.705402;0.660830
16;0.611604;1.036775
16;0.774912;1.029975
