nThread;timeInit;timeCount
1;0.002038;0.007701
1;0.002301;0.007514
1;0.002199;0.008424
1;0.002606;0.007608
1;0.002171;0.006947
1;0.001973;0.008026
1;0.002804;0.007041
1;0.001904;0.007259
1;0.002498;0.008185
1;0.002373;0.007227
1;0.002033;0.007263
1;0.002025;0.007973
1;0.002782;0.006749
1;0.001904;0.006794
1;0.001950;0.008356
1;0.002405;0.007393
1;0.001926;0.006973
1;0.001924;0.007035
1;0.002030;0.008154
1;0.002243;0.006658
