nThread;timeInit;timeCount
16;0.746472;1.329044
16;0.629957;1.259456
16;0.768530;1.629267
16;0.826756;1.569636
16;0.686583;1.492921
16;0.808151;1.055701
16;0.707896;1.159916
16;0.647902;1.100019
16;0.737382;1.159997
16;0.737825;1.469980
16;0.777509;1.349986
16;0.677438;1.140981
16;0.757301;1.189994
16;0.787287;1.200004
16;0.636671;1.359931
16;0.707849;1.279977
16;0.888526;1.599108
16;0.798168;1.099983
16;0.693042;1.490941
16;0.628751;1.719983
