nThread;timeInit;timeCount
1;0.001933;0.007566
1;0.001968;0.007470
1;0.002029;0.008430
1;0.001779;0.006820
1;0.001971;0.008616
1;0.001799;0.007171
1;0.001964;0.008122
1;0.001863;0.007331
1;0.001775;0.007978
1;0.002016;0.006930
1;0.001804;0.006734
1;0.001912;0.006864
1;0.001789;0.008512
1;0.001890;0.007009
1;0.001938;0.008407
1;0.001967;0.007006
1;0.001892;0.008017
1;0.001769;0.006950
1;0.001739;0.007726
1;0.002038;0.006733
