nThread;timeInit;timeCount
2;0.001436;0.012560
2;0.001421;0.011714
2;0.001872;0.012986
2;0.003049;0.012882
2;0.001563;0.013175
2;0.002211;0.013442
2;0.001697;0.012082
2;0.002016;0.010950
2;0.001469;0.011616
2;0.001509;0.011380
2;0.001382;0.011153
2;0.001713;0.011732
2;0.002750;0.013081
2;0.001498;0.011304
2;0.001612;0.013123
2;0.001668;0.011686
2;0.002195;0.011740
2;0.001557;0.012183
2;0.001575;0.011068
2;0.001609;0.012920
