nThread;timeInit;timeCount
8;0.035381;0.073850
8;0.036864;0.069423
8;0.039863;0.069921
8;0.027527;0.078618
8;0.028950;0.063873
8;0.026008;0.061746
8;0.017705;0.080098
8;0.023846;0.068093
8;0.036214;0.067495
8;0.033407;0.062354
8;0.045120;0.080239
8;0.035334;0.066731
8;0.043955;0.060525
8;0.005257;0.071637
8;0.018524;0.060812
8;0.012776;0.058055
8;0.031171;0.058296
8;0.006193;0.045892
8;0.032777;0.068058
8;0.025285;0.048651
