nThread;timeInit;timeCount
4;0.001338;0.018481
4;0.002466;0.019571
4;0.001781;0.024764
4;0.001604;0.019943
4;0.001546;0.019676
4;0.001794;0.018847
4;0.001534;0.019066
4;0.002219;0.021758
4;0.001490;0.020185
4;0.004164;0.017410
4;0.001773;0.020784
4;0.001768;0.018859
4;0.001421;0.017020
4;0.001899;0.017185
4;0.002318;0.019533
4;0.001577;0.019967
4;0.002074;0.018187
4;0.001368;0.017928
4;0.001369;0.018191
4;0.001676;0.020761
