nThread;timeInit;timeCount
1;0.015197;0.019330
1;0.013701;0.018600
1;0.013614;0.019739
1;0.015635;0.018148
1;0.013787;0.018681
1;0.017692;0.018778
1;0.013847;0.019686
1;0.017625;0.019414
1;0.017670;0.030062
1;0.015301;0.020489
1;0.014029;0.018295
1;0.015082;0.018646
1;0.013638;0.018025
1;0.015089;0.018617
1;0.015774;0.018043
1;0.014038;0.018064
1;0.013777;0.018337
1;0.015029;0.018269
1;0.017218;0.018457
1;0.016484;0.019854
