nThread;timeInit;timeCount
16;0.741234;1.321643
16;0.746588;1.766093
16;0.718206;1.320049
16;0.866888;1.729621
16;0.747284;1.430461
16;0.556422;1.669964
16;0.800922;1.742262
16;0.716218;1.081379
16;0.656162;1.560007
16;0.858024;1.639961
16;0.686723;1.720008
16;0.737549;1.003629
16;0.817439;1.480012
16;0.728042;1.738243
16;0.728197;1.039975
16;0.747700;1.195703
16;0.661199;1.205322
16;0.756878;1.680013
16;0.656529;1.660027
16;0.623038;1.488024
