nThread;timeInit;timeCount
1;0.017067;0.019043
1;0.014329;0.017465
1;0.013531;0.019354
1;0.014451;0.018453
1;0.014856;0.020092
1;0.014277;0.019813
1;0.014180;0.017175
1;0.016447;0.018395
1;0.014150;0.018467
1;0.015482;0.019692
1;0.014575;0.019138
1;0.014862;0.020787
1;0.016120;0.017425
1;0.013815;0.016832
1;0.017262;0.016546
1;0.015217;0.016650
1;0.015276;0.019528
1;0.013453;0.018436
1;0.014841;0.019226
1;0.015457;0.019277
