nThread;timeInit;timeCount
8;0.039102;0.080453
8;0.016741;0.063047
8;0.040259;0.082966
8;0.028466;0.081532
8;0.045083;0.069803
8;0.035187;0.132750
8;0.034338;0.057669
8;0.022807;0.082914
8;0.030563;0.253951
8;0.035855;0.093281
8;0.028287;0.067692
8;0.033350;0.082736
8;0.035672;0.074218
8;0.029295;0.088679
8;0.056423;0.090804
8;0.020392;0.090496
8;0.043558;0.088112
8;0.037034;0.084830
8;0.044090;0.084566
8;0.040334;0.078804
