nThread;timeInit;timeCount
4;0.009112;0.032043
4;0.011637;0.032302
4;0.009607;0.030636
4;0.008954;0.033650
4;0.009784;0.031395
4;0.009612;0.031276
4;0.009821;0.031178
4;0.009027;0.031374
4;0.009641;0.032518
4;0.009857;0.032645
4;0.009744;0.032189
4;0.009767;0.032257
4;0.009725;0.031728
4;0.008981;0.029574
4;0.009691;0.033344
4;0.009308;0.032487
4;0.008772;0.030215
4;0.010498;0.032502
4;0.009548;0.031082
4;0.010135;0.032479
