nThread;timeInit;timeCount
2;0.010518;0.025876
2;0.010103;0.022026
2;0.009441;0.021441
2;0.010646;0.026754
2;0.010027;0.021720
2;0.010237;0.022289
2;0.010071;0.025541
2;0.009643;0.021666
2;0.013733;0.022655
2;0.014036;0.025099
2;0.009510;0.022354
2;0.010553;0.022183
2;0.013846;0.023255
2;0.009782;0.026170
2;0.009706;0.021730
2;0.012546;0.021276
2;0.009777;0.021356
2;0.009762;0.020849
2;0.010473;0.021912
2;0.009616;0.022421
