nThread;timeInit;timeCount
4;0.000883;0.016837
4;0.000890;0.018687
4;0.000489;0.016958
4;0.000519;0.016463
4;0.000679;0.016527
4;0.000557;0.015468
4;0.000978;0.021047
4;0.001494;0.019001
4;0.001701;0.018021
4;0.001016;0.016051
4;0.000823;0.017655
4;0.000505;0.016156
4;0.001452;0.019494
4;0.001199;0.016319
4;0.000897;0.016287
4;0.000697;0.015508
4;0.000467;0.015327
4;0.000468;0.015464
4;0.000993;0.016016
4;0.001451;0.016067
