nThread;timeInit;timeCount
8;0.028017;0.074213
8;0.037214;0.039882
8;0.029450;0.063284
8;0.023807;0.069219
8;0.026922;0.078778
8;0.032605;0.058454
8;0.021659;0.070161
8;0.025262;0.034076
8;0.033046;0.060042
8;0.062373;0.056789
8;0.000809;0.032276
8;0.008577;0.032130
8;0.002382;0.032675
8;0.009474;0.041028
8;0.026450;0.052640
8;0.015674;0.053550
8;0.037465;0.058339
8;0.024964;0.081632
8;0.008555;0.064822
8;0.027286;0.065253
