nThread;timeInit;timeCount
1;0.000656;0.006176
1;0.000746;0.005625
1;0.000447;0.005550
1;0.000534;0.006407
1;0.000597;0.005696
1;0.000473;0.005772
1;0.000489;0.006837
1;0.000632;0.006139
1;0.000425;0.005655
1;0.000536;0.006646
1;0.000637;0.006207
1;0.000462;0.005684
1;0.000473;0.006185
1;0.000609;0.006511
1;0.000495;0.005794
1;0.000437;0.006291
1;0.000691;0.008720
1;0.000502;0.006482
1;0.000565;0.006525
1;0.000552;0.005775
