nThread;timeInit;timeCount
16;0.625784;1.459994
16;0.566349;1.279997
16;0.736404;1.210027
16;0.926378;1.629970
16;0.638335;1.379987
16;0.876871;1.079993
16;0.677678;1.190007
16;0.707287;1.080003
16;0.786844;1.039998
16;0.596488;1.129934
16;0.620651;1.120886
16;0.582751;1.235147
16;0.804417;1.642920
16;0.905564;1.249977
16;0.846304;1.022544
16;0.786706;1.070088
16;0.576593;1.390004
16;0.775566;1.249990
16;0.568008;1.164302
16;0.763546;1.723583
