nThread;timeInit;timeCount
1;0.000724;0.009860
1;0.001328;0.006532
1;0.000969;0.006360
1;0.000615;0.008289
1;0.001101;0.007463
1;0.001224;0.006771
1;0.000642;0.007263
1;0.000678;0.008256
1;0.000976;0.007241
1;0.000595;0.005626
1;0.000616;0.006702
1;0.000609;0.007487
1;0.001044;0.007176
1;0.000722;0.007198
1;0.000817;0.007402
1;0.000703;0.007350
1;0.000817;0.007022
1;0.000803;0.006848
1;0.000730;0.005690
1;0.000704;0.006676
