nThread;timeInit;timeCount
2;0.000782;0.011191
2;0.000629;0.011845
2;0.000961;0.010572
2;0.000868;0.008772
2;0.000476;0.008511
2;0.000565;0.009256
2;0.000570;0.010109
2;0.000491;0.008980
2;0.000489;0.009600
2;0.000486;0.009203
2;0.000466;0.008230
2;0.000461;0.009284
2;0.000398;0.008815
2;0.000479;0.009083
2;0.000444;0.008408
2;0.000430;0.008552
2;0.000527;0.009481
2;0.000900;0.009309
2;0.000417;0.012349
2;0.000501;0.010757
