nThread;timeInit;timeCount
2;0.000473;0.001142
2;0.001625;0.001637
2;0.000479;0.001130
2;0.000396;0.001320
2;0.000817;0.001488
2;0.000985;0.001416
2;0.000943;0.001392
2;0.000591;0.001794
2;0.000933;0.001363
2;0.000456;0.001315
2;0.000507;0.001313
2;0.000859;0.001379
2;0.000591;0.001480
2;0.000513;0.001436
2;0.000558;0.001200
2;0.000590;0.001229
2;0.000575;0.001305
2;0.000536;0.001211
2;0.000504;0.001397
2;0.000518;0.001675
