nThread;timeInit;timeCount
8;0.040446;0.014151
8;0.041481;0.030176
8;0.028499;0.043191
8;0.027272;0.008130
8;0.023778;0.032764
8;0.031909;0.036841
8;0.008487;0.002437
8;0.023206;0.028032
8;0.020586;0.035492
8;0.030818;0.039883
8;0.033638;0.048512
8;0.030429;0.031829
8;0.001236;0.003275
8;0.000642;0.002285
8;0.000645;0.003258
8;0.001991;0.002741
8;0.000899;0.003084
8;0.029865;0.038601
8;0.000920;0.015495
8;0.032101;0.038400
