nThread;timeInit;timeCount
16;0.665468;1.002729
16;0.877969;1.060007
16;0.737617;0.887042
16;0.524814;0.949997
16;0.698163;1.029982
16;0.723338;1.059990
16;0.534160;0.860045
16;0.584843;0.554041
16;0.752407;1.000377
16;0.851927;1.222852
16;0.626385;1.030385
16;0.547908;0.909960
16;0.859328;1.119960
16;0.627203;1.009986
16;0.656382;0.739989
16;0.794614;0.880143
16;0.635946;0.890862
16;0.567727;1.029980
16;0.828324;0.999974
16;0.559036;0.859981
