nThread;timeInit;timeCount
1;0.000453;0.000714
1;0.000426;0.000745
1;0.000436;0.000721
1;0.000428;0.000712
1;0.000451;0.000732
1;0.000481;0.000748
1;0.000474;0.000760
1;0.000462;0.000728
1;0.000597;0.001021
1;0.000488;0.000734
1;0.000439;0.000808
1;0.000536;0.000887
1;0.000521;0.000688
1;0.000516;0.000778
1;0.000476;0.000643
1;0.000467;0.000721
1;0.000494;0.000745
1;0.000520;0.000828
1;0.000441;0.000715
1;0.000430;0.000731
