nThread;timeInit;timeCount
4;0.001010;0.002548
4;0.000539;0.002335
4;0.001509;0.002002
4;0.000588;0.002298
4;0.001163;0.001820
4;0.000710;0.001847
4;0.000857;0.002165
4;0.000502;0.001770
4;0.000597;0.001931
4;0.001024;0.001983
4;0.000989;0.001904
4;0.000852;0.002032
4;0.000443;0.001840
4;0.000712;0.001859
4;0.001071;0.001785
4;0.001037;0.001906
4;0.000906;0.001915
4;0.001289;0.001768
4;0.001157;0.001888
4;0.001360;0.001643
