nThread;timeInit;timeCount
1;0.000683;0.001270
1;0.000653;0.001352
1;0.000884;0.001602
1;0.000933;0.001685
1;0.000967;0.001542
1;0.000740;0.001436
1;0.000987;0.001851
1;0.000972;0.001721
1;0.000802;0.001418
1;0.000641;0.001387
1;0.000698;0.001544
1;0.000708;0.001368
1;0.000777;0.001579
1;0.000921;0.001625
1;0.000868;0.001667
1;0.001007;0.001578
1;0.000673;0.001543
1;0.000769;0.001338
1;0.000740;0.001459
1;0.000712;0.001573
