nThread;timeInit;timeCount
2;1.542515;1.180713
2;1.437293;1.163410
2;1.447817;1.166314
2;1.479824;1.194930
2;1.437785;1.145437
2;1.445379;1.164213
2;1.490926;1.157422
2;1.439319;1.182929
2;1.431285;1.154870
2;1.437002;1.124213
2;1.422154;1.194109
2;1.490381;1.183168
2;1.449934;1.164457
2;1.450186;1.169679
2;1.446901;1.250004
2;1.435742;1.142790
2;1.467610;1.129362
2;1.479285;1.216047
2;1.654192;1.253856
2;1.517158;1.245170
