nThread;timeInit;timeCount
8;2.568480;2.889071
8;2.465434;3.103215
8;2.735754;2.626310
8;2.465629;2.437765
8;3.229057;2.765918
8;2.455915;2.736444
8;2.445975;2.496916
8;2.452493;2.607702
8;2.680740;2.334721
8;2.681260;2.621940
8;2.306833;2.667377
8;2.679564;2.737068
8;2.568367;2.635638
8;2.595270;2.542661
8;2.707892;2.885638
8;2.449749;2.683705
8;2.360700;2.471493
8;2.736911;2.431398
8;2.272992;2.556194
8;2.209627;2.783301
