nThread;timeInit;timeCount
1;1.954083;1.325410
1;1.941965;1.376777
1;1.944403;1.328784
1;1.952231;1.323166
1;1.985022;1.324895
1;1.951028;1.362690
1;1.991387;1.327741
1;1.970337;1.339192
1;1.959074;1.388552
1;1.945060;1.323600
1;1.969046;1.330416
1;2.007371;1.332550
1;1.946437;1.322930
1;1.983809;1.323932
1;1.957138;1.326899
1;1.946213;1.387762
1;1.954077;1.330644
1;1.942031;1.339090
1;2.002976;1.329272
1;1.951065;1.326751
