nThread;timeInit;timeCount
4;1.520460;1.433425
4;1.557743;1.430118
4;1.599076;1.390376
4;1.461779;1.387537
4;1.509350;1.383980
4;1.564378;1.441421
4;1.517005;1.424799
4;1.524676;1.399696
4;1.621257;1.645118
4;2.040235;1.440796
4;1.552072;1.484674
4;1.493300;1.436570
4;1.527931;1.411360
4;1.594831;1.451346
4;1.659086;1.498343
4;1.653186;1.551472
4;1.584890;1.414483
4;1.506805;1.406159
4;1.588585;1.392842
4;1.523513;1.367334
