nThread;timeInit;timeCount
1;1.453125;0.828125
1;1.390625;0.828125
1;1.406250;0.828125
1;1.390625;0.875000
1;1.406250;0.796875
1;1.375000;0.812500
1;1.390625;0.812500
1;1.468750;0.812500
1;1.406250;0.843750
1;1.390625;0.812500
1;1.406250;0.843750
1;1.375000;0.812500
1;1.390625;0.828125
1;1.390625;0.812500
1;1.453125;0.812500
1;1.390625;0.812500
1;1.437500;0.828125
1;1.406250;0.859375
1;1.406250;0.812500
1;1.406250;0.812500
