nThread;timeInit;timeCount
4;0.192106;0.124054
4;0.155112;0.132808
4;0.159173;0.151567
4;0.156966;0.125663
4;0.155850;0.128447
4;0.159213;0.126159
4;0.159638;0.125916
4;0.172920;0.134525
4;0.160650;0.137657
4;0.180623;0.141005
4;0.159426;0.136060
4;0.160296;0.125836
4;0.159144;0.128437
4;0.162280;0.125183
4;0.166901;0.126748
4;0.212371;0.156495
4;0.177855;0.133241
4;0.159223;0.135943
4;0.157051;0.129783
4;0.161773;0.130145
