nThread;timeInit;timeCount
1;0.204495;0.133838
1;0.193489;0.135291
1;0.198063;0.137136
1;0.193401;0.132659
1;0.192921;0.134883
1;0.195399;0.132499
1;0.198286;0.131892
1;0.204175;0.131825
1;0.193363;0.136195
1;0.203191;0.147663
1;0.193459;0.140314
1;0.193430;0.135531
1;0.192903;0.132073
1;0.194120;0.166630
1;0.203772;0.131953
1;0.198974;0.131974
1;0.209363;0.131658
1;0.197389;0.132286
1;0.198195;0.137605
1;0.193789;0.132709
