nThread;timeInit;timeCount
2;0.150915;0.121595
2;0.156549;0.121354
2;0.173303;0.116354
2;0.152714;0.114524
2;0.163932;0.117153
2;0.149635;0.120525
2;0.154261;0.117937
2;0.155179;0.108562
2;0.158796;0.116580
2;0.161237;0.116916
2;0.148508;0.110956
2;0.158578;0.113813
2;0.165869;0.109990
2;0.158193;0.113179
2;0.159577;0.116060
2;0.156322;0.115260
2;0.167185;0.115605
2;0.168732;0.117518
2;0.162537;0.121485
2;0.170960;0.123198
