nThread;timeInit;timeCount
8;0.290192;0.375047
8;0.370896;0.485370
8;0.237629;0.385210
8;0.309810;0.376550
8;0.493796;0.376235
8;0.446992;0.319895
8;0.321649;0.446719
8;0.311955;0.460432
8;0.222189;0.307230
8;0.308101;0.327526
8;0.249378;0.290690
8;0.293329;0.343935
8;0.243157;0.333336
8;0.260167;0.324164
8;0.359140;0.515669
8;0.268406;0.336489
8;0.266223;0.342716
8;0.301710;0.356933
8;0.325966;0.414927
8;0.210932;0.344865
