nThread;timeInit;timeCount
1;0.000150;0.000857
1;0.000149;0.000740
1;0.000148;0.000772
1;0.000151;0.000801
1;0.000161;0.000834
1;0.000156;0.000812
1;0.000190;0.000903
1;0.000142;0.000770
1;0.000155;0.000767
1;0.000186;0.000847
1;0.000181;0.001075
1;0.000183;0.001044
1;0.000154;0.000860
1;0.000146;0.000803
1;0.000138;0.000742
1;0.000163;0.000772
1;0.000235;0.000934
1;0.000243;0.001047
1;0.000164;0.000927
1;0.000161;0.000921
