nThread;timeInit;timeCount
2;0.000146;0.001712
2;0.000085;0.000955
2;0.000097;0.001167
2;0.000121;0.001101
2;0.000077;0.001016
2;0.000499;0.001389
2;0.000078;0.001019
2;0.000727;0.001149
2;0.000091;0.001252
2;0.000094;0.001101
2;0.000502;0.001433
2;0.000081;0.001013
2;0.000094;0.001162
2;0.000209;0.001932
2;0.000099;0.001158
2;0.000645;0.001199
2;0.000603;0.001159
2;0.000103;0.001161
2;0.000097;0.001180
2;0.000094;0.001182
