nThread;timeInit;timeCount
16;0.026468;0.330435
16;0.001054;0.307012
16;0.025792;0.258460
16;0.036785;0.240346
16;0.037789;0.420400
16;0.046985;0.220351
16;0.036822;0.280329
16;0.026424;0.230434
16;0.000571;0.248033
16;0.027957;0.388248
16;0.026755;0.318320
16;0.028524;0.268337
16;0.000532;0.387486
16;0.026866;0.350256
16;0.018886;0.288079
16;0.038409;0.310340
16;0.000559;0.378174
16;0.001080;0.317595
16;0.036408;0.200371
16;0.028640;0.258310
