nThread;timeInit;timeCount
4;0.002211;0.003135
4;0.000129;0.002302
4;0.000106;0.001902
4;0.000099;0.001921
4;0.000098;0.001941
4;0.000102;0.001770
4;0.000430;0.001941
4;0.000131;0.002008
4;0.000367;0.001730
4;0.000232;0.001763
4;0.000880;0.002034
4;0.001198;0.001837
4;0.000092;0.001676
4;0.000151;0.001835
4;0.000098;0.001976
4;0.000098;0.001892
4;0.000101;0.001569
4;0.000107;0.001758
4;0.000105;0.002132
4;0.000107;0.001784
