nThread;timeInit;timeCount
1;0.127906;0.019777
1;0.131817;0.020736
1;0.136539;0.020916
1;0.133350;0.020609
1;0.132133;0.023425
1;0.133854;0.021790
1;0.137835;0.020736
1;0.127190;0.020458
1;0.129712;0.020171
1;0.125812;0.020046
1;0.125899;0.020327
1;0.131140;0.020820
1;0.132269;0.020224
1;0.126720;0.020507
1;0.131263;0.021154
1;0.131793;0.021289
1;0.131703;0.020373
1;0.127055;0.020178
1;0.145677;0.020663
1;0.131154;0.021078
