nThread;timeInit;timeCount
2;0.079813;0.030872
2;0.074304;0.031218
2;0.106645;0.043050
2;0.075817;0.031071
2;0.071811;0.030471
2;0.071620;0.031932
2;0.085353;0.031301
2;0.074851;0.031134
2;0.071755;0.030451
2;0.072207;0.034397
2;0.073478;0.035363
2;0.071041;0.031107
2;0.071387;0.031804
2;0.077338;0.029913
2;0.080010;0.030497
2;0.084626;0.031113
2;0.071499;0.031267
2;0.088072;0.031179
2;0.082492;0.030391
2;0.108559;0.030314
