nThread;timeInit;timeCount
4;0.057148;0.030187
4;0.062513;0.030359
4;0.059311;0.034398
4;0.066409;0.033550
4;0.064780;0.033749
4;0.053416;0.030533
4;0.062442;0.031180
4;0.063018;0.035225
4;0.062031;0.033543
4;0.064771;0.033102
4;0.090576;0.040406
4;0.066634;0.035079
4;0.074075;0.030594
4;0.059871;0.034247
4;0.072552;0.031116
4;0.063434;0.033059
4;0.065154;0.030186
4;0.071086;0.034172
4;0.056749;0.034788
4;0.056940;0.030748
