nThread;timeInit;timeCount
1;0.118598;0.040074
1;0.116003;0.041083
1;0.121679;0.042074
1;0.119754;0.041590
1;0.126035;0.039630
1;0.117553;0.040634
1;0.118994;0.041550
1;0.118047;0.041298
1;0.115648;0.040727
1;0.114445;0.040713
1;0.117218;0.040345
1;0.121830;0.040486
1;0.116374;0.040067
1;0.114104;0.039915
1;0.133554;0.041135
1;0.114492;0.040727
1;0.117117;0.041288
1;0.115989;0.039743
1;0.115871;0.040915
1;0.116379;0.040607
