nThread;timeInit;timeCount
8;0.042886;0.028686
8;0.040404;0.027539
8;0.040509;0.028941
8;0.040601;0.027273
8;0.040133;0.026291
8;0.042115;0.029408
8;0.040758;0.028069
8;0.050709;0.034434
8;0.040565;0.028308
8;0.040797;0.027236
8;0.040544;0.027907
8;0.039808;0.027895
8;0.039870;0.028200
8;0.040052;0.028582
8;0.040425;0.028950
8;0.041534;0.027391
8;0.040911;0.028080
8;0.039455;0.026036
8;0.040251;0.027849
8;0.041689;0.028710
