nThread;timeInit;timeCount
16;0.338193;0.768173
16;0.477360;0.446251
16;0.417475;1.115512
16;0.547441;1.055686
16;0.137284;0.315001
16;0.476901;0.815504
16;0.523662;0.875734
16;0.187037;0.506313
16;0.776971;0.625575
16;0.706286;0.855792
16;0.437019;0.646162
16;0.540611;0.730983
16;0.305595;0.715711
16;0.597158;0.644544
16;0.337163;0.575003
16;0.458105;0.565598
16;0.546607;0.865706
16;0.576669;0.685554
16;0.576579;0.696756
16;0.437078;0.555220
