nThread;timeInit;timeCount
8;0.051615;0.088788
8;0.031951;0.079114
8;0.026848;0.079191
8;0.014091;0.091115
8;0.029336;0.087148
8;0.023174;0.083717
8;0.032722;0.088553
8;0.032197;0.073442
8;0.015257;0.093005
8;0.037542;0.080385
8;0.027307;0.077309
8;0.035244;0.085185
8;0.043108;0.083014
8;0.037865;0.082668
8;0.029471;0.078658
8;0.035095;0.099598
8;0.026295;0.084104
8;0.033340;0.074266
8;0.055276;0.113124
8;0.012354;0.088130
