nThread;timeInit;timeCount
16;0.656798;1.620000
16;0.706602;1.379987
16;0.776919;1.709958
16;0.645546;0.983187
16;0.576705;1.639992
16;0.758317;1.419530
16;0.746448;1.640010
16;0.636372;1.409782
16;0.776698;1.499995
16;0.734926;1.462228
16;0.571639;1.186249
16;0.497637;1.709968
16;0.626696;1.229993
16;0.666091;1.080009
16;0.637273;1.146684
16;0.827214;0.965922
16;0.728238;1.822493
16;0.776890;1.890927
16;0.897621;1.269966
16;0.797853;0.864796
