nThread;timeInit;timeCount
4;0.007617;0.032196
4;0.010267;0.032105
4;0.010951;0.032197
4;0.010167;0.032408
4;0.010571;0.031668
4;0.009986;0.032794
4;0.009777;0.033530
4;0.009882;0.033950
4;0.011100;0.033860
4;0.010113;0.032086
4;0.011019;0.034038
4;0.009635;0.034327
4;0.009315;0.033355
4;0.010269;0.033388
4;0.010082;0.036601
4;0.009627;0.033002
4;0.010197;0.032912
4;0.009716;0.032567
4;0.009678;0.034589
4;0.010715;0.031770
