nThread;timeInit;timeCount
2;0.009565;0.021985
2;0.009955;0.020989
2;0.010189;0.020773
2;0.012552;0.020419
2;0.010396;0.020906
2;0.013493;0.020252
2;0.009828;0.020696
2;0.011679;0.023137
2;0.011026;0.022523
2;0.011420;0.021131
2;0.009566;0.020731
2;0.009490;0.021479
2;0.009733;0.021847
2;0.011017;0.021482
2;0.009793;0.021172
2;0.010362;0.020930
2;0.009743;0.020679
2;0.009631;0.026752
2;0.009979;0.020711
2;0.012783;0.021007
