nThread;timeInit;timeCount
1;0.016222;0.022706
1;0.017776;0.018097
1;0.015526;0.017389
1;0.017739;0.020451
1;0.017859;0.017308
1;0.015928;0.017206
1;0.016620;0.017713
1;0.016139;0.017457
1;0.017347;0.022752
1;0.044017;0.027546
1;0.017995;0.017907
1;0.015969;0.017595
1;0.015925;0.018864
1;0.016794;0.017436
1;0.017584;0.018872
1;0.016531;0.017295
1;0.016265;0.017290
1;0.016312;0.017471
1;0.016266;0.017721
1;0.016620;0.017617
