nThread;timeInit;timeCount
1;0.015555;0.017776
1;0.014792;0.017123
1;0.014264;0.017464
1;0.015638;0.018255
1;0.015323;0.016990
1;0.014982;0.018139
1;0.016094;0.017667
1;0.015978;0.018415
1;0.014103;0.017943
1;0.014472;0.016996
1;0.018928;0.017606
1;0.014188;0.017951
1;0.016073;0.017711
1;0.015228;0.017272
1;0.014585;0.017430
1;0.016165;0.017453
1;0.015241;0.017067
1;0.014130;0.017297
1;0.014087;0.017436
1;0.015321;0.018564
