nThread;timeInit;timeCount
16;0.686488;0.949237
16;0.825068;0.729984
16;0.907984;0.999650
16;0.586462;0.954849
16;0.569380;0.768713
16;1.046634;1.221066
16;0.639808;0.977233
16;0.645209;0.949995
16;0.936687;0.880043
16;0.928042;1.180011
16;0.876914;1.306706
16;0.748222;0.984014
16;0.587005;0.840045
16;0.696833;0.960008
16;0.797778;1.059943
16;0.757713;1.014996
16;0.777664;0.759644
16;0.716501;1.030002
16;0.556108;0.809709
16;0.807684;0.999957
