nThread;timeInit;timeCount
2;0.009679;0.009990
2;0.009524;0.007238
2;0.013800;0.007593
2;0.009565;0.007302
2;0.010382;0.007062
2;0.010218;0.007120
2;0.009771;0.007411
2;0.009606;0.007095
2;0.009621;0.006973
2;0.009521;0.007868
2;0.010874;0.009637
2;0.009469;0.007200
2;0.009398;0.006970
2;0.011968;0.007150
2;0.010086;0.007149
2;0.010646;0.007110
2;0.009755;0.007339
2;0.009159;0.007046
2;0.012878;0.008714
2;0.010121;0.007052
