nThread;timeInit;timeCount
1;0.016369;0.006908
1;0.013770;0.006880
1;0.015405;0.006804
1;0.013729;0.006411
1;0.013486;0.006834
1;0.015407;0.006754
1;0.014314;0.006751
1;0.013843;0.006608
1;0.016117;0.007332
1;0.013878;0.006824
1;0.013998;0.007022
1;0.015572;0.006738
1;0.014089;0.006727
1;0.013620;0.006801
1;0.013593;0.006921
1;0.015581;0.006673
1;0.013728;0.006786
1;0.014298;0.006733
1;0.015915;0.006713
1;0.013875;0.006499
