nThread;timeInit;timeCount
4;0.008271;0.006893
4;0.009235;0.008845
4;0.009158;0.008786
4;0.008993;0.008715
4;0.009601;0.008130
4;0.009408;0.008969
4;0.008299;0.008398
4;0.009552;0.008220
4;0.008841;0.007711
4;0.009048;0.008086
4;0.008968;0.009301
4;0.009701;0.008497
4;0.010301;0.008316
4;0.010104;0.008555
4;0.009486;0.012495
4;0.009498;0.009176
4;0.008509;0.007943
4;0.009964;0.008863
4;0.009515;0.007951
4;0.009087;0.008642
