nThread;timeInit;timeCount
8;0.037553;0.042979
8;0.030010;0.044386
8;0.031550;0.040665
8;0.017184;0.047033
8;0.042950;0.028474
8;0.038049;0.015480
8;0.035529;0.041439
8;0.035863;0.042523
8;0.018343;0.047606
8;0.018728;0.058005
8;0.036689;0.024418
8;0.032460;0.039295
8;0.034469;0.039896
8;0.048528;0.068168
8;0.047449;0.041330
8;0.044966;0.050907
8;0.040795;0.033954
8;0.045224;0.040286
8;0.038934;0.044112
8;0.036049;0.056055
