nThread;timeInit;timeCount
1;0.015239;0.008573
1;0.015979;0.006876
1;0.013781;0.006877
1;0.013907;0.008284
1;0.015686;0.007310
1;0.014300;0.007948
1;0.015921;0.006729
1;0.015520;0.007016
1;0.015891;0.006468
1;0.013359;0.006808
1;0.015643;0.007069
1;0.014776;0.006775
1;0.014736;0.006414
1;0.013947;0.006739
1;0.015548;0.007113
1;0.014410;0.008080
1;0.016315;0.007536
1;0.014090;0.006309
1;0.013134;0.006685
1;0.014394;0.006990
