nThread;timeInit;timeCount
16;0.502534;0.698722
16;0.679050;0.968764
16;0.796574;0.905219
16;0.776721;0.913633
16;0.617387;0.722357
16;0.646410;0.909107
16;0.905051;1.233296
16;0.676606;1.030365
16;0.766088;0.848903
16;0.657252;0.840325
16;0.707715;1.030318
16;0.966155;0.837529
16;0.867586;0.800827
16;0.897151;1.080298
16;0.786546;0.813795
16;0.665302;1.051021
16;0.512681;0.757932
16;0.860068;1.034994
16;0.754598;0.896603
16;0.696002;0.941812
