nThread;timeInit;timeCount
1;0.139104;0.051422
1;0.133185;0.050763
1;0.136286;0.049776
1;0.141879;0.053869
1;0.138597;0.050030
1;0.138524;0.051372
1;0.135375;0.057253
1;0.136328;0.051694
1;0.134687;0.049555
1;0.141224;0.051726
1;0.155700;0.064605
1;0.165102;0.056628
1;0.135047;0.051342
1;0.143974;0.050808
1;0.133480;0.051130
1;0.138026;0.051142
1;0.134540;0.052990
1;0.134702;0.051726
1;0.133751;0.051644
1;0.147313;0.050714
