nThread;timeInit;timeCount
1;0.146484;0.051872
1;0.153736;0.060257
1;0.147347;0.049008
1;0.148027;0.050539
1;0.154567;0.049064
1;0.141507;0.048857
1;0.143529;0.050893
1;0.150928;0.049791
1;0.141217;0.048917
1;0.145477;0.049359
1;0.146246;0.050139
1;0.140399;0.050978
1;0.148237;0.051774
1;0.141203;0.048865
1;0.145939;0.049578
1;0.152417;0.055260
1;0.151047;0.049839
1;0.151435;0.050072
1;0.153727;0.051553
1;0.150857;0.051098
