nThread;timeInit;timeCount
8;0.089033;0.079092
8;0.096628;0.078998
8;0.115657;0.081324
8;0.098391;0.080649
8;0.100709;0.078375
8;0.090523;0.091938
8;0.101254;0.090698
8;0.102841;0.132488
8;0.109754;0.114464
8;0.146761;0.105155
8;0.167014;0.063420
8;0.077160;0.048436
8;0.068521;0.040093
8;0.070451;0.041162
8;0.066725;0.040935
8;0.067447;0.040398
8;0.068512;0.040501
8;0.069437;0.039656
8;0.070876;0.040486
8;0.070424;0.063729
