nThread;timeInit;timeCount
4;0.082982;0.045308
4;0.078325;0.044227
4;0.076782;0.046501
4;0.081223;0.046340
4;0.080530;0.045378
4;0.090698;0.046110
4;0.081157;0.045440
4;0.078919;0.043344
4;0.083595;0.044982
4;0.078891;0.042227
4;0.077585;0.044109
4;0.082336;0.048065
4;0.079980;0.045563
4;0.082960;0.045680
4;0.080830;0.045681
4;0.082352;0.044735
4;0.077983;0.047973
4;0.081608;0.045183
4;0.083705;0.047555
4;0.074927;0.044404
