nThread;timeInit;timeCount
2;0.112383;0.047801
2;0.105071;0.043711
2;0.100650;0.043639
2;0.103952;0.043850
2;0.107736;0.048177
2;0.108038;0.044127
2;0.100462;0.042786
2;0.105188;0.043768
2;0.098889;0.071729
2;0.119737;0.058509
2;0.126983;0.050381
2;0.123856;0.045109
2;0.106686;0.047212
2;0.105658;0.043432
2;0.102593;0.043158
2;0.099273;0.044737
2;0.100264;0.043850
2;0.111457;0.050656
2;0.119025;0.053853
2;0.130560;0.065579
