nThread;timeInit;timeCount
8;0.046576;0.284335
8;0.048782;0.285279
8;0.052400;0.302053
8;0.114635;0.567035
8;0.055812;0.349458
8;0.053620;0.334967
8;0.059970;0.315972
8;0.082431;0.360158
8;0.078121;0.340204
8;0.055595;0.297184
8;0.074332;0.284920
8;0.042716;0.272340
8;0.043483;0.263443
8;0.067979;0.309545
8;0.042440;0.268463
8;0.044137;0.263443
8;0.053119;0.286384
8;0.044047;0.264796
8;0.041609;0.259772
8;0.042356;0.261970
