nThread;timeInit;timeCount
16;0.666894;1.180565
16;0.204210;1.213944
16;0.087959;1.228582
16;0.429101;1.360520
16;0.667014;1.829327
16;0.208717;1.799098
16;0.487735;1.279878
16;0.508707;0.843385
16;0.432567;1.321979
16;0.484289;1.384660
16;0.387101;1.298976
16;0.458756;1.952947
16;0.586981;1.777632
16;0.416667;1.391559
16;0.447335;1.305218
16;0.207793;1.214044
16;0.217067;1.385187
16;0.477171;1.473998
16;0.317365;0.965034
16;0.508952;1.646379
