nThread;timeInit;timeCount
1;0.126239;0.165164
1;0.120397;0.151765
1;0.122134;0.152727
1;0.121334;0.150640
1;0.116134;0.119378
1;0.104505;0.120458
1;0.134746;0.150127
1;0.119973;0.150384
1;0.119805;0.155884
1;0.124977;0.160745
1;0.123922;0.153486
1;0.126359;0.154201
1;0.123458;0.153908
1;0.132591;0.154083
1;0.128378;0.150103
1;0.125722;0.150787
1;0.121951;0.149669
1;0.120098;0.157837
1;0.122201;0.155372
1;0.123998;0.136325
