nThread;timeInit;timeCount
2;0.077101;0.152853
2;0.079008;0.164557
2;0.074847;0.168994
2;0.080739;0.159295
2;0.077753;0.151274
2;0.075339;0.153246
2;0.074140;0.153528
2;0.079365;0.151069
2;0.075844;0.153195
2;0.074154;0.141564
2;0.073923;0.133553
2;0.064831;0.157023
2;0.074941;0.161633
2;0.074069;0.156710
2;0.078905;0.150376
2;0.087802;0.147182
2;0.076875;0.152933
2;0.088960;0.156072
2;0.073178;0.150450
2;0.075884;0.155284
