nThread;timeInit;timeCount
1;0.106428;0.111431
1;0.106266;0.145362
1;0.104363;0.113907
1;0.098867;0.148056
1;0.131206;0.139482
1;0.123917;0.140375
1;0.125827;0.139773
1;0.129728;0.146649
1;0.124995;0.141475
1;0.118821;0.129592
1;0.106606;0.138985
1;0.130685;0.141191
1;0.128424;0.146533
1;0.131792;0.151978
1;0.130620;0.155614
1;0.133223;0.148554
1;0.127597;0.146901
1;0.132993;0.151811
1;0.133406;0.149819
1;0.127895;0.147835
