nThread;timeInit;timeCount
4;0.049347;0.189622
4;0.051775;0.209311
4;0.055749;0.213433
4;0.053150;0.212513
4;0.066161;0.222004
4;0.068199;0.210960
4;0.057759;0.223921
4;0.058008;0.198833
4;0.052040;0.192929
4;0.060215;0.208103
4;0.059743;0.219357
4;0.055072;0.216898
4;0.063197;0.224601
4;0.061243;0.212434
4;0.058458;0.214776
4;0.058414;0.221420
4;0.061560;0.213873
4;0.070185;0.221755
4;0.059276;0.239503
4;0.057111;0.211119
