nThread;timeInit;timeCount
1;0.014641;0.009043
1;0.013873;0.006736
1;0.016934;0.008497
1;0.013515;0.006728
1;0.015832;0.006639
1;0.014416;0.006636
1;0.013768;0.006438
1;0.014201;0.006834
1;0.015881;0.006388
1;0.014161;0.006509
1;0.013241;0.006761
1;0.015306;0.006642
1;0.014413;0.006595
1;0.013704;0.007163
1;0.015307;0.006644
1;0.014568;0.006718
1;0.013596;0.006402
1;0.014130;0.006713
1;0.015277;0.006558
1;0.014783;0.006448
