nThread;timeInit;timeCount
4;0.008953;0.007662
4;0.009051;0.007554
4;0.010166;0.008943
4;0.008934;0.008547
4;0.008534;0.009531
4;0.009855;0.007644
4;0.011017;0.008716
4;0.009235;0.008090
4;0.009137;0.008782
4;0.009414;0.007627
4;0.009802;0.008420
4;0.010025;0.008425
4;0.009304;0.007794
4;0.009401;0.013935
4;0.009615;0.007377
4;0.012243;0.007700
4;0.010088;0.008705
4;0.009152;0.009142
4;0.009236;0.008491
4;0.009739;0.010715
