nThread;timeInit;timeCount
16;0.646860;0.860153
16;0.907943;0.840007
16;0.656683;1.151710
16;0.787001;1.040169
16;0.567754;0.610003
16;0.726817;1.139608
16;0.776685;0.937105
16;0.626507;0.972969
16;0.665679;0.855549
16;0.746708;0.919950
16;0.616420;0.735855
16;0.573420;0.856416
16;0.576673;0.789978
16;0.563219;0.922423
16;0.825116;0.879987
16;0.664140;0.969437
16;0.557448;0.889999
16;0.666271;1.142118
16;0.978597;1.419983
16;0.586663;0.939982
