nThread;timeInit;timeCount
8;0.028238;0.015682
8;0.041903;0.039391
8;0.031343;0.034216
8;0.018888;0.033322
8;0.026892;0.038981
8;0.043130;0.034039
8;0.023899;0.046368
8;0.041547;0.032519
8;0.044413;0.038905
8;0.038183;0.039150
8;0.041599;0.047433
8;0.048111;0.049160
8;0.022742;0.018629
8;0.042837;0.019811
8;0.031544;0.032692
8;0.014378;0.028374
8;0.026798;0.019167
8;0.033566;0.034759
8;0.029036;0.059931
8;0.040544;0.048537
