nThread;timeInit;timeCount
1;0.071024;0.069130
1;0.066366;0.077627
1;0.061971;0.055367
1;0.058695;0.060540
1;0.058710;0.060950
1;0.057935;0.059573
1;0.061867;0.059992
1;0.063173;0.059155
1;0.057232;0.054129
1;0.060142;0.055167
1;0.062724;0.057545
1;0.057388;0.055714
1;0.054755;0.059440
1;0.061187;0.056395
1;0.058262;0.057585
1;0.058069;0.058529
1;0.064344;0.061639
1;0.056001;0.061040
1;0.062654;0.059281
1;0.058880;0.057398
