nThread;timeInit;timeCount
2;0.017164;0.014866
2;0.015211;0.009035
2;0.010180;0.009834
2;0.009501;0.007059
2;0.009850;0.009322
2;0.011157;0.008897
2;0.009339;0.007099
2;0.012922;0.007609
2;0.009631;0.006957
2;0.009442;0.007688
2;0.008874;0.007598
2;0.009835;0.007114
2;0.009344;0.006999
2;0.010601;0.006944
2;0.009497;0.007409
2;0.010016;0.007139
2;0.010256;0.007019
2;0.009735;0.006961
2;0.010197;0.006860
2;0.009948;0.007779
