nThread;timeInit;timeCount
4;0.000611;0.000082
4;0.000101;0.000118
4;0.000700;0.000134
4;0.000109;0.000087
4;0.000531;0.000086
4;0.000157;0.000095
4;0.000475;0.000084
4;0.001028;0.000081
4;0.000105;0.000105
4;0.000192;0.000106
4;0.000120;0.000094
4;0.000536;0.000088
4;0.000574;0.000110
4;0.000105;0.000102
4;0.000755;0.000111
4;0.000120;0.000105
4;0.000098;0.000103
4;0.000834;0.000117
4;0.000103;0.000106
4;0.000444;0.000093
