nThread;timeInit;timeCount
8;0.002929;0.005718
8;0.000093;0.012621
8;0.000166;0.000138
8;0.000343;0.000146
8;0.000859;0.000146
8;0.000585;0.000187
8;0.000912;0.000160
8;0.003983;0.011620
8;0.019815;0.032481
8;0.001668;0.008738
8;0.005859;0.007787
8;0.000095;0.011289
8;0.005995;0.011462
8;0.005533;0.007030
8;0.000129;0.000135
8;0.000103;0.004853
8;0.001555;0.012782
8;0.000570;0.010143
8;0.004417;0.007822
8;0.001505;0.006979
