nThread;timeInit;timeCount
16;0.027382;0.129995
16;0.037016;0.239988
16;0.019630;0.336803
16;0.018796;0.187722
16;0.019586;0.227079
16;0.000587;0.196604
16;0.036811;0.230001
16;0.019074;0.237853
16;0.000536;0.207410
16;0.027836;0.227643
16;0.038493;0.270008
16;0.037880;0.200022
16;0.000801;0.237937
16;0.020746;0.174991
16;0.026617;0.279991
16;0.018773;0.207919
16;0.036600;0.239971
16;0.026725;0.249973
16;0.036827;0.240021
16;0.026792;0.279979
