nThread;timeInit;timeCount
1;0.000154;0.000064
1;0.000136;0.000068
1;0.000148;0.000060
1;0.000149;0.000051
1;0.000145;0.000057
1;0.000242;0.000078
1;0.000151;0.000087
1;0.000112;0.000043
1;0.000161;0.000056
1;0.000139;0.000057
1;0.000128;0.000044
1;0.000147;0.000055
1;0.000138;0.000056
1;0.000200;0.000049
1;0.000133;0.000054
1;0.000136;0.000057
1;0.000125;0.000046
1;0.000132;0.000058
1;0.000156;0.000060
1;0.000134;0.000053
