nThread;timeInit;timeCount
1;0.013439;0.008889
1;0.013387;0.007300
1;0.014542;0.007728
1;0.014573;0.007855
1;0.016060;0.007824
1;0.015466;0.008020
1;0.014828;0.008169
1;0.014368;0.007379
1;0.015035;0.007870
1;0.013806;0.007310
1;0.014611;0.007398
1;0.013968;0.007011
1;0.014248;0.007188
1;0.013572;0.007019
1;0.013825;0.007200
1;0.013528;0.006999
1;0.013872;0.007350
1;0.013835;0.007103
1;0.014229;0.006958
1;0.014459;0.006902
