nThread;timeInit;timeCount
1;0.015586;0.006014
1;0.014966;0.005114
1;0.016262;0.006125
1;0.015780;0.005820
1;0.015940;0.005175
1;0.015524;0.005351
1;0.014729;0.005802
1;0.016600;0.005647
1;0.015546;0.004905
1;0.015395;0.005264
1;0.015159;0.005770
1;0.015040;0.005741
1;0.019730;0.005635
1;0.014877;0.006308
1;0.015334;0.005493
1;0.016835;0.005167
1;0.015243;0.005334
1;0.016041;0.005341
1;0.016939;0.005206
1;0.015888;0.005389
