nThread;timeInit;timeCount
16;0.076814;0.341773
16;0.076939;0.441536
16;0.066666;0.471318
16;0.028625;0.401131
16;0.038253;0.361395
16;0.076411;0.311552
16;0.067338;0.291426
16;0.067132;0.320936
16;0.056894;0.351536
16;0.037558;0.401569
16;0.037148;0.279339
16;0.067050;0.401505
16;0.038830;0.411257
16;0.020583;0.257771
16;0.086689;0.371875
16;0.021524;0.397074
16;0.021101;0.367532
16;0.077247;0.231751
16;0.037520;0.351537
16;0.057478;0.310967
