nThread;timeInit;timeCount
2;0.008409;0.006137
2;0.007933;0.005674
2;0.007571;0.005612
2;0.007479;0.005750
2;0.007871;0.005523
2;0.007717;0.005639
2;0.007851;0.005614
2;0.007903;0.005782
2;0.007403;0.005716
2;0.007665;0.005524
2;0.007517;0.005823
2;0.007972;0.008780
2;0.007643;0.005715
2;0.007443;0.005636
2;0.009683;0.007206
2;0.007710;0.005870
2;0.007663;0.005538
2;0.007529;0.005544
2;0.007776;0.008124
2;0.007579;0.005579
