nThread;timeInit;timeCount
4;0.007203;0.007387
4;0.005950;0.007144
4;0.007127;0.006526
4;0.007648;0.008878
4;0.008549;0.006828
4;0.006813;0.006720
4;0.006014;0.007382
4;0.007533;0.007715
4;0.006117;0.007311
4;0.006741;0.007124
4;0.007688;0.007352
4;0.008005;0.007403
4;0.007244;0.007200
4;0.006977;0.007159
4;0.007286;0.006947
4;0.007627;0.006978
4;0.007796;0.007238
4;0.008199;0.007406
4;0.007775;0.007556
4;0.007520;0.007419
