nThread;timeInit;timeCount
8;0.008257;0.022039
8;0.011179;0.020610
8;0.010330;0.017276
8;0.010542;0.020417
8;0.008156;0.021957
8;0.008684;0.017259
8;0.009263;0.018267
8;0.014237;0.016383
8;0.006756;0.016597
8;0.010640;0.024185
8;0.007299;0.014883
8;0.006441;0.014403
8;0.014442;0.018455
8;0.008340;0.016012
8;0.009582;0.022571
8;0.012681;0.020638
8;0.006998;0.006693
8;0.008917;0.018433
8;0.005532;0.013953
8;0.010564;0.012960
