nThread;timeInit;timeCount
2;0.000565;0.001590
2;0.000526;0.001183
2;0.000493;0.001170
2;0.000571;0.001287
2;0.000785;0.002131
2;0.000915;0.001371
2;0.000577;0.001629
2;0.000854;0.001241
2;0.000501;0.001215
2;0.000869;0.001391
2;0.000465;0.001377
2;0.000394;0.001182
2;0.000389;0.001268
2;0.000546;0.001175
2;0.000481;0.001374
2;0.000470;0.001252
2;0.000633;0.001624
2;0.000415;0.001319
2;0.000488;0.001304
2;0.000597;0.001342
