nThread;timeInit;timeCount
1;0.000561;0.000949
1;0.000448;0.000846
1;0.000537;0.000831
1;0.000458;0.000857
1;0.000455;0.001058
1;0.000460;0.000850
1;0.000457;0.000839
1;0.000502;0.000891
1;0.000517;0.000875
1;0.000611;0.000923
1;0.000696;0.001022
1;0.000778;0.001054
1;0.000659;0.001052
1;0.000626;0.001193
1;0.000629;0.001034
1;0.000700;0.001019
1;0.000681;0.001224
1;0.000908;0.001306
1;0.000589;0.001244
1;0.000458;0.000916
