nThread;timeInit;timeCount
8;0.052933;0.048775
8;0.021737;0.035491
8;0.006555;0.029920
8;0.023948;0.041659
8;0.036339;0.037626
8;0.024076;0.033450
8;0.032135;0.031948
8;0.006376;0.002668
8;0.024517;0.030095
8;0.031806;0.029379
8;0.024536;0.028882
8;0.035134;0.038154
8;0.001565;0.014414
8;0.010969;0.010459
8;0.025724;0.011398
8;0.019089;0.033874
8;0.031771;0.002909
8;0.000822;0.002865
8;0.001407;0.002929
8;0.001741;0.002884
