nThread;timeInit;timeCount
4;0.000562;0.002196
4;0.001379;0.002046
4;0.000953;0.001884
4;0.001519;0.001986
4;0.001951;0.002115
4;0.000631;0.002313
4;0.001518;0.001950
4;0.001086;0.002073
4;0.000841;0.001741
4;0.000712;0.002156
4;0.000616;0.002213
4;0.000576;0.002155
4;0.006132;0.002542
4;0.001533;0.002611
4;0.000633;0.002942
4;0.000931;0.002582
4;0.001419;0.002025
4;0.000546;0.002397
4;0.000803;0.002201
4;0.001881;0.002057
