nThread;timeInit;timeCount
16;0.726595;0.819961
16;0.717620;1.040010
16;0.936350;1.059999
16;0.757906;0.850007
16;0.847853;1.260040
16;0.815727;0.760761
16;0.777642;1.112054
16;0.676816;1.038257
16;0.636722;0.909979
16;0.747708;1.029977
16;0.634338;0.872050
16;0.781235;1.049958
16;0.636234;0.799981
16;0.716350;0.779983
16;0.758634;0.777907
16;0.837465;1.199993
16;0.705007;1.019868
16;0.755407;0.939992
16;0.636353;0.702338
16;0.686298;0.800490
