nThread;timeInit;timeCount
1;0.000447;0.000754
1;0.000370;0.000832
1;0.000516;0.000965
1;0.000529;0.001022
1;0.000361;0.000827
1;0.000418;0.000793
1;0.000558;0.000940
1;0.000534;0.001029
1;0.000354;0.000735
1;0.000402;0.000756
1;0.000435;0.000755
1;0.000545;0.000754
1;0.000382;0.000815
1;0.000372;0.000704
1;0.000363;0.000695
1;0.000455;0.000844
1;0.000434;0.001100
1;0.000391;0.000736
1;0.000344;0.000713
1;0.000505;0.000867
