nThread;timeInit;timeCount
1;0.139525;0.077074
1;0.130363;0.077515
1;0.129932;0.076928
1;0.131282;0.077588
1;0.128783;0.081278
1;0.129237;0.076840
1;0.129708;0.078200
1;0.127158;0.075940
1;0.128633;0.076489
1;0.127875;0.074803
1;0.126436;0.076438
1;0.125342;0.075689
1;0.128541;0.075979
1;0.126574;0.076888
1;0.125283;0.075987
1;0.128592;0.094374
1;0.151767;0.100510
1;0.168173;0.080289
1;0.136764;0.077560
1;0.121659;0.077237
