nThread;timeInit;timeCount
1;0.128838;0.061191
1;0.128803;0.062209
1;0.126869;0.061607
1;0.139546;0.060894
1;0.132563;0.060443
1;0.128395;0.061211
1;0.131630;0.061537
1;0.127936;0.060555
1;0.130211;0.060703
1;0.129300;0.061265
1;0.129174;0.060723
1;0.130992;0.061886
1;0.127118;0.060305
1;0.128682;0.059909
1;0.133949;0.062610
1;0.127712;0.062121
1;0.129742;0.068744
1;0.140926;0.063760
1;0.138588;0.064165
1;0.127835;0.060271
