nThread;timeInit;timeCount
4;0.066888;0.145242
4;0.075380;0.144361
4;0.072214;0.147753
4;0.073350;0.138931
4;0.069250;0.140802
4;0.073682;0.144017
4;0.065675;0.142055
4;0.062038;0.134116
4;0.068215;0.133245
4;0.057170;0.144290
4;0.083302;0.146487
4;0.065824;0.132439
4;0.071034;0.140702
4;0.057993;0.132842
4;0.063158;0.140805
4;0.065787;0.137875
4;0.059291;0.140040
4;0.073925;0.131984
4;0.073457;0.137849
4;0.069918;0.141154
