nThread;timeInit;timeCount
8;0.043200;0.191899
8;0.042105;0.191680
8;0.042562;0.190553
8;0.063706;0.200427
8;0.044048;0.196627
8;0.089842;0.214241
8;0.041979;0.192456
8;0.044178;0.190254
8;0.046365;0.191665
8;0.041925;0.190619
8;0.043517;0.194138
8;0.042090;0.188720
8;0.042558;0.188744
8;0.042245;0.190202
8;0.044350;0.188399
8;0.043662;0.191304
8;0.043146;0.187954
8;0.044766;0.194311
8;0.056128;0.217954
8;0.043733;0.190590
