nThread;timeInit;timeCount
16;0.448084;1.387326
16;0.627401;1.083372
16;0.298413;1.671203
16;0.090757;0.760884
16;0.456325;1.513726
16;0.747359;1.253687
16;0.447375;1.343484
16;0.376517;1.533116
16;0.089461;1.392572
16;0.186898;1.152989
16;0.475822;1.413263
16;0.398055;1.281069
16;0.130219;1.225576
16;0.446615;0.994157
16;0.098863;1.094235
16;0.448552;1.096703
16;0.547483;1.005506
16;0.407493;1.995552
16;0.247543;1.167534
16;0.175354;1.197834
