nThread;timeInit;timeCount
2;0.106564;0.082778
2;0.084999;0.079204
2;0.076154;0.079530
2;0.081451;0.080494
2;0.079158;0.089808
2;0.087761;0.084970
2;0.079094;0.088808
2;0.079809;0.080444
2;0.076498;0.085658
2;0.082020;0.081340
2;0.080432;0.080572
2;0.088931;0.086218
2;0.074754;0.080698
2;0.077390;0.091315
2;0.081806;0.081917
2;0.076769;0.079566
2;0.085142;0.089543
2;0.083716;0.085014
2;0.075055;0.122187
2;0.076799;0.077626
