nThread;timeInit;timeCount
4;0.007476;0.006399
4;0.008596;0.007004
4;0.008274;0.006637
4;0.007807;0.007508
4;0.007801;0.006740
4;0.008022;0.007372
4;0.007691;0.007524
4;0.008791;0.007431
4;0.008126;0.007911
4;0.008462;0.006868
4;0.007757;0.007032
4;0.006371;0.007231
4;0.008465;0.006414
4;0.007358;0.007902
4;0.007646;0.006718
4;0.006687;0.007323
4;0.009348;0.007261
4;0.006591;0.006174
4;0.007894;0.007422
4;0.007984;0.007888
