nThread;timeInit;timeCount
1;0.019191;0.006924
1;0.014997;0.006235
1;0.013597;0.006271
1;0.019079;0.007593
1;0.016456;0.007347
1;0.017055;0.008795
1;0.016175;0.006415
1;0.013312;0.006673
1;0.016960;0.008713
1;0.017118;0.010053
1;0.013327;0.006788
1;0.016142;0.006778
1;0.014943;0.008177
1;0.019364;0.007448
1;0.016129;0.007948
1;0.015848;0.008487
1;0.015199;0.008036
1;0.015924;0.008049
1;0.014975;0.008455
1;0.015712;0.007191
