nThread;timeInit;timeCount
8;0.008374;0.019133
8;0.010731;0.014745
8;0.008476;0.019659
8;0.009010;0.023180
8;0.008890;0.017163
8;0.010518;0.011423
8;0.007778;0.024547
8;0.007671;0.017297
8;0.008160;0.021791
8;0.008698;0.019088
8;0.010821;0.025198
8;0.008415;0.015908
8;0.007662;0.014536
8;0.013548;0.020354
8;0.009366;0.020546
8;0.013134;0.013226
8;0.008366;0.020502
8;0.009568;0.021292
8;0.010358;0.015112
8;0.007240;0.019906
