nThread;timeInit;timeCount
2;0.010442;0.009401
2;0.010273;0.008479
2;0.014169;0.007704
2;0.009568;0.007842
2;0.008657;0.006468
2;0.008832;0.006032
2;0.009502;0.006096
2;0.008646;0.005960
2;0.008509;0.006287
2;0.008735;0.005916
2;0.008848;0.006430
2;0.008536;0.006153
2;0.009346;0.006102
2;0.008486;0.005870
2;0.008531;0.006141
2;0.008673;0.005950
2;0.008642;0.006141
2;0.008543;0.006172
2;0.012837;0.006765
2;0.008864;0.006100
