nThread;timeInit;timeCount
16;0.068302;0.292124
16;0.056462;0.291869
16;0.059093;0.381964
16;0.087248;0.281863
16;0.067341;0.291500
16;0.040388;0.371816
16;0.037847;0.371902
16;0.038151;0.362066
16;0.021995;0.307173
16;0.021158;0.328482
16;0.066967;0.232235
16;0.058304;0.442197
16;0.047715;0.230953
16;0.022413;0.286783
16;0.038251;0.312200
16;0.086423;0.292447
16;0.076825;0.292071
16;0.030783;0.198404
16;0.076886;0.342335
16;0.038107;0.262258
