nThread;timeInit;timeCount
1;0.014621;0.007128
1;0.014658;0.005916
1;0.011966;0.003854
1;0.011955;0.004797
1;0.012858;0.004221
1;0.011923;0.005531
1;0.012490;0.005066
1;0.012243;0.003996
1;0.011200;0.004021
1;0.013373;0.004196
1;0.012668;0.005035
1;0.013458;0.005438
1;0.011864;0.004253
1;0.012176;0.003761
1;0.011540;0.004043
1;0.012937;0.005496
1;0.012808;0.005336
1;0.011852;0.005035
1;0.012402;0.003695
1;0.011493;0.004296
