nThread;timeInit;timeCount
8;0.025106;0.039411
8;0.041936;0.047647
8;0.023626;0.007571
8;0.033231;0.034133
8;0.037827;0.016335
8;0.025771;0.022781
8;0.048971;0.047445
8;0.004979;0.009507
8;0.035354;0.047227
8;0.034727;0.019290
8;0.048016;0.012721
8;0.015379;0.013836
8;0.019762;0.042490
8;0.018544;0.046018
8;0.013298;0.003308
8;0.024786;0.034264
8;0.025311;0.036625
8;0.030676;0.031384
8;0.038945;0.035431
8;0.024950;0.025743
