nThread;timeInit;timeCount
16;0.826637;0.956277
16;0.777081;0.929971
16;0.666930;0.739987
16;0.917591;1.150366
16;0.576519;0.869988
16;0.737445;0.928881
16;0.714680;0.859985
16;0.756308;1.000426
16;0.565880;0.690225
16;0.720801;0.826145
16;0.987940;0.980158
16;0.536974;0.899977
16;0.616796;1.059972
16;0.709477;0.735986
16;0.776479;0.909968
16;0.696695;0.892068
16;0.587811;0.949981
16;0.616548;0.839981
16;0.596518;0.729994
16;0.676005;0.907432
