nThread;timeInit;timeCount
1;0.003818;0.001800
1;0.004163;0.000838
1;0.002622;0.000862
1;0.002306;0.000864
1;0.002317;0.000517
1;0.003049;0.000783
1;0.002683;0.000642
1;0.002803;0.000667
1;0.002465;0.000780
1;0.002384;0.000774
1;0.003000;0.000874
1;0.003389;0.000710
1;0.003109;0.000551
1;0.003220;0.000666
1;0.002599;0.000793
1;0.002662;0.000693
1;0.002408;0.000699
1;0.003715;0.000826
1;0.002563;0.000763
1;0.003361;0.001014
