nThread;timeInit;timeCount
4;0.001058;0.000948
4;0.001803;0.000558
4;0.002420;0.000712
4;0.002345;0.000764
4;0.001685;0.000545
4;0.001769;0.000716
4;0.001868;0.000531
4;0.001118;0.000556
4;0.001493;0.000592
4;0.002393;0.000540
4;0.001796;0.000534
4;0.001487;0.000497
4;0.001033;0.000506
4;0.001463;0.000543
4;0.005979;0.000507
4;0.001803;0.000527
4;0.001391;0.000688
4;0.001512;0.000502
4;0.001296;0.000768
4;0.001617;0.001002
