nThread;timeInit;timeCount
2;0.001675;0.000708
2;0.002444;0.000953
2;0.002969;0.000901
2;0.001480;0.000631
2;0.001676;0.000666
2;0.001639;0.000627
2;0.001585;0.000652
2;0.002314;0.000898
2;0.002358;0.000639
2;0.002227;0.000712
2;0.001655;0.000933
2;0.002230;0.001062
2;0.002433;0.000842
2;0.002272;0.000889
2;0.001591;0.000671
2;0.002174;0.000902
2;0.003140;0.004288
2;0.002145;0.000931
2;0.002414;0.000685
2;0.002057;0.000668
