nThread;timeInit;timeCount
1;0.001954;0.000529
1;0.001784;0.000533
1;0.001827;0.000531
1;0.001775;0.000518
1;0.001757;0.000515
1;0.001760;0.000503
1;0.001771;0.000537
1;0.001820;0.000588
1;0.001922;0.000526
1;0.002178;0.000551
1;0.002083;0.000570
1;0.002142;0.000673
1;0.002254;0.000646
1;0.002080;0.000700
1;0.002076;0.000678
1;0.002116;0.000871
1;0.002064;0.000628
1;0.002127;0.000636
1;0.002196;0.000726
1;0.002124;0.000610
