nThread;timeInit;timeCount
1;0.000173;0.000064
1;0.000129;0.000070
1;0.000165;0.000076
1;0.000164;0.000069
1;0.000158;0.000080
1;0.000187;0.000077
1;0.000133;0.000058
1;0.000132;0.000057
1;0.000146;0.000060
1;0.000151;0.000067
1;0.000149;0.000067
1;0.000143;0.000058
1;0.000131;0.000067
1;0.000129;0.000061
1;0.000173;0.000061
1;0.000138;0.000060
1;0.000143;0.000062
1;0.000191;0.000067
1;0.000169;0.000067
1;0.000163;0.000056
