nThread;timeInit;timeCount
4;0.000733;0.000182
4;0.000115;0.000102
4;0.000073;0.000085
4;0.000068;0.000083
4;0.000383;0.000113
4;0.000608;0.000102
4;0.000423;0.000086
4;0.000387;0.000078
4;0.000937;0.000083
4;0.000113;0.000105
4;0.000959;0.000098
4;0.000522;0.000091
4;0.000093;0.000087
4;0.000452;0.000080
4;0.000099;0.000095
4;0.000546;0.000096
4;0.000367;0.000105
4;0.000087;0.000094
4;0.000531;0.000090
4;0.000351;0.000089
