nThread;timeInit;timeCount
1;0.000138;0.000029
1;0.000198;0.000042
1;0.000177;0.000035
1;0.000191;0.000054
1;0.000190;0.000037
1;0.000159;0.000040
1;0.000144;0.000030
1;0.000247;0.000044
1;0.000159;0.000032
1;0.000158;0.000033
1;0.000166;0.000032
1;0.000165;0.000033
1;0.000227;0.000036
1;0.000179;0.000034
1;0.000152;0.000031
1;0.000233;0.000036
1;0.000154;0.000032
1;0.000192;0.000048
1;0.000173;0.000043
1;0.000153;0.000031
