nThread;timeInit;timeCount
8;0.003234;0.018283
8;0.000945;0.011612
8;0.003543;0.017207
8;0.002445;0.007453
8;0.003194;0.005672
8;0.000283;0.006513
8;0.003106;0.012715
8;0.000289;0.000142
8;0.000079;0.000118
8;0.002336;0.005029
8;0.000077;0.000130
8;0.000083;0.000137
8;0.000162;0.000128
8;0.006131;0.023155
8;0.000280;0.000113
8;0.003574;0.006840
8;0.003052;0.002104
8;0.002077;0.000154
8;0.002829;0.013904
8;0.004151;0.008306
