nThread;timeInit;timeCount
2;0.000866;0.000126
2;0.000519;0.000088
2;0.000088;0.000067
2;0.000089;0.000071
2;0.000093;0.000087
2;0.000096;0.000073
2;0.000097;0.000081
2;0.000128;0.000080
2;0.000117;0.000096
2;0.000552;0.000080
2;0.000582;0.000086
2;0.000120;0.000099
2;0.000087;0.000069
2;0.000093;0.000097
2;0.000104;0.000079
2;0.000127;0.000074
2;0.000549;0.000082
2;0.000101;0.000069
2;0.000094;0.000077
2;0.000089;0.000076
