nThread;timeInit;timeCount
16;0.018902;0.187698
16;0.026550;0.279958
16;0.086401;0.200013
16;0.000820;0.272403
16;0.019092;0.181878
16;0.010689;0.217059
16;0.038851;0.278041
16;0.026545;0.199966
16;0.011037;0.257578
16;0.000581;0.236555
16;0.026481;0.199927
16;0.028897;0.257785
16;0.000627;0.226971
16;0.028239;0.217961
16;0.026767;0.299824
16;0.011375;0.247077
16;0.028378;0.257368
16;0.026218;0.269950
16;0.027577;0.269983
16;0.018902;0.268006
