nThread;timeInit;timeCount
8;0.004982;0.056164
8;0.005123;0.047948
8;0.002658;0.064575
8;0.000094;0.049263
8;0.003764;0.045135
8;0.000094;0.043747
8;0.002904;0.054284
8;0.001943;0.054716
8;0.005448;0.054364
8;0.001933;0.042815
8;0.002403;0.048852
8;0.000103;0.046212
8;0.002630;0.035159
8;0.000654;0.034956
8;0.000367;0.035731
8;0.000092;0.035373
8;0.000141;0.038302
8;0.001404;0.039337
8;0.005374;0.070931
8;0.000135;0.048872
