nThread;timeInit;timeCount
16;0.047989;0.654919
16;0.037687;1.084920
16;0.008978;0.633054
16;0.028785;0.683052
16;0.036367;0.544899
16;0.011396;0.432205
16;0.000540;0.850887
16;0.009050;1.172432
16;0.036550;0.325146
16;0.046731;0.575222
16;0.010564;0.642363
16;0.066675;1.444794
16;0.017907;1.024456
16;0.018761;0.742116
16;0.035347;0.575209
16;0.000556;1.072124
16;0.038938;0.723059
16;0.009883;0.803435
16;0.019003;0.492714
16;0.036484;0.624953
