nThread;timeInit;timeCount
1;0.000170;0.009239
1;0.000143;0.005643
1;0.000133;0.007689
1;0.000157;0.007895
1;0.000148;0.006397
1;0.000135;0.006597
1;0.000158;0.007882
1;0.000164;0.006404
1;0.000139;0.006782
1;0.000135;0.006884
1;0.000176;0.007397
1;0.000148;0.005975
1;0.000143;0.005989
1;0.000181;0.007516
1;0.000164;0.006671
1;0.000197;0.006352
1;0.000159;0.008281
1;0.000178;0.006268
1;0.000181;0.007081
1;0.000140;0.006351
