nThread;timeInit;timeCount
4;0.000530;0.026962
4;0.000091;0.019888
4;0.000452;0.018821
4;0.000481;0.021492
4;0.000412;0.018418
4;0.000692;0.019710
4;0.000410;0.021167
4;0.000091;0.020471
4;0.000660;0.019526
4;0.000093;0.020773
4;0.000101;0.021324
4;0.001027;0.021045
4;0.001019;0.020185
4;0.000842;0.018717
4;0.000424;0.019946
4;0.000100;0.019958
4;0.000116;0.020094
4;0.000096;0.021098
4;0.001940;0.024636
4;0.000121;0.020834
