nThread;timeInit;timeCount
1;0.000169;0.005270
1;0.000205;0.005619
1;0.000181;0.007111
1;0.000170;0.006208
1;0.000242;0.006245
1;0.000205;0.006469
1;0.000180;0.005494
1;0.000200;0.006228
1;0.000250;0.004794
1;0.000182;0.004922
1;0.000202;0.004908
1;0.000170;0.005625
1;0.000183;0.005252
1;0.000165;0.007274
1;0.000207;0.006463
1;0.000285;0.006339
1;0.000244;0.006341
1;0.000228;0.005125
1;0.000197;0.004942
1;0.000181;0.004804
