nThread;timeInit;timeCount
2;0.000119;0.013795
2;0.000138;0.011368
2;0.000931;0.009189
2;0.000568;0.009782
2;0.000093;0.009328
2;0.000103;0.009600
2;0.000174;0.009556
2;0.000483;0.011486
2;0.000089;0.010040
2;0.000246;0.009198
2;0.000638;0.010385
2;0.000091;0.009571
2;0.000725;0.011676
2;0.000094;0.009403
2;0.000101;0.010360
2;0.000091;0.010125
2;0.001367;0.010114
2;0.000159;0.009301
2;0.000096;0.010312
2;0.000116;0.010751
