nThread;timeInit;timeCount
8;0.045484;0.187911
8;0.043463;0.187552
8;0.046775;0.198235
8;0.064330;0.213208
8;0.045990;0.186965
8;0.058105;0.246257
8;0.045172;0.213849
8;0.059430;0.204459
8;0.060594;0.229693
8;0.082325;0.216974
8;0.052496;0.212409
8;0.057180;0.206934
8;0.063182;0.212573
8;0.052475;0.218939
8;0.077146;0.238576
8;0.065052;0.214396
8;0.072312;0.203949
8;0.050279;0.206759
8;0.063108;0.198220
8;0.049643;0.205358
