nThread;timeInit;timeCount
4;0.075125;0.163631
4;0.064309;0.130935
4;0.058092;0.133247
4;0.055073;0.139592
4;0.063036;0.140786
4;0.066471;0.141778
4;0.064135;0.139588
4;0.059500;0.144980
4;0.063035;0.141631
4;0.063331;0.133365
4;0.060402;0.140723
4;0.059785;0.140873
4;0.059191;0.135118
4;0.065588;0.135804
4;0.072709;0.137625
4;0.060579;0.142452
4;0.066008;0.147142
4;0.064083;0.136629
4;0.060927;0.142241
4;0.060312;0.137314
