nThread;timeInit;timeCount
16;0.511276;0.934789
16;0.815669;1.090113
16;0.675603;0.792506
16;0.682678;0.667156
16;0.787770;1.150018
16;0.716650;0.755452
16;0.607161;0.829818
16;0.527494;0.819968
16;0.766774;1.149977
16;0.748473;0.869087
16;0.675450;0.796333
16;0.620415;0.895916
16;0.866957;0.820083
16;0.825188;0.962477
16;0.757885;0.740102
16;0.741362;0.695093
16;0.546634;0.730145
16;0.797578;0.830117
16;0.649272;0.830127
16;0.658019;1.000145
