nThread;timeInit;timeCount
8;0.025064;0.030526
8;0.024164;0.035965
8;0.037969;0.036202
8;0.020655;0.032381
8;0.035300;0.029656
8;0.012329;0.013482
8;0.001807;0.000252
8;0.011149;0.000418
8;0.007545;0.000265
8;0.031832;0.037160
8;0.007394;0.000960
8;0.036062;0.037172
8;0.029946;0.025118
8;0.031262;0.016852
8;0.022266;0.024951
8;0.001314;0.000237
8;0.001756;0.000976
8;0.001078;0.000254
8;0.001138;0.000260
8;0.001050;0.000557
