nThread;timeInit;timeCount
2;0.000450;0.000314
2;0.000520;0.000158
2;0.000579;0.000188
2;0.000396;0.000321
2;0.000645;0.000467
2;0.000627;0.000168
2;0.000447;0.000146
2;0.001482;0.000192
2;0.000639;0.000224
2;0.000495;0.000150
2;0.000503;0.000180
2;0.000464;0.000329
2;0.000810;0.000152
2;0.000537;0.000152
2;0.000766;0.000206
2;0.000550;0.000162
2;0.000447;0.000156
2;0.001170;0.000222
2;0.000824;0.000141
2;0.000573;0.000304
