nThread;timeInit;timeCount
1;0.000409;0.000098
1;0.000457;0.000109
1;0.000400;0.000112
1;0.000357;0.000084
1;0.000368;0.000087
1;0.000478;0.000096
1;0.000351;0.000097
1;0.000400;0.000092
1;0.000543;0.000127
1;0.000457;0.000138
1;0.000461;0.000094
1;0.000375;0.000087
1;0.000452;0.000144
1;0.000413;0.000137
1;0.000365;0.000089
1;0.000407;0.000096
1;0.000579;0.000116
1;0.000348;0.000088
1;0.000331;0.000101
1;0.000487;0.000182
