nThread;timeInit;timeCount
4;0.000609;0.000206
4;0.000494;0.000232
4;0.001227;0.000206
4;0.000658;0.000203
4;0.001011;0.000214
4;0.001649;0.000205
4;0.001240;0.000202
4;0.000899;0.000369
4;0.000885;0.000224
4;0.000488;0.000340
4;0.001013;0.000242
4;0.001238;0.000369
4;0.000558;0.000390
4;0.001092;0.000203
4;0.001129;0.000206
4;0.003101;0.000306
4;0.001370;0.000209
4;0.000540;0.000390
4;0.000527;0.000200
4;0.000777;0.000191
