nThread;timeInit;timeCount
1;0.000471;0.000120
1;0.000451;0.000125
1;0.000448;0.000109
1;0.000486;0.000108
1;0.000439;0.000134
1;0.000443;0.000128
1;0.000692;0.000115
1;0.000437;0.000142
1;0.000472;0.000134
1;0.001518;0.000242
1;0.000626;0.000134
1;0.000600;0.000151
1;0.000540;0.000115
1;0.000416;0.000113
1;0.000431;0.000117
1;0.000464;0.000119
1;0.000448;0.000116
1;0.000458;0.000132
1;0.000492;0.000119
1;0.000693;0.000141
