nThread;timeInit;timeCount
8;0.051418;0.203682
8;0.046033;0.190643
8;0.048365;0.193466
8;0.055593;0.191765
8;0.046172;0.192843
8;0.044566;0.193659
8;0.045244;0.187900
8;0.044235;0.188452
8;0.045157;0.202922
8;0.045024;0.192198
8;0.044955;0.191666
8;0.043751;0.191067
8;0.045682;0.189559
8;0.057765;0.195637
8;0.042654;0.189684
8;0.043831;0.187693
8;0.043655;0.189966
8;0.044521;0.189515
8;0.045915;0.191881
8;0.043824;0.194567
