nThread;timeInit;timeCount
4;0.071777;0.135636
4;0.057680;0.139644
4;0.061904;0.139857
4;0.064665;0.150996
4;0.074525;0.148446
4;0.077164;0.137597
4;0.072227;0.137194
4;0.066393;0.138246
4;0.080288;0.142529
4;0.067177;0.139918
4;0.068025;0.148613
4;0.062481;0.194990
4;0.077442;0.141373
4;0.065887;0.147301
4;0.066170;0.141326
4;0.068463;0.139096
4;0.067355;0.149873
4;0.061111;0.132537
4;0.072837;0.156364
4;0.070606;0.140909
