nThread;timeInit;timeCount
8;0.001691;0.015786
8;0.000912;0.010444
8;0.002203;0.009011
8;0.002165;0.020368
8;0.003211;0.016063
8;0.005480;0.014653
8;0.003239;0.011695
8;0.002580;0.015515
8;0.000682;0.014974
8;0.000641;0.006410
8;0.000776;0.018112
8;0.005488;0.013071
8;0.002505;0.004750
8;0.006594;0.008217
8;0.005523;0.015122
8;0.000683;0.019164
8;0.000631;0.019040
8;0.006871;0.004797
8;0.002472;0.015518
8;0.000609;0.012976
