nThread;timeInit;timeCount
2;0.001136;0.004042
2;0.000988;0.003286
2;0.001102;0.004171
2;0.001706;0.004525
2;0.001000;0.003824
2;0.001515;0.003789
2;0.001581;0.004024
2;0.001125;0.003506
2;0.001030;0.003822
2;0.001044;0.003495
2;0.001816;0.004644
2;0.001018;0.004242
2;0.001496;0.003502
2;0.001659;0.003515
2;0.001021;0.003342
2;0.001088;0.003305
2;0.000984;0.003294
2;0.001121;0.003372
2;0.001173;0.003499
2;0.001013;0.004020
