nThread;timeInit;timeCount
1;0.001451;0.003352
1;0.001145;0.002975
1;0.001147;0.003172
1;0.001138;0.002898
1;0.001153;0.003249
1;0.001036;0.002897
1;0.001088;0.003039
1;0.001070;0.002956
1;0.001079;0.002724
1;0.001082;0.002903
1;0.001077;0.002933
1;0.001131;0.002819
1;0.001102;0.003032
1;0.001095;0.002745
1;0.001173;0.002828
1;0.001079;0.002946
1;0.001246;0.003268
1;0.001082;0.002741
1;0.002935;0.005939
1;0.002075;0.005217
