nThread;timeInit;timeCount
16;0.038611;0.669024
16;0.087094;0.902582
16;0.087020;0.784072
16;0.076946;0.642119
16;0.077087;1.062135
16;0.066886;1.172738
16;0.037924;0.412722
16;0.067625;0.802980
16;0.057153;0.682573
16;0.047200;0.976293
16;0.067770;1.092470
16;0.067512;0.982450
16;0.077017;0.683059
16;0.077368;1.115016
16;0.028778;0.748605
16;0.076834;1.172115
16;0.061600;0.602402
16;0.087374;0.822622
16;0.035443;0.675101
16;0.047485;0.522263
