nThread;timeInit;timeCount
1;0.014444;0.037313
1;0.012578;0.038239
1;0.013455;0.037731
1;0.013784;0.036408
1;0.016443;0.039729
1;0.016673;0.042911
1;0.013849;0.038382
1;0.012745;0.038052
1;0.014636;0.037873
1;0.014560;0.039272
1;0.013308;0.050622
1;0.014623;0.046690
1;0.017809;0.044358
1;0.014656;0.044164
1;0.014023;0.045821
1;0.014709;0.046853
1;0.014258;0.042988
1;0.021171;0.041898
1;0.014401;0.042948
1;0.015678;0.047788
