nThread;timeInit;timeCount
1;0.016810;0.049347
1;0.019862;0.045679
1;0.015503;0.038342
1;0.015406;0.029070
1;0.014208;0.031266
1;0.015072;0.029323
1;0.013820;0.027906
1;0.012454;0.029028
1;0.012087;0.026908
1;0.012794;0.030583
1;0.011807;0.031838
1;0.012702;0.033859
1;0.014830;0.033184
1;0.013666;0.027632
1;0.011135;0.025531
1;0.012423;0.025429
1;0.012910;0.029676
1;0.011880;0.025806
1;0.012689;0.029383
1;0.011990;0.026099
