nThread;timeInit;timeCount
4;0.008172;0.052637
4;0.007758;0.047997
4;0.007081;0.047590
4;0.006565;0.049106
4;0.008589;0.049786
4;0.007905;0.049524
4;0.008441;0.048389
4;0.007537;0.051728
4;0.006726;0.051633
4;0.009796;0.048569
4;0.009146;0.050986
4;0.006544;0.048056
4;0.008091;0.051089
4;0.007491;0.048351
4;0.007072;0.046668
4;0.006965;0.046186
4;0.007678;0.048554
4;0.006728;0.047504
4;0.007630;0.049605
4;0.006812;0.050312
