nThread;timeInit;timeCount
8;0.009329;0.082482
8;0.006346;0.072550
8;0.008768;0.074208
8;0.011730;0.076250
8;0.011069;0.068513
8;0.008159;0.079578
8;0.015636;0.077886
8;0.011685;0.074994
8;0.009013;0.084494
8;0.008262;0.069019
8;0.009912;0.077758
8;0.013751;0.078352
8;0.011204;0.078220
8;0.009705;0.070945
8;0.010126;0.083355
8;0.009399;0.084249
8;0.006598;0.073724
8;0.014848;0.079666
8;0.006299;0.093504
8;0.008602;0.070705
