nThread;timeInit;timeCount
2;0.009735;0.041704
2;0.008558;0.042027
2;0.008842;0.041942
2;0.008885;0.041703
2;0.008439;0.041308
2;0.008318;0.040741
2;0.008746;0.047927
2;0.008251;0.041746
2;0.008364;0.041286
2;0.010715;0.040331
2;0.008251;0.046174
2;0.008290;0.039314
2;0.008341;0.041466
2;0.008344;0.042890
2;0.011320;0.045866
2;0.010613;0.042414
2;0.008749;0.043091
2;0.008314;0.039719
2;0.008196;0.043161
2;0.010313;0.047467
