nThread;timeInit;timeCount
2;0.093099;0.036027
2;0.077080;0.034825
2;0.075168;0.036043
2;0.083070;0.036587
2;0.076077;0.035550
2;0.093778;0.035465
2;0.075356;0.036757
2;0.075678;0.035537
2;0.075160;0.035874
2;0.096742;0.036948
2;0.082063;0.048455
2;0.076116;0.035793
2;0.075785;0.044301
2;0.080688;0.036837
2;0.079581;0.034799
2;0.088855;0.036572
2;0.079771;0.037516
2;0.080847;0.039806
2;0.091808;0.036156
2;0.083323;0.035821
