nThread;timeInit;timeCount
8;0.044029;0.038243
8;0.044770;0.037656
8;0.044662;0.036932
8;0.043867;0.038797
8;0.043536;0.039092
8;0.042998;0.037083
8;0.045495;0.038061
8;0.042898;0.035823
8;0.043518;0.038597
8;0.043839;0.036679
8;0.043886;0.037258
8;0.043234;0.037014
8;0.042806;0.036907
8;0.054260;0.044536
8;0.043923;0.036488
8;0.043610;0.039392
8;0.042768;0.038276
8;0.043687;0.038265
8;0.046022;0.037942
8;0.042858;0.037281
