nThread;timeInit;timeCount
1;0.001566;0.006187
1;0.001341;0.006906
1;0.001299;0.005187
1;0.001250;0.007685
1;0.001300;0.005043
1;0.001263;0.006631
1;0.001579;0.006716
1;0.001262;0.005071
1;0.001405;0.006190
1;0.001779;0.005681
1;0.001344;0.006290
1;0.001618;0.007360
1;0.001581;0.005683
1;0.001216;0.007715
1;0.001333;0.005167
1;0.001438;0.006356
1;0.001235;0.005095
1;0.001272;0.006521
1;0.001565;0.006460
1;0.001300;0.006012
