nThread;timeInit;timeCount
4;0.000059;0.001555
4;0.000636;0.001741
4;0.000066;0.002000
4;0.000410;0.001535
4;0.000441;0.001588
4;0.000511;0.001889
4;0.000132;0.002262
4;0.000396;0.002058
4;0.000102;0.001915
4;0.000119;0.002165
4;0.000168;0.002305
4;0.000122;0.002068
4;0.000160;0.001963
4;0.000473;0.001780
4;0.000521;0.001858
4;0.000478;0.002164
4;0.000398;0.001798
4;0.000675;0.001951
4;0.000447;0.001719
4;0.000093;0.001923
