nThread;timeInit;timeCount
1;0.000262;0.001184
1;0.000189;0.001000
1;0.000157;0.001055
1;0.000252;0.001085
1;0.000164;0.001050
1;0.000134;0.000855
1;0.000149;0.000829
1;0.000146;0.000843
1;0.000147;0.000861
1;0.000152;0.001055
1;0.000169;0.000875
1;0.000122;0.000682
1;0.000134;0.000786
1;0.000159;0.000851
1;0.000162;0.000840
1;0.000115;0.000673
1;0.000134;0.000684
1;0.000141;0.000762
1;0.000143;0.000959
1;0.000117;0.000695
