nThread;timeInit;timeCount
2;0.000092;0.001215
2;0.000884;0.001616
2;0.000437;0.001745
2;0.000541;0.001301
2;0.000172;0.001421
2;0.000087;0.001586
2;0.000167;0.001354
2;0.000120;0.001184
2;0.000092;0.001331
2;0.000236;0.001628
2;0.000094;0.001193
2;0.000122;0.001570
2;0.000119;0.001162
2;0.000117;0.001211
2;0.000152;0.001219
2;0.000089;0.001201
2;0.000288;0.001356
2;0.000091;0.001305
2;0.000324;0.001559
2;0.000095;0.001395
