nThread;timeInit;timeCount
16;0.009587;0.289245
16;0.009922;0.298539
16;0.000827;0.337791
16;0.018969;0.258339
16;0.028280;0.283306
16;0.032459;0.350641
16;0.027991;0.269327
16;0.010006;0.238595
16;0.009795;0.308661
16;0.030115;0.378367
16;0.027663;0.260561
16;0.019469;0.278945
16;0.036929;0.280543
16;0.036531;0.230594
16;0.027057;0.330504
16;0.029422;0.358033
16;0.010354;0.368328
16;0.038668;0.318635
16;0.010029;0.308254
16;0.010132;0.318285
