nThread;timeInit;timeCount
1;0.000173;0.000767
1;0.000183;0.000909
1;0.000165;0.000792
1;0.000251;0.000954
1;0.000172;0.000699
1;0.000184;0.000713
1;0.000221;0.000734
1;0.000259;0.000889
1;0.000169;0.000859
1;0.000164;0.000639
1;0.000192;0.000727
1;0.000272;0.001086
1;0.000208;0.000939
1;0.000182;0.000672
1;0.000180;0.000717
1;0.000270;0.001211
1;0.000233;0.001173
1;0.000169;0.000684
1;0.000200;0.000666
1;0.000173;0.000845
