nThread;timeInit;timeCount
8;0.002343;0.016738
8;0.002035;0.011975
8;0.000092;0.008751
8;0.005225;0.014145
8;0.008235;0.021015
8;0.002783;0.010329
8;0.005704;0.017907
8;0.000125;0.010603
8;0.004306;0.012993
8;0.000104;0.019497
8;0.003546;0.016469
8;0.000079;0.002637
8;0.000095;0.003952
8;0.000132;0.003146
8;0.000124;0.003241
8;0.000985;0.002606
8;0.000159;0.002717
8;0.003470;0.012269
8;0.006690;0.017040
8;0.003881;0.016152
