nThread;timeInit;timeCount
2;0.000692;0.013344
2;0.008663;0.010132
2;0.000567;0.011640
2;0.000552;0.009317
2;0.000638;0.011001
2;0.001036;0.010797
2;0.000558;0.011211
2;0.001085;0.008265
2;0.000872;0.008041
2;0.001302;0.010437
2;0.000603;0.010206
2;0.000590;0.009224
2;0.000452;0.007863
2;0.000476;0.009381
2;0.000486;0.010488
2;0.000796;0.007353
2;0.000474;0.006825
2;0.000802;0.007438
2;0.000479;0.007839
2;0.000555;0.008365
