nThread;timeInit;timeCount
8;0.008898;0.039948
8;0.001034;0.032319
8;0.026470;0.080778
8;0.037609;0.047680
8;0.016227;0.037858
8;0.040312;0.072981
8;0.038584;0.071602
8;0.023037;0.056986
8;0.031813;0.055813
8;0.031556;0.061764
8;0.032972;0.073623
8;0.024973;0.067243
8;0.041319;0.060771
8;0.003474;0.065844
8;0.000844;0.032529
8;0.000781;0.031891
8;0.001855;0.032546
8;0.000717;0.033011
8;0.021955;0.067605
8;0.013511;0.040745
