nThread;timeInit;timeCount
16;0.775741;1.159609
16;0.714782;2.219950
16;0.643179;1.138102
16;0.738181;1.029931
16;0.856188;1.222826
16;0.657554;0.990001
16;0.715755;0.889942
16;0.725864;1.644985
16;0.446327;1.091716
16;0.757845;1.770009
16;0.555733;1.519932
16;0.585633;1.260047
16;0.946799;1.757559
16;0.637251;1.200004
16;0.636468;0.968666
16;0.715463;1.499994
16;0.697798;1.349961
16;0.656462;0.979990
16;0.791699;1.475146
16;0.817984;1.579955
