nThread;timeInit;timeCount
1;0.000701;0.003802
1;0.000912;0.004420
1;0.000702;0.004005
1;0.000720;0.003709
1;0.000812;0.004880
1;0.001046;0.004691
1;0.001017;0.005501
1;0.000787;0.005593
1;0.000799;0.005185
1;0.000912;0.004959
1;0.000831;0.005107
1;0.000930;0.005393
1;0.000822;0.004037
1;0.001154;0.003802
1;0.000729;0.004011
1;0.000692;0.003954
1;0.000713;0.003921
1;0.001067;0.003781
1;0.000672;0.003783
1;0.000683;0.004689
