nThread;timeInit;timeCount
1;0.000952;0.005273
1;0.000628;0.005075
1;0.000443;0.003428
1;0.000446;0.003707
1;0.000684;0.003987
1;0.000680;0.005023
1;0.000775;0.004572
1;0.001020;0.003639
1;0.000504;0.004561
1;0.000617;0.005749
1;0.000633;0.003815
1;0.000482;0.003399
1;0.000451;0.004672
1;0.000512;0.004904
1;0.000618;0.005149
1;0.000578;0.003937
1;0.000490;0.004812
1;0.000526;0.005316
1;0.000586;0.004787
1;0.000592;0.003954
