nThread;timeInit;timeCount
4;0.004354;0.019100
4;0.001240;0.017583
4;0.000782;0.015270
4;0.000602;0.016560
4;0.000892;0.019741
4;0.001033;0.015778
4;0.001534;0.016041
4;0.000928;0.015958
4;0.000796;0.016127
4;0.001236;0.015173
4;0.000541;0.014666
4;0.001110;0.015889
4;0.000971;0.015401
4;0.000713;0.015641
4;0.000557;0.014856
4;0.001186;0.014986
4;0.000516;0.018199
4;0.000654;0.020346
4;0.000923;0.015118
4;0.001287;0.015849
