nThread;timeInit;timeCount
1;0.000333;0.000589
1;0.000408;0.000766
1;0.000335;0.000679
1;0.000352;0.000584
1;0.000485;0.001215
1;0.000336;0.000656
1;0.000303;0.000549
1;0.000477;0.000667
1;0.000472;0.000789
1;0.000397;0.000572
1;0.000343;0.000608
1;0.000437;0.000707
1;0.000349;0.000614
1;0.000378;0.000608
1;0.000482;0.000858
1;0.000458;0.000842
1;0.000366;0.000514
1;0.000363;0.000737
1;0.000403;0.000816
1;0.000323;0.000518
