nThread;timeInit;timeCount
4;0.001065;0.001565
4;0.000919;0.001650
4;0.001181;0.001696
4;0.000860;0.001578
4;0.001119;0.001695
4;0.000933;0.002498
4;0.000758;0.001693
4;0.001122;0.001893
4;0.000549;0.001664
4;0.000566;0.001650
4;0.001265;0.002014
4;0.001560;0.001805
4;0.001498;0.001602
4;0.000551;0.001647
4;0.001507;0.001390
4;0.000834;0.001909
4;0.001026;0.001692
4;0.000620;0.002001
4;0.001062;0.001716
4;0.000528;0.001567
