nThread;timeInit;timeCount
8;0.029311;0.043111
8;0.051726;0.033460
8;0.032161;0.011025
8;0.020595;0.027307
8;0.024549;0.025795
8;0.006289;0.002329
8;0.032872;0.032860
8;0.002778;0.027815
8;0.001866;0.032542
8;0.027265;0.002281
8;0.026967;0.036411
8;0.042876;0.030775
8;0.024076;0.015658
8;0.031860;0.034845
8;0.048600;0.042800
8;0.030385;0.040437
8;0.007097;0.002456
8;0.001553;0.002153
8;0.000744;0.002546
8;0.003897;0.015815
