nThread;timeInit;timeCount
2;0.000619;0.001045
2;0.000981;0.001243
2;0.000534;0.001024
2;0.000469;0.000990
2;0.000490;0.001060
2;0.000698;0.001380
2;0.000569;0.001183
2;0.000454;0.001004
2;0.000767;0.001480
2;0.000413;0.000965
2;0.000562;0.001306
2;0.000711;0.001013
2;0.000771;0.001018
2;0.000528;0.001440
2;0.000496;0.001063
2;0.000401;0.001129
2;0.000407;0.000970
2;0.000562;0.001010
2;0.000818;0.001155
2;0.000850;0.001372
