nThread;timeInit;timeCount
16;0.726341;1.089979
16;0.677699;1.149969
16;0.696703;1.059973
16;0.978963;1.389897
16;0.646580;0.909986
16;0.676544;0.939927
16;0.817827;0.939972
16;0.688652;1.189975
16;0.658000;0.729975
16;0.761677;0.778926
16;0.797011;0.909872
16;0.786456;0.979928
16;0.665954;0.829987
16;0.746300;0.989986
16;0.643894;0.863866
16;0.776362;1.070086
16;0.767892;1.000307
16;0.787909;0.939926
16;0.717479;0.990002
16;0.656491;0.819977
