nThread;timeInit;timeCount
1;0.000553;0.000782
1;0.000713;0.000759
1;0.000683;0.000805
1;0.000578;0.000661
1;0.000552;0.000650
1;0.000504;0.000729
1;0.000486;0.000652
1;0.000556;0.000650
1;0.000714;0.000819
1;0.000650;0.000814
1;0.000791;0.000819
1;0.000744;0.000698
1;0.000744;0.001004
1;0.000609;0.000982
1;0.000447;0.000725
1;0.000447;0.000611
1;0.000458;0.000623
1;0.000448;0.000631
1;0.000457;0.000643
1;0.000701;0.000707
