nThread;timeInit;timeCount
2;0.100094;0.049271
2;0.121945;0.054012
2;0.111836;0.046406
2;0.109436;0.046777
2;0.101271;0.063366
2;0.105985;0.063069
2;0.102160;0.049902
2;0.125160;0.054745
2;0.099233;0.045939
2;0.097208;0.045698
2;0.096122;0.046165
2;0.098261;0.045101
2;0.112902;0.044524
2;0.118104;0.056594
2;0.105239;0.045544
2;0.099266;0.045396
2;0.117393;0.072942
2;0.090773;0.051821
2;0.101598;0.045654
2;0.108222;0.044149
