nThread;timeInit;timeCount
8;0.070966;0.044599
8;0.069455;0.061821
8;0.068117;0.048064
8;0.067110;0.043539
8;0.072368;0.045323
8;0.066133;0.044326
8;0.069361;0.062954
8;0.067530;0.048475
8;0.069002;0.045021
8;0.066369;0.046010
8;0.067142;0.043927
8;0.069253;0.045387
8;0.070398;0.076680
8;0.065766;0.044464
8;0.069059;0.064286
8;0.069364;0.044303
8;0.069861;0.044386
8;0.066823;0.044740
8;0.077110;0.043222
8;0.066325;0.046015
