nThread;timeInit;timeCount
16;0.786376;1.000357
16;0.736515;0.714198
16;0.753595;0.810328
16;0.826555;0.820340
16;0.778450;0.963882
16;0.556855;0.743202
16;0.726926;1.110543
16;0.987065;1.010300
16;0.833668;0.629004
16;0.875912;1.060301
16;0.855358;1.037324
16;0.886506;1.015068
16;0.876469;1.280315
16;0.817896;1.110285
16;0.636345;0.759892
16;0.992064;0.879175
16;1.002582;1.168805
16;0.886962;0.852281
16;0.806679;1.112439
16;0.998622;0.985103
