nThread;timeInit;timeCount
1;0.136247;0.057509
1;0.149999;0.056176
1;0.137460;0.053753
1;0.134460;0.054382
1;0.135285;0.054722
1;0.137031;0.056663
1;0.132350;0.053500
1;0.134672;0.053879
1;0.131904;0.054359
1;0.131893;0.054818
1;0.139973;0.055704
1;0.134642;0.055281
1;0.134816;0.054765
1;0.134084;0.053743
1;0.135976;0.054126
1;0.135046;0.054026
1;0.132391;0.056914
1;0.135025;0.054569
1;0.132457;0.052835
1;0.134378;0.053124
