nThread;timeInit;timeCount
4;0.083203;0.047852
4;0.074611;0.048972
4;0.088422;0.050975
4;0.084562;0.046966
4;0.082259;0.044648
4;0.085691;0.047952
4;0.081729;0.071266
4;0.075087;0.053741
4;0.083900;0.046156
4;0.083809;0.045205
4;0.073720;0.047470
4;0.080074;0.049027
4;0.081885;0.044380
4;0.087546;0.048398
4;0.084942;0.049347
4;0.077325;0.044658
4;0.078427;0.049375
4;0.088172;0.047174
4;0.083389;0.059892
4;0.077712;0.045416
