nThread;timeInit;timeCount
1;0.563047;0.558379
1;0.574695;0.570408
1;0.673135;0.552700
1;0.592913;0.538986
1;0.557907;0.537174
1;0.583995;0.581171
1;0.674237;0.626006
1;0.586250;0.537254
1;0.561840;0.541161
1;0.548578;0.524409
1;0.581601;0.687198
1;0.667484;0.567154
1;0.585062;0.534978
1;0.562580;0.555718
1;0.597605;0.692255
1;0.712272;0.600663
1;0.592133;0.591857
1;0.592767;0.566283
1;0.549867;0.582925
1;0.684712;0.680212
