nThread;timeInit;timeCount
8;0.002854;0.017658
8;0.001173;0.023038
8;0.006992;0.014807
8;0.003328;0.013082
8;0.004796;0.026284
8;0.003048;0.028309
8;0.001956;0.008796
8;0.004569;0.015939
8;0.000441;0.003489
8;0.000164;0.012188
8;0.004719;0.011837
8;0.001825;0.003564
8;0.000094;0.012618
8;0.000161;0.013266
8;0.002097;0.020782
8;0.002187;0.019110
8;0.000098;0.015082
8;0.002388;0.021545
8;0.004337;0.023429
8;0.000456;0.003595
