nThread;timeInit;timeCount
2;0.000479;0.001904
2;0.000078;0.001751
2;0.000167;0.001805
2;0.000601;0.001947
2;0.000090;0.001897
2;0.000142;0.002201
2;0.000117;0.001866
2;0.000202;0.002533
2;0.000089;0.002055
2;0.000102;0.002374
2;0.000087;0.001917
2;0.000092;0.001777
2;0.000103;0.001949
2;0.000613;0.001897
2;0.000110;0.001827
2;0.000090;0.001954
2;0.000100;0.001985
2;0.000118;0.001906
2;0.000087;0.001931
2;0.000217;0.001829
