nThread;timeInit;timeCount
1;0.000162;0.001932
1;0.000135;0.001462
1;0.000135;0.001440
1;0.000135;0.001438
1;0.000160;0.001556
1;0.000153;0.001538
1;0.000160;0.001537
1;0.000182;0.002617
1;0.000142;0.001772
1;0.000154;0.001703
1;0.000179;0.001963
1;0.000146;0.001729
1;0.000407;0.001935
1;0.000211;0.001736
1;0.000195;0.001771
1;0.000193;0.001579
1;0.000207;0.001905
1;0.000176;0.001791
1;0.000235;0.001938
1;0.000133;0.001437
