nThread;timeInit;timeCount
16;0.019195;0.338448
16;0.024631;0.382991
16;0.017740;0.380929
16;0.018011;0.367767
16;0.000545;0.347980
16;0.019096;0.338593
16;0.010596;0.278718
16;0.037652;0.357558
16;0.000819;0.287012
16;0.026953;0.320938
16;0.019290;0.350785
16;0.002446;0.326357
16;0.028472;0.353939
16;0.000915;0.358477
16;0.000569;0.398050
16;0.000615;0.397805
16;0.001206;0.247426
16;0.036677;0.310950
16;0.010836;0.287966
16;0.000598;0.359102
