nThread;timeInit;timeCount
1;0.000325;0.001774
1;0.000272;0.002045
1;0.000212;0.001989
1;0.000222;0.001653
1;0.000167;0.001434
1;0.000203;0.001477
1;0.000229;0.001519
1;0.000281;0.001873
1;0.000175;0.001472
1;0.000203;0.001373
1;0.000192;0.001459
1;0.000281;0.001579
1;0.000317;0.001831
1;0.000189;0.001875
1;0.000193;0.001479
1;0.000183;0.001430
1;0.000198;0.001386
1;0.000243;0.001558
1;0.000262;0.002082
1;0.000280;0.002117
