nThread;timeInit;timeCount
2;0.140774;0.130121
2;0.163142;0.123473
2;0.167773;0.112398
2;0.155794;0.105435
2;0.156348;0.110275
2;0.139997;0.112717
2;0.143964;0.109036
2;0.177229;0.101146
2;0.156481;0.104601
2;0.139048;0.111952
2;0.167535;0.103784
2;0.148846;0.107413
2;0.141245;0.103002
2;0.180041;0.123466
2;0.166157;0.118718
2;0.158386;0.112160
2;0.170598;0.106766
2;0.155102;0.105829
2;0.149208;0.106586
2;0.154924;0.108345
