nThread;timeInit;timeCount
8;0.410925;0.408014
8;0.318480;0.394755
8;0.314809;0.409669
8;0.241126;0.327646
8;0.337502;0.610369
8;0.414415;0.530244
8;0.329998;0.549110
8;0.401301;0.320161
8;0.352199;0.389439
8;0.443267;0.399940
8;0.404891;0.436641
8;0.397259;0.527278
8;0.332498;0.422013
8;0.335524;0.422980
8;0.330054;0.304404
8;0.362691;0.444694
8;0.309598;0.425237
8;0.283404;0.491457
8;0.288989;0.449259
8;0.369190;0.766622
