nThread;timeInit;timeCount
1;0.191418;0.130284
1;0.193607;0.130110
1;0.190307;0.130766
1;0.192440;0.133357
1;0.190813;0.131013
1;0.190367;0.130321
1;0.190368;0.130552
1;0.189940;0.132031
1;0.194160;0.131328
1;0.190192;0.130492
1;0.189858;0.133004
1;0.190723;0.130880
1;0.190777;0.130964
1;0.194914;0.131300
1;0.189562;0.130193
1;0.189986;0.131985
1;0.189319;0.129552
1;0.191676;0.130491
1;0.191692;0.130515
1;0.190464;0.131185
