nThread;timeInit;timeCount
4;0.150410;0.137723
4;0.171655;0.119820
4;0.165186;0.134108
4;0.153311;0.122796
4;0.149556;0.130059
4;0.159590;0.126630
4;0.152382;0.120746
4;0.153723;0.123868
4;0.150168;0.121537
4;0.151323;0.130632
4;0.154321;0.122679
4;0.154611;0.127185
4;0.155457;0.123484
4;0.155587;0.123044
4;0.161717;0.126413
4;0.163077;0.123330
4;0.153303;0.124944
4;0.153510;0.125232
4;0.153495;0.124207
4;0.157569;0.124214
