nThread;timeInit;timeCount
1;0.168772;0.133787
1;0.168057;0.131004
1;0.162851;0.133043
1;0.162127;0.133109
1;0.163807;0.125338
1;0.156685;0.126022
1;0.156844;0.126399
1;0.161257;0.124586
1;0.157593;0.124840
1;0.158025;0.126137
1;0.157437;0.126052
1;0.156571;0.124380
1;0.157211;0.125787
1;0.155891;0.123411
1;0.156109;0.123796
1;0.156449;0.125262
1;0.160503;0.126009
1;0.155180;0.123405
1;0.157283;0.124294
1;0.158135;0.136359
