nThread;timeInit;timeCount
4;0.097694;0.103091
4;0.104431;0.108012
4;0.091307;0.094047
4;0.087872;0.098636
4;0.096696;0.109954
4;0.088589;0.101785
4;0.081224;0.093906
4;0.090603;0.096682
4;0.089210;0.096183
4;0.090126;0.094442
4;0.084186;0.092369
4;0.096536;0.099088
4;0.092040;0.093309
4;0.082429;0.102562
4;0.089347;0.094066
4;0.092578;0.101974
4;0.080270;0.097087
4;0.092795;0.093580
4;0.090485;0.085209
4;0.088106;0.094042
