nThread;timeInit;timeCount
8;0.093061;0.107674
8;0.096552;0.101734
8;0.104721;0.139074
8;0.115321;0.176315
8;0.099285;0.152725
8;0.104016;0.149869
8;0.106459;0.171032
8;0.097120;0.138410
8;0.098427;0.135386
8;0.097236;0.177739
8;0.103899;0.134396
8;0.195505;0.137095
8;0.111106;0.185868
8;0.096180;0.140137
8;0.106457;0.141181
8;0.107471;0.164563
8;0.114988;0.123210
8;0.111516;0.145190
8;0.106422;0.132041
8;0.113467;0.139573
