nThread;timeInit;timeCount
16;0.541917;0.783283
16;0.758809;1.094924
16;0.946223;0.998660
16;0.757184;0.902046
16;0.866248;0.890311
16;0.687871;0.920630
16;0.987776;1.140405
16;0.774660;1.098579
16;0.765736;0.976254
16;0.552662;0.977084
16;0.737338;0.839901
16;0.646691;1.170296
16;0.806415;1.070313
16;0.807854;1.050305
16;0.956941;1.017320
16;0.787390;0.962990
16;0.736042;0.850077
16;0.666880;1.000260
16;0.916468;0.892887
16;0.837065;1.097103
