nThread;timeInit;timeCount
1;0.144379;0.102270
1;0.123729;0.106342
1;0.139468;0.126386
1;0.148713;0.102140
1;0.126869;0.099449
1;0.141668;0.099582
1;0.156206;0.095145
1;0.161813;0.102493
1;0.144978;0.100647
1;0.154047;0.102074
1;0.158708;0.102300
1;0.162675;0.122779
1;0.148691;0.128373
1;0.161310;0.130945
1;0.152840;0.129716
1;0.131037;0.095875
1;0.136144;0.098712
1;0.128085;0.097061
1;0.131850;0.103827
1;0.124612;0.097685
