nThread;timeInit;timeCount
2;0.114129;0.092296
2;0.110077;0.109639
2;0.117967;0.119625
2;0.107041;0.090037
2;0.121079;0.088673
2;0.098028;0.113309
2;0.098462;0.097683
2;0.108599;0.101637
2;0.114063;0.091529
2;0.100338;0.101550
2;0.112820;0.092891
2;0.116759;0.092615
2;0.102827;0.087460
2;0.104133;0.094405
2;0.099279;0.086949
2;0.095921;0.085074
2;0.108175;0.089919
2;0.107146;0.087275
2;0.104190;0.103268
2;0.101030;0.089949
