nThread;timeInit;timeCount
16;0.036474;0.485213
16;0.038818;0.983375
16;0.018953;1.342408
16;0.019172;1.113217
16;0.009961;0.572963
16;0.010215;0.982941
16;0.025630;0.805039
16;0.001002;0.574152
16;0.036839;0.695170
16;0.010209;0.522797
16;0.010365;0.692174
16;0.010016;0.462907
16;0.034301;0.745329
16;0.026700;0.685182
16;0.046797;0.625551
16;0.037999;1.024660
16;0.037129;1.335004
16;0.018369;0.632323
16;0.036710;0.645343
16;0.026786;1.056124
