nThread;timeInit;timeCount
8;0.282790;0.545222
8;0.285321;0.557911
8;0.242956;0.484519
8;0.423216;0.463139
8;0.241002;0.496174
8;0.273802;0.579154
8;0.313152;0.557013
8;0.239909;0.550583
8;0.367168;0.554817
8;1.227309;0.544059
8;0.266352;0.683716
8;0.323108;0.622322
8;0.323698;0.579904
8;0.361559;0.528053
8;0.268669;0.569934
8;0.228836;0.515619
8;0.343139;0.502111
8;0.244520;0.692675
8;0.231045;0.597286
8;0.343055;0.623875
