nThread;timeInit;timeCount
2;0.156924;0.120033
2;0.155925;0.139427
2;0.167874;0.176259
2;0.147304;0.126990
2;0.147525;0.128114
2;0.159554;0.127217
2;0.160619;0.129057
2;0.152599;0.124091
2;0.149132;0.132846
2;0.154030;0.132555
2;0.145853;0.129699
2;0.173162;0.139560
2;0.160814;0.133735
2;0.148318;0.138705
2;0.154486;0.130344
2;0.147095;0.128783
2;0.170032;0.121711
2;0.156448;0.117752
2;0.153835;0.144627
2;0.168956;0.126590
