nThread;timeInit;timeCount
1;0.195627;0.173089
1;0.192088;0.153291
1;0.195360;0.163600
1;0.197462;0.151649
1;0.199173;0.152166
1;0.203297;0.153120
1;0.195140;0.152750
1;0.209074;0.155105
1;0.193666;0.154625
1;0.195745;0.156651
1;0.192810;0.159016
1;0.194944;0.208153
1;0.194097;0.154933
1;0.194124;0.153342
1;0.195386;0.151861
1;0.192444;0.154332
1;0.196466;0.154392
1;0.196892;0.151986
1;0.198920;0.153387
1;0.194644;0.152327
