nThread;timeInit;timeCount
4;0.157046;0.191764
4;0.161692;0.193950
4;0.159165;0.189793
4;0.160292;0.189607
4;0.162656;0.196604
4;0.158210;0.188893
4;0.160556;0.194564
4;0.161785;0.193308
4;0.159595;0.191857
4;0.160187;0.191528
4;0.161111;0.193606
4;0.161155;0.194754
4;0.208814;0.214951
4;0.159690;0.194392
4;0.162118;0.193506
4;0.162829;0.192810
4;0.161338;0.192390
4;0.161205;0.195133
4;0.158501;0.199473
4;0.161814;0.192323
