nThread;timeInit;timeCount
4;0.000186;0.000397
4;0.000234;0.000389
4;0.000241;0.000373
4;0.000198;0.000437
4;0.000237;0.000393
4;0.000192;0.000484
4;0.000853;0.000392
4;0.000243;0.000417
4;0.000429;0.000386
4;0.000288;0.000383
4;0.000901;0.000380
4;0.000321;0.000393
4;0.000265;0.000389
4;0.000300;0.000386
4;0.000190;0.000389
4;0.000360;0.000390
4;0.000184;0.000382
4;0.000188;0.000412
4;0.000237;0.000520
4;0.000380;0.000386
