nThread;timeInit;timeCount
2;0.001846;0.000337
2;0.000167;0.000271
2;0.000210;0.000256
2;0.000212;0.000383
2;0.000177;0.000265
2;0.000171;0.000274
2;0.000175;0.000265
2;0.000172;0.000267
2;0.000212;0.000270
2;0.000256;0.000358
2;0.000203;0.000283
2;0.000256;0.000357
2;0.000170;0.000273
2;0.000168;0.000273
2;0.001722;0.000321
2;0.000262;0.000359
2;0.000178;0.000304
2;0.000182;0.000268
2;0.000229;0.000299
2;0.000174;0.000267
