nThread;timeInit;timeCount
1;0.000214;0.000189
1;0.000203;0.000196
1;0.000204;0.000197
1;0.000205;0.000193
1;0.000375;0.000262
1;0.000210;0.000187
1;0.000204;0.000191
1;0.000205;0.000194
1;0.000206;0.000198
1;0.000210;0.000194
1;0.000204;0.000190
1;0.000204;0.000194
1;0.000205;0.000193
1;0.000201;0.000194
1;0.000220;0.000191
1;0.000201;0.000194
1;0.000205;0.000193
1;0.000204;0.000217
1;0.000206;0.000188
1;0.000204;0.000200
