nThread;timeInit;timeCount
8;0.000170;0.196135
8;0.037908;0.215046
8;0.000172;0.121328
8;0.035898;0.161634
8;0.021836;0.178059
8;0.001766;0.135261
8;0.030390;0.168029
8;0.038007;0.176994
8;0.047929;0.181078
8;0.033863;0.123657
8;0.012066;0.154373
8;0.028882;0.123127
8;0.024210;0.211152
8;0.048700;0.139993
8;0.024815;0.176912
8;0.015373;0.164344
8;0.035568;0.176601
8;0.056940;0.189008
8;0.000176;0.085678
8;0.000256;0.169883
