nThread;timeInit;timeCount
1;0.015025;0.012443
1;0.014571;0.011683
1;0.016647;0.012517
1;0.015326;0.011294
1;0.015486;0.012104
1;0.014907;0.012389
1;0.014983;0.013318
1;0.021941;0.014353
1;0.015133;0.014034
1;0.015140;0.011808
1;0.015397;0.014142
1;0.016941;0.012758
1;0.014727;0.012195
1;0.015067;0.011851
1;0.014794;0.012908
1;0.015588;0.011746
1;0.015346;0.011514
1;0.014537;0.011960
1;0.014506;0.011640
1;0.014787;0.011559
