nThread;timeInit;timeCount
16;0.038785;0.243455
16;0.028142;0.294013
16;0.037762;0.214070
16;0.025106;0.173288
16;0.046491;0.233959
16;0.087415;0.226027
16;0.025519;0.278469
16;0.038875;0.218183
16;0.065228;0.283852
16;0.067873;0.264400
16;0.068220;0.293596
16;0.022379;0.269916
16;0.076998;0.213887
16;0.076904;0.404060
16;0.075237;0.304097
16;0.077497;0.253857
16;0.039737;0.211209
16;0.076188;0.244424
16;0.038438;0.343609
16;0.030531;0.280736
