nThread;timeInit;timeCount
2;0.011431;0.012411
2;0.010734;0.008751
2;0.008657;0.008265
2;0.008354;0.008318
2;0.008321;0.008367
2;0.008366;0.008312
2;0.008383;0.008468
2;0.011516;0.008369
2;0.008671;0.010280
2;0.008624;0.010344
2;0.008761;0.008405
2;0.008298;0.008275
2;0.008197;0.008448
2;0.009317;0.008440
2;0.009963;0.008587
2;0.011297;0.010772
2;0.007966;0.008056
2;0.007902;0.009459
2;0.007822;0.007951
2;0.008158;0.011113
