nThread;timeInit;timeCount
8;0.009456;0.007893
8;0.008817;0.018227
8;0.009651;0.007292
8;0.011727;0.017382
8;0.008970;0.017377
8;0.008762;0.019180
8;0.009481;0.022299
8;0.010093;0.016867
8;0.007616;0.016978
8;0.010866;0.025448
8;0.008876;0.015743
8;0.008348;0.014358
8;0.012213;0.024906
8;0.010021;0.026335
8;0.007902;0.019438
8;0.007786;0.018561
8;0.006350;0.016071
8;0.010420;0.022592
8;0.014513;0.023317
8;0.010939;0.018469
