nThread;timeInit;timeCount
1;0.019134;0.012918
1;0.018439;0.013045
1;0.018406;0.012439
1;0.017309;0.012691
1;0.017618;0.011505
1;0.016980;0.011135
1;0.015785;0.011299
1;0.016174;0.010406
1;0.015520;0.011284
1;0.015820;0.010978
1;0.015169;0.011011
1;0.015676;0.010668
1;0.015529;0.010561
1;0.015176;0.011545
1;0.016229;0.010231
1;0.014141;0.010056
1;0.019278;0.010114
1;0.013914;0.010296
1;0.015716;0.010775
1;0.014294;0.010346
