nThread;timeInit;timeCount
4;0.008167;0.009568
4;0.008272;0.008956
4;0.008046;0.008095
4;0.006448;0.008757
4;0.006978;0.008443
4;0.007492;0.009368
4;0.008479;0.008729
4;0.006979;0.009525
4;0.007037;0.009577
4;0.005024;0.008599
4;0.006732;0.009197
4;0.005681;0.008083
4;0.007003;0.008602
4;0.006970;0.008395
4;0.008007;0.009521
4;0.006933;0.009179
4;0.006665;0.008175
4;0.006151;0.009030
4;0.007971;0.009237
4;0.006587;0.008831
