nThread;timeInit;timeCount
4;0.008796;0.014626
4;0.007771;0.014879
4;0.008162;0.014475
4;0.008097;0.014238
4;0.007851;0.014982
4;0.009148;0.014487
4;0.006351;0.013949
4;0.007306;0.015290
4;0.007988;0.014182
4;0.007615;0.013968
4;0.008511;0.013422
4;0.007988;0.015191
4;0.007121;0.014594
4;0.007932;0.014209
4;0.007343;0.014315
4;0.009546;0.013955
4;0.008280;0.015211
4;0.008533;0.014310
4;0.007069;0.015322
4;0.009720;0.014349
