nThread;timeInit;timeCount
8;0.007511;0.029843
8;0.007600;0.019282
8;0.010498;0.024323
8;0.006875;0.026502
8;0.010428;0.024017
8;0.007665;0.023325
8;0.008921;0.033224
8;0.007412;0.029150
8;0.008786;0.028652
8;0.008481;0.020370
8;0.010189;0.022338
8;0.009129;0.018255
8;0.011560;0.027525
8;0.011053;0.025528
8;0.012387;0.023996
8;0.009519;0.022236
8;0.008480;0.021601
8;0.007910;0.026837
8;0.006815;0.027566
8;0.006096;0.019107
