nThread;timeInit;timeCount
16;0.001064;0.226668
16;0.036949;0.300556
16;0.026924;0.280560
16;0.010152;0.328054
16;0.027104;0.140595
16;0.037307;0.322164
16;0.037618;0.320722
16;0.010306;0.208654
16;0.028226;0.180815
16;0.001004;0.358266
16;0.009642;0.388494
16;0.007921;0.298497
16;0.019122;0.307808
16;0.026508;0.240638
16;0.018395;0.298300
16;0.019327;0.287980
16;0.025982;0.292458
16;0.027457;0.260555
16;0.019207;0.388275
16;0.001081;0.217468
