nThread;timeInit;timeCount
8;0.004777;0.014467
8;0.006556;0.008814
8;0.002851;0.008627
8;0.000742;0.013478
8;0.002969;0.010625
8;0.006699;0.013748
8;0.005002;0.014439
8;0.005114;0.004430
8;0.008306;0.021390
8;0.001701;0.004348
8;0.000605;0.003747
8;0.000620;0.003372
8;0.000572;0.003209
8;0.000618;0.003328
8;0.001032;0.003185
8;0.003948;0.019307
8;0.004450;0.014196
8;0.000686;0.013247
8;0.000653;0.016580
8;0.000594;0.019837
