nThread;timeInit;timeCount
1;0.001460;0.001673
1;0.001942;0.002082
1;0.001391;0.001607
1;0.001304;0.001494
1;0.001239;0.001309
1;0.001442;0.001567
1;0.001442;0.001534
1;0.001428;0.001701
1;0.001368;0.001739
1;0.001482;0.001771
1;0.001455;0.001659
1;0.001358;0.001494
1;0.001305;0.001450
1;0.001485;0.001549
1;0.001466;0.001570
1;0.001499;0.001572
1;0.001369;0.001539
1;0.001447;0.001642
1;0.001402;0.001622
1;0.001514;0.001552
