nThread;timeInit;timeCount
1;0.001852;0.002200
1;0.001639;0.002015
1;0.001508;0.002585
1;0.001805;0.002065
1;0.001577;0.001885
1;0.001412;0.001847
1;0.001401;0.001931
1;0.001697;0.002204
1;0.001861;0.002364
1;0.001376;0.001763
1;0.001311;0.001756
1;0.001336;0.001863
1;0.001487;0.001872
1;0.002738;0.002342
1;0.001360;0.001751
1;0.001372;0.001783
1;0.001391;0.002082
1;0.001984;0.002291
1;0.001553;0.001937
1;0.001704;0.002258
