nThread;timeInit;timeCount
1;0.002379;0.000799
1;0.002818;0.000769
1;0.002270;0.000686
1;0.002086;0.000533
1;0.001944;0.000596
1;0.001987;0.000529
1;0.001999;0.000520
1;0.002339;0.000755
1;0.002099;0.000587
1;0.002136;0.000705
1;0.002058;0.000683
1;0.002103;0.000540
1;0.002061;0.000557
1;0.002021;0.000541
1;0.002318;0.000626
1;0.002015;0.000611
1;0.002142;0.000655
1;0.001974;0.000544
1;0.002052;0.000533
1;0.001958;0.000523
