nThread;timeInit;timeCount
4;0.002229;0.000686
4;0.001767;0.000613
4;0.002535;0.000643
4;0.002368;0.000590
4;0.002384;0.000618
4;0.001725;0.000654
4;0.001868;0.001401
4;0.002316;0.000701
4;0.001303;0.000849
4;0.002401;0.000563
4;0.001836;0.000547
4;0.001750;0.000661
4;0.001409;0.000536
4;0.001451;0.000688
4;0.001453;0.000633
4;0.001858;0.000772
4;0.015318;0.000771
4;0.001511;0.000569
4;0.001654;0.000820
4;0.001974;0.000669
