nThread;timeInit;timeCount
16;0.567753;1.100515
16;0.566578;0.959971
16;0.816596;1.109989
16;0.649077;0.829987
16;0.712833;0.934099
16;0.687808;0.920413
16;0.946921;1.010508
16;0.810355;0.860792
16;0.686583;0.649954
16;0.868020;0.969895
16;0.556729;0.689865
16;0.846671;1.189982
16;0.521035;0.635733
16;0.538724;0.949984
16;0.541373;0.866516
16;0.737972;0.829948
16;0.842076;0.839528
16;0.734557;0.899985
16;0.736406;0.679897
16;0.530781;0.886305
