nThread;timeInit;timeCount
1;0.001770;0.000575
1;0.001891;0.000499
1;0.001954;0.000484
1;0.001846;0.000620
1;0.001813;0.000495
1;0.001790;0.000538
1;0.001669;0.000473
1;0.001735;0.000557
1;0.001805;0.000535
1;0.001727;0.000471
1;0.001874;0.000478
1;0.001837;0.000539
1;0.001793;0.000538
1;0.001840;0.000489
1;0.001882;0.000516
1;0.002081;0.000591
1;0.001996;0.000583
1;0.002239;0.000513
1;0.002122;0.000538
1;0.002086;0.000581
