nThread;timeInit;timeCount
2;0.001889;0.000823
2;0.003018;0.000690
2;0.002257;0.000794
2;0.003121;0.000724
2;0.001655;0.000896
2;0.001853;0.000623
2;0.002171;0.000890
2;0.002476;0.000659
2;0.001890;0.000849
2;0.002041;0.000844
2;0.001869;0.000693
2;0.001969;0.000837
2;0.002227;0.000734
2;0.002280;0.000800
2;0.002945;0.000885
2;0.001987;0.000922
2;0.002253;0.000861
2;0.002279;0.000865
2;0.005804;0.001238
2;0.002127;0.000965
