nThread;timeInit;timeCount
8;0.027997;0.012627
8;0.042126;0.024281
8;0.029245;0.037367
8;0.030010;0.029650
8;0.026172;0.036331
8;0.001264;0.000795
8;0.032078;0.026925
8;0.029080;0.034391
8;0.022017;0.024441
8;0.037451;0.026418
8;0.013545;0.010666
8;0.035537;0.022657
8;0.026432;0.032459
8;0.049455;0.030504
8;0.019660;0.024243
8;0.025365;0.036028
8;0.030462;0.030249
8;0.018813;0.032538
8;0.016591;0.029072
8;0.024480;0.031683
