nThread;timeInit;timeCount
1;0.000156;0.000036
1;0.000153;0.000037
1;0.000173;0.000039
1;0.000171;0.000043
1;0.000161;0.000052
1;0.000219;0.000042
1;0.000220;0.000041
1;0.000159;0.000052
1;0.000176;0.000041
1;0.000150;0.000036
1;0.000438;0.000067
1;0.000157;0.000036
1;0.000172;0.000037
1;0.000178;0.000040
1;0.000153;0.000036
1;0.000190;0.000043
1;0.000173;0.000041
1;0.000231;0.000036
1;0.000149;0.000036
1;0.000210;0.000049
