nThread;timeInit;timeCount
16;0.036301;0.250028
16;0.047508;0.180018
16;0.027780;0.260002
16;0.037942;0.290058
16;0.016451;0.269996
16;0.036645;0.170029
16;0.026423;0.179957
16;0.008971;0.197963
16;0.036809;0.239988
16;0.001251;0.197074
16;0.026361;0.240538
16;0.026963;0.159982
16;0.036197;0.239983
16;0.027591;0.269995
16;0.026499;0.309969
16;0.028022;0.299997
16;0.036904;0.169988
16;0.019726;0.246843
16;0.000628;0.227305
16;0.001300;0.194556
