nThread;timeInit;timeCount
1;0.000234;0.011685
1;0.000196;0.014106
1;0.000267;0.013601
1;0.000182;0.011627
1;0.000199;0.012082
1;0.000234;0.011152
1;0.000179;0.012127
1;0.000295;0.011716
1;0.000263;0.011507
1;0.000227;0.011678
1;0.000179;0.011695
1;0.000238;0.011872
1;0.000175;0.011449
1;0.000220;0.012205
1;0.000306;0.013324
1;0.000173;0.011110
1;0.000186;0.011660
1;0.000187;0.011947
1;0.000326;0.013894
1;0.000212;0.012145
