nThread;timeInit;timeCount
1;0.000259;0.015046
1;0.000292;0.012707
1;0.000143;0.012691
1;0.000128;0.011206
1;0.000175;0.011264
1;0.000154;0.012532
1;0.000150;0.010956
1;0.000154;0.011303
1;0.000175;0.013689
1;0.000127;0.011578
1;0.000136;0.010882
1;0.000179;0.011201
1;0.000134;0.011844
1;0.000172;0.010791
1;0.000164;0.011908
1;0.000133;0.011745
1;0.000134;0.011474
1;0.000202;0.011306
1;0.000140;0.014181
1;0.000133;0.012094
