nThread;timeInit;timeCount
4;0.000875;0.029114
4;0.000530;0.029413
4;0.000476;0.030277
4;0.000621;0.028949
4;0.000858;0.029074
4;0.000515;0.025059
4;0.000093;0.026668
4;0.000423;0.023912
4;0.000097;0.023154
4;0.000389;0.023453
4;0.000515;0.026302
4;0.000443;0.025385
4;0.000097;0.026704
4;0.000103;0.029862
4;0.000447;0.026628
4;0.000384;0.027087
4;0.000579;0.029771
4;0.000382;0.028738
4;0.000102;0.033576
4;0.000120;0.025712
