nThread;timeInit;timeCount
16;0.012776;0.524560
16;0.055046;0.590286
16;0.026213;0.638717
16;0.036591;0.888033
16;0.044677;0.619159
16;0.019633;0.556604
16;0.000735;0.422194
16;0.028263;1.397888
16;0.046397;1.080266
16;0.036493;0.688302
16;0.036833;0.728766
16;0.035875;0.596370
16;0.020611;0.774641
16;0.000619;0.675407
16;0.038082;0.954982
16;0.000541;0.576433
16;0.036896;0.600961
16;0.019296;0.697365
16;0.018784;0.906868
16;0.036589;0.568390
