nThread;timeInit;timeCount
8;0.000102;0.044040
8;0.000087;0.041549
8;0.000428;0.042709
8;0.004609;0.066564
8;0.004704;0.050179
8;0.003112;0.046461
8;0.003094;0.048817
8;0.000109;0.052381
8;0.002052;0.053790
8;0.000735;0.044097
8;0.002925;0.054272
8;0.002960;0.047195
8;0.008895;0.061435
8;0.002049;0.059828
8;0.004170;0.057361
8;0.001095;0.055069
8;0.005567;0.058656
8;0.000516;0.050905
8;0.010707;0.048049
8;0.005422;0.052319
