nThread;timeInit;timeCount
1;0.002057;0.001850
1;0.001873;0.001816
1;0.001813;0.002089
1;0.006358;0.001836
1;0.002125;0.001886
1;0.001861;0.001791
1;0.001901;0.001875
1;0.002019;0.001902
1;0.001986;0.002127
1;0.002067;0.002193
1;0.002182;0.001992
1;0.001962;0.001953
1;0.001913;0.001874
1;0.001853;0.001937
1;0.001873;0.001973
1;0.002029;0.002005
1;0.001987;0.002261
1;0.002158;0.002014
1;0.002193;0.001914
1;0.001893;0.001939
