nThread;timeInit;timeCount
16;0.847689;1.000023
16;0.806442;1.149991
16;0.727634;1.049980
16;0.726333;1.059975
16;0.598628;0.892982
16;0.757489;1.001069
16;0.757817;0.969984
16;0.536741;0.682590
16;0.799748;0.699970
16;0.736272;0.917620
16;0.522254;0.674718
16;0.597859;0.709984
16;0.593314;1.074661
16;0.808559;0.810014
16;0.797307;0.951161
16;0.590961;1.043656
16;0.776752;0.911016
16;0.814885;0.959983
16;0.684714;0.791265
16;0.678110;1.079993
