nThread;timeInit;timeCount
2;0.002232;0.002254
2;0.001482;0.002277
2;0.001667;0.002161
2;0.001565;0.002292
2;0.001756;0.002414
2;0.001432;0.002214
2;0.001391;0.002120
2;0.001957;0.002167
2;0.001643;0.002149
2;0.001545;0.002476
2;0.001383;0.002191
2;0.001481;0.002212
2;0.001397;0.002093
2;0.002091;0.002095
2;0.001591;0.002109
2;0.001538;0.002168
2;0.001579;0.002674
2;0.001337;0.002261
2;0.001978;0.002390
2;0.002218;0.002814
