nThread;timeInit;timeCount
4;0.001747;0.002808
4;0.002496;0.002624
4;0.002533;0.003268
4;0.002130;0.003003
4;0.001471;0.002721
4;0.001598;0.002564
4;0.009435;0.003005
4;0.001750;0.003149
4;0.001521;0.002967
4;0.001681;0.002815
4;0.001402;0.002666
4;0.002493;0.003706
4;0.002162;0.002871
4;0.002550;0.003482
4;0.002090;0.002609
4;0.001512;0.002800
4;0.001731;0.002696
4;0.002389;0.002506
4;0.001797;0.002750
4;0.002210;0.002766
