nThread;timeInit;timeCount
1;0.002412;0.002012
1;0.003636;0.002906
1;0.002357;0.002281
1;0.003439;0.002464
1;0.003377;0.002703
1;0.002866;0.002300
1;0.002168;0.002068
1;0.002570;0.002026
1;0.002381;0.002010
1;0.002272;0.002065
1;0.003484;0.002937
1;0.002567;0.002288
1;0.003600;0.002854
1;0.002870;0.003002
1;0.002364;0.002094
1;0.002135;0.002006
1;0.002289;0.001924
1;0.003224;0.002587
1;0.002062;0.002159
1;0.002257;0.002175
