nThread;timeInit;timeCount
8;0.015792;0.002791
8;0.029017;0.052920
8;0.037380;0.030937
8;0.024205;0.035586
8;0.026109;0.038906
8;0.036553;0.031049
8;0.035958;0.013673
8;0.035126;0.046221
8;0.001933;0.024931
8;0.036103;0.037685
8;0.016055;0.025944
8;0.032873;0.042878
8;0.007854;0.015386
8;0.033305;0.029635
8;0.035151;0.028999
8;0.027735;0.006438
8;0.020296;0.047250
8;0.040312;0.034706
8;0.033623;0.025016
8;0.025218;0.022659
