nThread;timeInit;timeCount
16;0.001000;1.110217
16;0.028547;0.519164
16;0.036499;0.888824
16;0.028099;0.537733
16;0.046848;0.618805
16;0.020262;0.916638
16;0.036184;1.019220
16;0.031542;0.959046
16;0.026440;0.809088
16;0.046621;0.628933
16;0.027713;0.568854
16;0.018983;0.656203
16;0.019013;0.985987
16;0.010831;0.745414
16;0.036414;0.678925
16;0.001040;0.855553
16;0.009980;0.586197
16;0.047487;0.808349
16;0.011120;1.015311
16;0.026587;0.868008
