nThread;timeInit;timeCount
1;0.002579;0.020929
1;0.001785;0.016562
1;0.002597;0.016903
1;0.001940;0.016684
1;0.001668;0.016875
1;0.002538;0.018920
1;0.002148;0.018023
1;0.006785;0.027718
1;0.001795;0.014863
1;0.001598;0.015435
1;0.001577;0.015925
1;0.001585;0.013855
1;0.001369;0.013304
1;0.001612;0.014592
1;0.001530;0.013533
1;0.001448;0.013939
1;0.001396;0.014926
1;0.001502;0.016804
1;0.002197;0.015600
1;0.001497;0.012915
