nThread;timeInit;timeCount
2;0.001741;0.021555
2;0.001042;0.020088
2;0.001047;0.019049
2;0.001743;0.018769
2;0.000959;0.019754
2;0.001980;0.019392
2;0.000999;0.018134
2;0.000989;0.018227
2;0.000993;0.019644
2;0.001523;0.017816
2;0.000970;0.018095
2;0.001110;0.018566
2;0.001513;0.020969
2;0.000944;0.018065
2;0.001011;0.018645
2;0.000985;0.021617
2;0.000930;0.019200
2;0.001197;0.023934
2;0.001196;0.022412
2;0.000962;0.018778
