nThread;timeInit;timeCount
4;0.001533;0.033445
4;0.001493;0.030811
4;0.001219;0.026457
4;0.000811;0.027872
4;0.001061;0.029493
4;0.001373;0.030078
4;0.001019;0.029330
4;0.001353;0.034294
4;0.001220;0.035217
4;0.001122;0.028227
4;0.001900;0.029456
4;0.001184;0.027108
4;0.001621;0.030701
4;0.001150;0.027189
4;0.001422;0.029817
4;0.001519;0.029735
4;0.001217;0.031441
4;0.001168;0.028985
4;0.001925;0.028404
4;0.000945;0.030526
