nThread;timeInit;timeCount
8;0.000617;0.045424
8;0.001224;0.043173
8;0.000624;0.042082
8;0.000559;0.050709
8;0.000594;0.047808
8;0.000810;0.047562
8;0.003814;0.058038
8;0.006154;0.053319
8;0.002604;0.051841
8;0.002521;0.053501
8;0.000645;0.052970
8;0.000633;0.056947
8;0.000574;0.055500
8;0.006080;0.056626
8;0.005899;0.055878
8;0.004443;0.051409
8;0.001062;0.047363
8;0.004876;0.052833
8;0.004778;0.056301
8;0.001024;0.043163
