nThread;timeInit;timeCount
1;0.001582;0.016712
1;0.001487;0.018802
1;0.001337;0.013725
1;0.001319;0.013391
1;0.001439;0.013516
1;0.001270;0.014441
1;0.001882;0.027296
1;0.002952;0.021038
1;0.001153;0.012620
1;0.001205;0.012817
1;0.001150;0.016290
1;0.001209;0.011923
1;0.001376;0.011926
1;0.001177;0.013732
1;0.001104;0.013000
1;0.001499;0.011270
1;0.001317;0.014356
1;0.001097;0.012579
1;0.001452;0.012571
1;0.001193;0.012663
