nThread;timeInit;timeCount
4;0.089725;0.095901
4;0.093264;0.115496
4;0.096526;0.100534
4;0.096583;0.103700
4;0.097450;0.108143
4;0.097884;0.105493
4;0.093738;0.103416
4;0.093592;0.103675
4;0.097320;0.109902
4;0.104523;0.114699
4;0.098510;0.118946
4;0.100555;0.111338
4;0.090708;0.113360
4;0.102174;0.116693
4;0.110914;0.106088
4;0.099772;0.109078
4;0.112353;0.119749
4;0.129582;0.119354
4;0.088657;0.112202
4;0.111571;0.112214
