nThread;timeInit;timeCount
2;0.098228;0.093811
2;0.102510;0.086640
2;0.099190;0.100649
2;0.105122;0.086854
2;0.095827;0.086356
2;0.102702;0.090353
2;0.111067;0.102143
2;0.105864;0.104174
2;0.107715;0.092239
2;0.095319;0.090601
2;0.109042;0.090195
2;0.099782;0.084157
2;0.096258;0.091161
2;0.093652;0.090759
2;0.111924;0.085065
2;0.113440;0.099866
2;0.094063;0.095283
2;0.098890;0.085475
2;0.098369;0.084823
2;0.099150;0.085742
