nThread;timeInit;timeCount
16;0.538672;1.028280
16;0.816687;0.940332
16;0.697014;1.011532
16;0.787951;1.020261
16;0.706161;1.196864
16;0.776719;1.131652
16;0.797423;1.144876
16;0.808573;1.055025
16;0.771342;0.977147
16;0.688105;0.886924
16;0.746445;1.157071
16;0.838428;1.080772
16;0.586643;0.810319
16;0.713706;0.991312
16;0.896800;1.110425
16;0.675499;0.890406
16;0.656658;0.870152
16;0.802908;1.122655
16;0.848014;1.100399
16;0.726363;0.984113
