nThread;timeInit;timeCount
1;0.578258;0.518079
1;0.500007;0.495402
1;0.505252;0.574736
1;0.525488;0.567906
1;0.509549;0.631726
1;0.649445;0.553354
1;0.536952;0.566525
1;0.504512;0.562751
1;0.536763;0.559197
1;0.569128;0.646448
1;0.494067;0.547524
1;0.530280;0.555622
1;0.509203;0.565597
1;0.524388;0.643029
1;0.614817;0.578770
1;0.527279;0.573524
1;0.529102;0.558032
1;0.544428;0.587282
1;0.617000;0.704678
1;0.529856;0.602128
