nThread;timeInit;timeCount
1;0.177834;0.134763
1;0.179987;0.129700
1;0.164581;0.129883
1;0.163674;0.130567
1;0.165833;0.129987
1;0.162446;0.130543
1;0.162873;0.172415
1;0.229834;0.154250
1;0.215541;0.158417
1;0.190694;0.140509
1;0.169825;0.130967
1;0.163455;0.130031
1;0.170212;0.149794
1;0.171756;0.131810
1;0.163084;0.125679
1;0.157802;0.125009
1;0.167962;0.124599
1;0.156716;0.125047
1;0.157104;0.125260
1;0.156970;0.124239
