nThread;timeInit;timeCount
8;0.248434;0.383960
8;0.115085;0.149416
8;0.107073;0.137662
8;0.104128;0.134449
8;0.090622;0.139333
8;0.110918;0.136069
8;0.105375;0.152131
8;0.088778;0.106305
8;0.104410;0.166277
8;0.113500;0.115102
8;0.085998;0.151248
8;0.100167;0.129214
8;0.112984;0.152301
8;0.104886;0.150642
8;0.089608;0.151070
8;0.096509;0.113290
8;0.103067;0.139592
8;0.099256;0.144006
8;0.122617;0.136064
8;0.204480;0.143904
