nThread;timeInit;timeCount
1;0.000179;0.007578
1;0.000293;0.010225
1;0.000161;0.006099
1;0.000147;0.005572
1;0.000127;0.005747
1;0.000155;0.007465
1;0.000139;0.006479
1;0.000133;0.006394
1;0.000115;0.006562
1;0.000113;0.006910
1;0.000114;0.006783
1;0.000126;0.007236
1;0.000145;0.005797
1;0.000136;0.008069
1;0.000157;0.005651
1;0.000177;0.006358
1;0.000164;0.007622
1;0.000154;0.005890
1;0.000141;0.006191
1;0.000138;0.007292
