nThread;timeInit;timeCount
8;0.002936;0.053263
8;0.002675;0.039103
8;0.002024;0.038480
8;0.002944;0.044593
8;0.001432;0.044309
8;0.001352;0.049224
8;0.004987;0.041573
8;0.000103;0.044636
8;0.003431;0.050589
8;0.002052;0.044018
8;0.005393;0.047956
8;0.001673;0.046656
8;0.006315;0.044923
8;0.000085;0.035391
8;0.000741;0.035332
8;0.000117;0.035693
8;0.000098;0.040131
8;0.002272;0.043452
8;0.004009;0.047719
8;0.003223;0.043049
