nThread;timeInit;timeCount
1;0.000172;0.005137
1;0.000187;0.007171
1;0.000175;0.005815
1;0.000163;0.004836
1;0.000187;0.006063
1;0.000255;0.005337
1;0.000290;0.005767
1;0.000253;0.005763
1;0.000196;0.005595
1;0.000199;0.005332
1;0.000209;0.005379
1;0.000191;0.005113
1;0.000194;0.004558
1;0.000158;0.004545
1;0.000151;0.004494
1;0.000175;0.004530
1;0.000171;0.004405
1;0.000157;0.004384
1;0.000164;0.004545
1;0.000223;0.005001
