nThread;timeInit;timeCount
4;0.000150;0.020056
4;0.000351;0.018371
4;0.000670;0.016655
4;0.000324;0.020780
4;0.000452;0.019543
4;0.000468;0.019526
4;0.000098;0.021092
4;0.000868;0.019940
4;0.000489;0.020257
4;0.000529;0.019514
4;0.000087;0.021338
4;0.000120;0.019050
4;0.000106;0.021270
4;0.000494;0.019249
4;0.000099;0.019521
4;0.000132;0.018941
4;0.000432;0.020014
4;0.000092;0.023424
4;0.000183;0.021773
4;0.000418;0.019358
