nThread;timeInit;timeCount
16;0.026642;0.415406
16;0.026635;0.565266
16;0.000968;0.728852
16;0.036211;1.014903
16;0.000572;0.432440
16;0.036578;0.505318
16;0.000839;0.573164
16;0.003519;0.896681
16;0.000636;0.826333
16;0.010987;0.602502
16;0.022357;0.909887
16;0.000664;0.522473
16;0.028888;0.569307
16;0.029216;0.585544
16;0.026654;0.691657
16;0.025968;0.534954
16;0.000597;1.072549
16;0.010306;0.593067
16;0.036716;0.246147
16;0.000578;0.912714
