nThread;timeInit;timeCount
4;0.050489;0.034463
4;0.053295;0.040820
4;0.070670;0.037338
4;0.059659;0.045655
4;0.054758;0.041735
4;0.067159;0.039749
4;0.053484;0.039475
4;0.058528;0.041950
4;0.055090;0.042568
4;0.060627;0.034441
4;0.060035;0.045279
4;0.071122;0.044197
4;0.061725;0.039088
4;0.057051;0.046080
4;0.063446;0.043558
4;0.058103;0.039618
4;0.065001;0.040319
4;0.053835;0.038082
4;0.056423;0.045075
4;0.057195;0.046479
