nThread;timeInit;timeCount
1;0.124951;0.051132
1;0.122888;0.052225
1;0.142127;0.052496
1;0.130438;0.051520
1;0.127817;0.051660
1;0.136930;0.052445
1;0.124192;0.051804
1;0.124498;0.050487
1;0.129616;0.051154
1;0.124387;0.051824
1;0.123232;0.051683
1;0.127212;0.052876
1;0.136858;0.051358
1;0.123958;0.049754
1;0.098967;0.050097
1;0.099907;0.047551
1;0.125271;0.051278
1;0.129009;0.051562
1;0.125951;0.052095
1;0.121807;0.052453
