nThread;timeInit;timeCount
1;0.124590;0.045580
1;0.125373;0.041266
1;0.108512;0.036692
1;0.105632;0.036634
1;0.097749;0.038150
1;0.114171;0.038739
1;0.115895;0.039244
1;0.119563;0.040824
1;0.114790;0.040344
1;0.115150;0.039484
1;0.121838;0.042907
1;0.114443;0.039269
1;0.114445;0.039474
1;0.115901;0.040593
1;0.104723;0.037126
1;0.100989;0.036294
1;0.100904;0.039399
1;0.114745;0.039876
1;0.114953;0.039680
1;0.115672;0.039109
