nThread;timeInit;timeCount
8;0.045804;0.040529
8;0.044564;0.039904
8;0.042681;0.038866
8;0.043967;0.039243
8;0.045385;0.037755
8;0.046431;0.042475
8;0.044930;0.039957
8;0.043839;0.037714
8;0.044796;0.038360
8;0.044361;0.039146
8;0.044440;0.042449
8;0.055747;0.046725
8;0.044346;0.042204
8;0.045527;0.038188
8;0.043540;0.037576
8;0.043848;0.038107
8;0.044364;0.036595
8;0.045030;0.040975
8;0.044532;0.038737
8;0.044044;0.040298
