nThread;timeInit;timeCount
16;0.079261;0.356634
16;0.436423;0.829694
16;0.467318;0.909692
16;0.436967;0.829330
16;0.141002;0.223047
16;0.837456;0.849371
16;0.776943;0.769377
16;0.278039;0.860053
16;0.297818;0.709495
16;0.267305;0.359343
16;0.337863;0.619918
16;0.299975;0.946865
16;0.476795;0.702229
16;0.587294;0.411186
16;0.528234;0.688406
16;0.452931;0.925276
16;0.416888;0.830226
16;0.587004;0.710562
16;0.368063;0.799190
16;0.527088;0.870229
