nThread;timeInit;timeCount
2;0.068598;0.035973
2;0.079813;0.039719
2;0.074662;0.035628
2;0.079792;0.037636
2;0.097505;0.043080
2;0.074656;0.036211
2;0.076616;0.037157
2;0.075337;0.036584
2;0.074727;0.060883
2;0.075311;0.036634
2;0.087253;0.036713
2;0.088848;0.033562
2;0.065895;0.033552
2;0.079518;0.032692
2;0.066786;0.041317
2;0.077832;0.051036
2;0.082287;0.036635
2;0.077162;0.042737
2;0.092842;0.038334
2;0.083037;0.037107
