nThread;timeInit;timeCount
4;0.001032;0.004762
4;0.001163;0.004674
4;0.001792;0.005085
4;0.001113;0.004884
4;0.001146;0.004279
4;0.001435;0.004618
4;0.001734;0.004845
4;0.001249;0.004147
4;0.001370;0.004901
4;0.001723;0.004437
4;0.001256;0.004868
4;0.004066;0.004668
4;0.000991;0.004710
4;0.001285;0.004673
4;0.001262;0.004462
4;0.000986;0.003670
4;0.001287;0.004069
4;0.001555;0.004274
4;0.001181;0.004617
4;0.001867;0.004577
