nThread;timeInit;timeCount
2;0.001358;0.004322
2;0.001126;0.004128
2;0.001152;0.003895
2;0.001600;0.003999
2;0.001960;0.005190
2;0.001801;0.005405
2;0.001071;0.003840
2;0.001119;0.003845
2;0.001191;0.003789
2;0.001119;0.003924
2;0.001221;0.003720
2;0.001678;0.003654
2;0.001074;0.003816
2;0.001206;0.003697
2;0.001100;0.003662
2;0.002317;0.005062
2;0.001238;0.003692
2;0.001118;0.003711
2;0.001634;0.003946
2;0.002190;0.003675
