nThread;timeInit;timeCount
1;0.002363;0.005552
1;0.002420;0.005936
1;0.002616;0.005516
1;0.002275;0.005526
1;0.002128;0.005574
1;0.002253;0.005822
1;0.003082;0.006635
1;0.002398;0.005328
1;0.002392;0.005943
1;0.003648;0.006447
1;0.002438;0.005430
1;0.002565;0.005613
1;0.002121;0.005134
1;0.002205;0.005317
1;0.002394;0.004934
1;0.001996;0.004924
1;0.002274;0.005387
1;0.002173;0.004871
1;0.002143;0.004983
1;0.002233;0.004914
