nThread;timeInit;timeCount
1;0.001636;0.004611
1;0.001595;0.004453
1;0.001716;0.004583
1;0.001755;0.004290
1;0.001778;0.004501
1;0.001923;0.004166
1;0.001624;0.004191
1;0.001741;0.004426
1;0.002821;0.004146
1;0.001695;0.004268
1;0.001864;0.004053
1;0.001636;0.004440
1;0.001582;0.004225
1;0.001549;0.004279
1;0.001683;0.004231
1;0.001621;0.004067
1;0.001547;0.004683
1;0.001768;0.004293
1;0.001710;0.004179
1;0.002113;0.003999
