nThread;timeInit;timeCount
8;0.010367;0.020309
8;0.001289;0.027202
8;0.005628;0.019101
8;0.004088;0.007843
8;0.002583;0.018532
8;0.005272;0.018045
8;0.000569;0.015972
8;0.003527;0.013343
8;0.004521;0.014625
8;0.002556;0.011060
8;0.006109;0.011643
8;0.001692;0.020646
8;0.001932;0.013816
8;0.005704;0.024120
8;0.006418;0.019064
8;0.000603;0.010724
8;0.000718;0.017843
8;0.005727;0.016261
8;0.006544;0.016874
8;0.003742;0.011516
