nThread;timeInit;timeCount
16;0.024510;0.370561
16;0.040265;0.397907
16;0.023142;0.386640
16;0.049378;0.386601
16;0.037526;0.291317
16;0.008991;0.319000
16;0.005653;0.310321
16;0.024850;0.250936
16;0.022512;0.285853
16;0.036820;0.381277
16;0.026934;0.321106
16;0.028936;0.259130
16;0.035560;0.260769
16;0.036089;0.381220
16;0.028791;0.320204
16;0.036829;0.168205
16;0.026068;0.411260
16;0.000894;0.257771
16;0.029683;0.287897
16;0.028042;0.223146
