nThread;timeInit;timeCount
1;0.199497;0.289542
1;0.219453;0.280344
1;0.200560;0.272309
1;0.192746;0.283640
1;0.193414;0.273045
1;0.194003;0.280892
1;0.192348;0.273130
1;0.198258;0.317856
1;0.198612;0.274750
1;0.199760;0.274050
1;0.193110;0.276070
1;0.192171;0.277887
1;0.194294;0.284131
1;0.193147;0.274014
1;0.197396;0.272409
1;0.199637;0.271097
1;0.202044;0.281950
1;0.192462;0.277216
1;0.192172;0.277139
1;0.199265;0.283917
