nThread;timeInit;timeCount
2;0.155143;0.248878
2;0.147673;0.249388
2;0.161869;0.267138
2;0.161716;0.257126
2;0.158908;0.260573
2;0.167191;0.257157
2;0.172756;0.283991
2;0.161541;0.235284
2;0.164362;0.243113
2;0.160185;0.249362
2;0.152351;0.254025
2;0.161401;0.249207
2;0.160150;0.240271
2;0.147974;0.239100
2;0.163533;0.262732
2;0.155154;0.254008
2;0.159273;0.233879
2;0.199612;0.257241
2;0.156940;0.238328
2;0.156218;0.257103
