nThread;timeInit;timeCount
8;0.346442;0.918472
8;0.260031;1.000477
8;0.299007;0.777878
8;0.327971;0.930305
8;0.302038;0.882984
8;0.361298;0.896406
8;0.271726;0.829461
8;0.321460;0.870064
8;0.259230;0.808500
8;0.233261;0.890968
8;0.357280;0.740782
8;0.354976;0.964421
8;0.451953;0.836118
8;0.267973;0.871107
8;0.236002;0.790208
8;0.337409;0.850626
8;0.262381;0.942475
8;0.301981;0.844723
8;0.305066;0.820859
8;0.322496;0.768380
