nThread;timeInit;timeCount
4;0.160828;0.315049
4;0.159771;0.303566
4;0.160738;0.311262
4;0.174390;0.306660
4;0.170954;0.304210
4;0.161799;0.310307
4;0.161453;0.303233
4;0.173500;0.311820
4;0.161672;0.309040
4;0.164924;0.315266
4;0.169683;0.345160
4;0.179476;0.328264
4;0.179111;0.338651
4;0.187581;0.337502
4;0.179609;0.333545
4;0.178744;0.332196
4;0.175220;0.327833
4;0.170765;0.321673
4;0.170256;0.320288
4;0.169805;0.475937
