nThread;timeInit;timeCount
1;0.140625;0.234375
1;0.140625;0.218750
1;0.140625;0.203125
1;0.156250;0.218750
1;0.140625;0.218750
1;0.140625;0.218750
1;0.140625;0.218750
1;0.140625;0.218750
1;0.140625;0.234375
1;0.140625;0.218750
1;0.140625;0.218750
1;0.156250;0.203125
1;0.140625;0.218750
1;0.156250;0.234375
1;0.125000;0.218750
1;0.203125;0.218750
1;0.140625;0.218750
1;0.140625;0.218750
1;0.156250;0.218750
1;0.140625;0.218750
