nThread;timeInit;timeCount
8;0.033092;0.066039
8;0.031776;0.036775
8;0.029068;0.059320
8;0.029982;0.056397
8;0.035570;0.059193
8;0.021385;0.074474
8;0.038285;0.060643
8;0.038450;0.075858
8;0.033955;0.062749
8;0.020153;0.064715
8;0.030163;0.055972
8;0.006736;0.082231
8;0.013896;0.059833
8;0.030801;0.061841
8;0.009324;0.046029
8;0.035869;0.060572
8;0.027550;0.062476
8;0.028497;0.061214
8;0.034102;0.069122
8;0.023296;0.041377
