nThread;timeInit;timeCount
2;0.001944;0.010449
2;0.001398;0.010500
2;0.002178;0.010658
2;0.001550;0.010515
2;0.001366;0.009576
2;0.001426;0.010474
2;0.001338;0.011091
2;0.002307;0.009806
2;0.001559;0.009844
2;0.002280;0.010980
2;0.001632;0.009388
2;0.001430;0.013102
2;0.002004;0.009083
2;0.001467;0.009539
2;0.001605;0.009541
2;0.001415;0.010458
2;0.001542;0.009256
2;0.001883;0.010860
2;0.001414;0.009600
2;0.002111;0.010311
