nThread;timeInit;timeCount
4;0.002175;0.020231
4;0.001461;0.018537
4;0.002068;0.016941
4;0.001568;0.020042
4;0.002580;0.018952
4;0.001367;0.018244
4;0.002035;0.019924
4;0.002453;0.018543
4;0.001543;0.025639
4;0.002110;0.026515
4;0.001752;0.019099
4;0.001831;0.019943
4;0.002120;0.017948
4;0.002005;0.017220
4;0.002124;0.018008
4;0.001641;0.019443
4;0.001898;0.016358
4;0.001353;0.018560
4;0.001328;0.017894
4;0.001371;0.019690
