nThread;timeInit;timeCount
16;0.581499;0.889842
16;0.806494;1.309961
16;0.746572;1.669917
16;0.706980;1.209891
16;0.796168;1.589989
16;0.878628;1.909991
16;0.658119;1.909716
16;0.647969;0.984355
16;0.636792;0.959983
16;0.737854;1.529942
16;0.677254;1.292387
16;0.797951;1.130000
16;0.587939;1.352946
16;0.616938;1.039977
16;0.757803;1.559954
16;0.736651;1.269991
16;0.846492;1.297780
16;0.867749;1.109971
16;0.887648;1.518784
16;0.565586;1.262181
