nThread;timeInit;timeCount
1;0.002872;0.007792
1;0.002809;0.007887
1;0.002097;0.006702
1;0.002640;0.007297
1;0.002854;0.009222
1;0.002207;0.007192
1;0.002744;0.006059
1;0.002158;0.007222
1;0.002537;0.007598
1;0.002256;0.006183
1;0.002593;0.008360
1;0.002619;0.006428
1;0.002359;0.008814
1;0.002932;0.007587
1;0.002555;0.009642
1;0.002229;0.009162
1;0.002737;0.007402
1;0.002204;0.006609
1;0.002733;0.007763
1;0.002240;0.005952
