nThread;timeInit;timeCount
1;0.002170;0.006345
1;0.001883;0.006457
1;0.002135;0.006596
1;0.001826;0.005689
1;0.002146;0.008065
1;0.001877;0.005973
1;0.002117;0.007129
1;0.001903;0.006021
1;0.002250;0.007195
1;0.001902;0.006886
1;0.002017;0.006030
1;0.002058;0.006394
1;0.001981;0.005997
1;0.002043;0.006176
1;0.002051;0.006144
1;0.002165;0.007645
1;0.002070;0.006386
1;0.002378;0.006810
1;0.002213;0.006177
1;0.002100;0.006925
