nThread;timeInit;timeCount
1;0.006075;0.011273
1;0.006700;0.012870
1;0.005910;0.011634
1;0.006168;0.010977
1;0.006392;0.011624
1;0.006422;0.011162
1;0.006320;0.011354
1;0.006199;0.010544
1;0.006775;0.012005
1;0.006060;0.011034
1;0.005806;0.011190
1;0.006255;0.010592
1;0.006570;0.011637
1;0.006766;0.011371
1;0.006115;0.010847
1;0.006091;0.010735
1;0.005721;0.011298
1;0.007484;0.010972
1;0.006186;0.010782
1;0.007515;0.011579
