nThread;timeInit;timeCount
1;0.002396;0.008435
1;0.002263;0.007830
1;0.002519;0.006181
1;0.002129;0.006115
1;0.002274;0.007730
1;0.002190;0.006653
1;0.002176;0.006190
1;0.002323;0.008543
1;0.002128;0.008450
1;0.002547;0.006221
1;0.002338;0.007723
1;0.002274;0.006967
1;0.001929;0.005966
1;0.002133;0.007313
1;0.001894;0.006725
1;0.002176;0.006733
1;0.002012;0.006791
1;0.002102;0.006761
1;0.002195;0.006559
1;0.002505;0.006133
