nThread;timeInit;timeCount
2;0.001546;0.011164
2;0.001775;0.010884
2;0.001248;0.009328
2;0.001384;0.008475
2;0.001550;0.010139
2;0.001575;0.012267
2;0.001227;0.009223
2;0.001869;0.009066
2;0.002010;0.008187
2;0.001355;0.008737
2;0.001731;0.009378
2;0.001942;0.009693
2;0.001437;0.009454
2;0.001424;0.009672
2;0.001406;0.009122
2;0.001744;0.009176
2;0.001254;0.010874
2;0.001426;0.009284
2;0.001422;0.008363
2;0.001399;0.009690
