nThread;timeInit;timeCount
16;0.677052;1.239999
16;0.846364;1.209991
16;0.771570;1.139977
16;0.654941;1.490013
16;0.846405;1.529993
16;0.788907;1.039098
16;0.636611;1.229936
16;0.717324;1.458479
16;0.826987;1.499908
16;0.798257;1.897917
16;0.768831;1.359980
16;0.727391;1.639994
16;0.826700;1.279974
16;0.578432;1.400002
16;0.616511;1.419961
16;0.718450;1.414134
16;0.786594;1.282533
16;0.607438;1.500080
16;0.695907;1.094215
16;0.746071;1.639992
