nThread;timeInit;timeCount
8;0.028430;0.077795
8;0.044571;0.067880
8;0.026469;0.058387
8;0.030733;0.082803
8;0.031146;0.067683
8;0.023748;0.050821
8;0.037480;0.063317
8;0.037090;0.070596
8;0.031190;0.057381
8;0.014643;0.037021
8;0.019048;0.074631
8;0.032510;0.041329
8;0.026747;0.078204
8;0.024356;0.062275
8;0.019008;0.068992
8;0.018138;0.065486
8;0.014814;0.070413
8;0.001321;0.036850
8;0.018691;0.083405
8;0.024274;0.075852
