nThread;timeInit;timeCount
4;0.001944;0.020624
4;0.001714;0.019825
4;0.001699;0.017312
4;0.001168;0.018334
4;0.001732;0.018028
4;0.001178;0.017160
4;0.001822;0.016451
4;0.001520;0.017944
4;0.001152;0.017076
4;0.001535;0.016994
4;0.001267;0.016721
4;0.001173;0.018017
4;0.001369;0.016300
4;0.001017;0.017400
4;0.001424;0.017109
4;0.001143;0.017962
4;0.001331;0.016817
4;0.001617;0.023891
4;0.002052;0.017751
4;0.001852;0.017283
