nThread;timeInit;timeCount
1;0.144388;0.067971
1;0.146256;0.068258
1;0.154088;0.065084
1;0.141407;0.069141
1;0.146367;0.065588
1;0.148350;0.065025
1;0.142434;0.069207
1;0.145513;0.066626
1;0.151416;0.067219
1;0.142759;0.066640
1;0.145313;0.065421
1;0.142383;0.065021
1;0.144149;0.067088
1;0.147111;0.070627
1;0.145217;0.064325
1;0.142811;0.065986
1;0.143552;0.066755
1;0.146667;0.065285
1;0.144925;0.066483
1;0.143993;0.065661
