nThread;timeInit;timeCount
2;0.106778;0.081972
2;0.106992;0.057490
2;0.121124;0.059059
2;0.120358;0.056465
2;0.107758;0.060155
2;0.113961;0.058074
2;0.108569;0.057452
2;0.109924;0.065898
2;0.132340;0.056875
2;0.110363;0.063479
2;0.126294;0.075767
2;0.104015;0.076913
2;0.108132;0.068684
2;0.103721;0.063169
2;0.104691;0.058063
2;0.105400;0.057952
2;0.104883;0.057495
2;0.112664;0.059195
2;0.101901;0.058875
2;0.101917;0.058697
