nThread;timeInit;timeCount
4;0.088936;0.057600
4;0.076303;0.062668
4;0.078431;0.054522
4;0.080215;0.062845
4;0.088066;0.058033
4;0.083683;0.054546
4;0.073055;0.060086
4;0.090324;0.065898
4;0.089770;0.063817
4;0.096158;0.066653
4;0.094090;0.061928
4;0.084032;0.064051
4;0.078686;0.053045
4;0.086850;0.063705
4;0.092652;0.059350
4;0.077124;0.052837
4;0.083270;0.056424
4;0.085450;0.064448
4;0.074887;0.064274
4;0.084027;0.059795
