nThread;timeInit;timeCount
8;0.071213;0.071125
8;0.070556;0.054245
8;0.073938;0.055572
8;0.075666;0.073495
8;0.072821;0.060977
8;0.074113;0.069018
8;0.071794;0.057283
8;0.073751;0.055821
8;0.074032;0.057941
8;0.073218;0.054949
8;0.071615;0.057019
8;0.070987;0.057218
8;0.070647;0.093404
8;0.115551;0.117672
8;0.130049;0.117640
8;0.077232;0.056243
8;0.071456;0.059266
8;0.073256;0.056598
8;0.068954;0.053789
8;0.068502;0.055294
