nThread;timeInit;timeCount
1;0.136958;0.066140
1;0.136154;0.068011
1;0.154835;0.078313
1;0.138896;0.067069
1;0.169810;0.089048
1;0.174443;0.068201
1;0.141199;0.070564
1;0.134808;0.065775
1;0.133061;0.067961
1;0.134681;0.069314
1;0.133991;0.067102
1;0.160605;0.066782
1;0.135180;0.065614
1;0.135420;0.069798
1;0.134799;0.067025
1;0.138702;0.069931
1;0.132360;0.066187
1;0.134549;0.067200
1;0.139181;0.066911
1;0.134594;0.067141
