nThread;timeInit;timeCount
16;0.737362;1.010290
16;0.827981;0.958346
16;0.936800;1.333070
16;0.899937;1.179502
16;0.687660;0.976999
16;0.768242;0.979564
16;0.726788;1.225508
16;0.783466;1.097002
16;0.765688;0.992605
16;0.798038;0.842976
16;0.777945;1.222708
16;0.685455;1.164924
16;0.977928;0.804893
16;0.779313;1.002997
16;0.537661;1.030270
16;0.907534;0.919012
16;0.911591;0.860303
16;0.846228;0.910259
16;0.847630;0.880629
16;0.990775;1.116191
