nThread;timeInit;timeCount
1;0.132637;0.056078
1;0.123056;0.055031
1;0.133856;0.056140
1;0.117703;0.053694
1;0.122888;0.053804
1;0.119797;0.053968
1;0.120650;0.054116
1;0.120227;0.054678
1;0.118822;0.062817
1;0.121061;0.054708
1;0.117526;0.056008
1;0.117675;0.054011
1;0.128893;0.054123
1;0.121983;0.053860
1;0.121795;0.054231
1;0.119332;0.053790
1;0.118708;0.057250
1;0.119010;0.055616
1;0.118862;0.053607
1;0.118431;0.053918
