nThread;timeInit;timeCount
1;0.136714;0.077329
1;0.132369;0.077876
1;0.131132;0.086520
1;0.139003;0.075895
1;0.132603;0.074629
1;0.133205;0.074920
1;0.131297;0.076627
1;0.130801;0.072512
1;0.129131;0.074599
1;0.131695;0.074552
1;0.128758;0.076248
1;0.128479;0.073289
1;0.131285;0.075502
1;0.126157;0.074333
1;0.131743;0.075630
1;0.131745;0.075997
1;0.125983;0.075804
1;0.130878;0.074940
1;0.130497;0.074297
1;0.137424;0.075936
