nThread;timeInit;timeCount
1;0.015755;0.021205
1;0.013637;0.019706
1;0.015956;0.020002
1;0.013523;0.019872
1;0.017191;0.019438
1;0.014015;0.020590
1;0.015205;0.019952
1;0.014071;0.020173
1;0.015924;0.020074
1;0.014103;0.019756
1;0.015243;0.019832
1;0.014904;0.020839
1;0.015905;0.021679
1;0.014922;0.020107
1;0.015312;0.020066
1;0.015425;0.020304
1;0.014517;0.019790
1;0.016217;0.020614
1;0.014163;0.020437
1;0.015040;0.022229
