nThread;timeInit;timeCount
2;0.010994;0.029914
2;0.011943;0.029387
2;0.011781;0.031982
2;0.013791;0.026833
2;0.010986;0.029643
2;0.010236;0.026002
2;0.011113;0.028897
2;0.012388;0.026609
2;0.010456;0.028392
2;0.011281;0.029905
2;0.010306;0.024045
2;0.010886;0.023540
2;0.010991;0.022481
2;0.010520;0.024551
2;0.014300;0.022910
2;0.011069;0.022710
2;0.011264;0.021935
2;0.009699;0.022407
2;0.009866;0.023017
2;0.012044;0.023522
