nThread;timeInit;timeCount
4;0.009272;0.037340
4;0.010259;0.036963
4;0.012030;0.034536
4;0.009503;0.032680
4;0.009961;0.035294
4;0.009202;0.035872
4;0.009385;0.033394
4;0.009636;0.034482
4;0.007494;0.034758
4;0.010528;0.035419
4;0.010529;0.035342
4;0.010116;0.035171
4;0.008955;0.033463
4;0.009897;0.033162
4;0.010182;0.036141
4;0.009900;0.033322
4;0.010464;0.031332
4;0.009211;0.034740
4;0.010107;0.033854
4;0.010198;0.033860
