nThread;timeInit;timeCount
8;0.017949;0.104789
8;0.038332;0.073955
8;0.042369;0.086849
8;0.037477;0.087230
8;0.038761;0.087585
8;0.037842;0.082828
8;0.023697;0.072174
8;0.042974;0.087727
8;0.041855;0.082014
8;0.128839;0.099571
8;0.043695;0.106215
8;0.038371;0.082023
8;0.026062;0.080020
8;0.037285;0.072439
8;0.032660;0.068145
8;0.031966;0.090797
8;0.023879;0.071985
8;0.082090;0.087943
8;0.050095;0.096556
8;0.057301;0.092053
