nThread;timeInit;timeCount
16;0.816672;1.774102
16;0.879426;1.640051
16;0.806699;1.149996
16;0.697606;1.220020
16;0.827571;1.409949
16;0.637091;1.400007
16;0.737013;1.420007
16;0.836994;1.589968
16;0.569569;1.328392
16;0.766853;1.618600
16;0.496619;1.939989
16;0.807844;1.870323
16;0.628466;1.025783
16;0.757044;1.358974
16;0.549338;1.047335
16;0.586728;1.210906
16;0.786035;1.600750
16;0.706702;1.201129
16;0.834387;1.779983
16;0.717492;1.600002
