nThread;timeInit;timeCount
1;0.072001;0.065737
1;0.058726;0.062986
1;0.057832;0.064416
1;0.059991;0.065744
1;0.059216;0.066390
1;0.049907;0.074111
1;0.068696;0.068300
1;0.060046;0.064092
1;0.055162;0.070958
1;0.056823;0.064489
1;0.058682;0.068603
1;0.056755;0.063136
1;0.056764;0.064923
1;0.053739;0.063388
1;0.054412;0.065146
1;0.057589;0.064527
1;0.053740;0.065253
1;0.059276;0.066784
1;0.058682;0.064951
1;0.061843;0.067128
