nThread;timeInit;timeCount
16;0.426319;0.768719
16;0.486503;0.608925
16;0.417882;0.278591
16;0.199333;0.606872
16;0.806856;0.888317
16;0.458526;0.566685
16;0.296979;0.427972
16;0.357413;0.518140
16;0.466569;0.658349
16;0.527352;0.608270
16;0.158099;0.658185
16;0.458280;0.806843
16;0.427428;0.688174
16;0.077387;0.295723
16;0.617192;0.578034
16;0.526995;0.698179
16;0.457449;0.948438
16;0.087675;0.557487
16;0.240573;0.435395
16;0.436864;0.688269
