nThread;timeInit;timeCount
1;0.123913;0.032239
1;0.116495;0.034377
1;0.116434;0.029515
1;0.121321;0.029266
1;0.115586;0.029489
1;0.116714;0.029482
1;0.116118;0.031045
1;0.119637;0.032297
1;0.124723;0.029719
1;0.119247;0.029223
1;0.104203;0.026787
1;0.102284;0.026578
1;0.101380;0.027155
1;0.114368;0.030214
1;0.115265;0.029324
1;0.114471;0.029747
1;0.127458;0.030084
1;0.132045;0.030066
1;0.115506;0.029731
1;0.124454;0.030653
