nThread;timeInit;timeCount
8;0.044305;0.029744
8;0.046471;0.030250
8;0.044743;0.030814
8;0.044217;0.031337
8;0.054725;0.037599
8;0.045719;0.034733
8;0.042517;0.033715
8;0.044774;0.031082
8;0.065866;0.048246
8;0.068803;0.053118
8;0.044202;0.030636
8;0.044090;0.030332
8;0.044118;0.031953
8;0.044280;0.035625
8;0.043007;0.031470
8;0.043947;0.032139
8;0.044906;0.032002
8;0.044775;0.041764
8;0.045017;0.038153
8;0.045435;0.031069
