nThread;timeInit;timeCount
1;0.116356;0.036998
1;0.099336;0.037154
1;0.127131;0.041038
1;0.149007;0.041189
1;0.122115;0.044503
1;0.124954;0.041131
1;0.128526;0.041108
1;0.124624;0.042793
1;0.124325;0.042979
1;0.121842;0.037723
1;0.101170;0.035712
1;0.102829;0.039934
1;0.124611;0.041784
1;0.129763;0.042867
1;0.125508;0.042212
1;0.123440;0.041588
1;0.124671;0.041559
1;0.126840;0.041965
1;0.126577;0.040474
1;0.123999;0.048640
