nThread;timeInit;timeCount
4;0.070984;0.028499
4;0.072255;0.035587
4;0.050497;0.027014
4;0.057281;0.030638
4;0.055060;0.031620
4;0.055678;0.036263
4;0.061023;0.036052
4;0.052837;0.037238
4;0.069125;0.038919
4;0.059059;0.036364
4;0.063166;0.034801
4;0.055010;0.035336
4;0.061631;0.035216
4;0.056354;0.035812
4;0.061417;0.033526
4;0.058911;0.036887
4;0.054933;0.035021
4;0.061786;0.036294
4;0.069129;0.036469
4;0.058449;0.027698
