nThread;timeInit;timeCount
2;0.097583;0.030342
2;0.085694;0.030704
2;0.079026;0.030720
2;0.083256;0.030392
2;0.075816;0.030778
2;0.075531;0.030865
2;0.084296;0.042105
2;0.080485;0.031407
2;0.074714;0.033858
2;0.093651;0.034403
2;0.080014;0.033102
2;0.077774;0.035891
2;0.088499;0.030921
2;0.075827;0.048793
2;0.075813;0.030177
2;0.076329;0.029818
2;0.086658;0.030121
2;0.068465;0.027677
2;0.065081;0.026375
2;0.065274;0.027339
