nThread;timeInit;timeCount
4;0.008914;0.004921
4;0.010155;0.005594
4;0.009764;0.005417
4;0.009739;0.005162
4;0.009659;0.005525
4;0.009887;0.004799
4;0.012228;0.006080
4;0.009417;0.005577
4;0.009919;0.005445
4;0.009755;0.005639
4;0.010458;0.005221
4;0.010203;0.005787
4;0.008646;0.005497
4;0.009204;0.005237
4;0.010466;0.005372
4;0.009186;0.005374
4;0.008033;0.004677
4;0.009460;0.004493
4;0.010021;0.005528
4;0.009543;0.005457
