nThread;timeInit;timeCount
1;0.015166;0.005034
1;0.015463;0.004838
1;0.014379;0.004887
1;0.013951;0.004940
1;0.013918;0.005124
1;0.015479;0.004923
1;0.014409;0.004933
1;0.014004;0.004927
1;0.017062;0.005007
1;0.016053;0.005096
1;0.015091;0.004940
1;0.013750;0.004706
1;0.013668;0.005005
1;0.014006;0.005097
1;0.015941;0.007693
1;0.013765;0.004943
1;0.014147;0.005214
1;0.013993;0.004938
1;0.014972;0.004884
1;0.014808;0.005038
