nThread;timeInit;timeCount
16;0.743409;0.878589
16;0.737091;1.053460
16;0.687020;0.920967
16;0.862440;0.873932
16;0.806771;0.999999
16;0.886688;0.799951
16;0.798153;0.848264
16;0.776448;0.920041
16;0.797658;0.860979
16;0.605366;0.940000
16;0.817509;0.984154
16;0.666535;0.913445
16;0.696542;0.783611
16;0.756605;0.949997
16;0.817349;0.974176
16;0.768034;0.759978
16;0.737718;0.793839
16;0.506634;0.699991
16;0.767978;0.659983
16;0.802542;0.990065
