nThread;timeInit;timeCount
8;0.039903;0.036534
8;0.042069;0.043274
8;0.022893;0.020734
8;0.044477;0.030293
8;0.020757;0.029047
8;0.013526;0.010789
8;0.066333;0.046484
8;0.105613;0.076121
8;0.026405;0.038162
8;0.017989;0.041174
8;0.023156;0.035878
8;0.037930;0.040668
8;0.011813;0.016078
8;0.046927;0.041580
8;0.015647;0.011842
8;0.049681;0.045415
8;0.038592;0.029231
8;0.031207;0.035520
8;0.012525;0.014157
8;0.039443;0.023180
