nThread;timeInit;timeCount
1;0.013761;0.007328
1;0.014318;0.004466
1;0.014506;0.004883
1;0.015363;0.004742
1;0.014405;0.004541
1;0.012938;0.004213
1;0.029120;0.006049
1;0.013136;0.006919
1;0.012680;0.004641
1;0.013795;0.004644
1;0.013267;0.004728
1;0.013027;0.004382
1;0.013081;0.004281
1;0.014542;0.004943
1;0.013861;0.004367
1;0.017316;0.004743
1;0.013044;0.004424
1;0.021519;0.004584
1;0.013484;0.005310
1;0.012915;0.004384
