nThread;timeInit;timeCount
2;0.009936;0.005383
2;0.012523;0.004691
2;0.011513;0.004800
2;0.009648;0.004759
2;0.009368;0.006159
2;0.010129;0.005283
2;0.009894;0.005123
2;0.011349;0.004652
2;0.009939;0.004904
2;0.009816;0.005095
2;0.009250;0.006277
2;0.009752;0.005003
2;0.009771;0.004886
2;0.012129;0.005379
2;0.009773;0.005033
2;0.011129;0.005526
2;0.011181;0.004818
2;0.011213;0.004728
2;0.010843;0.004802
2;0.009582;0.004624
