nThread;timeInit;timeCount
1;0.014883;0.039993
1;0.013376;0.038000
1;0.014803;0.038314
1;0.012529;0.035691
1;0.013640;0.039385
1;0.015361;0.038371
1;0.018743;0.044351
1;0.013615;0.038034
1;0.012738;0.036872
1;0.014529;0.038917
1;0.015028;0.040792
1;0.014087;0.037599
1;0.013980;0.038092
1;0.012593;0.039037
1;0.014048;0.037785
1;0.013363;0.039135
1;0.015386;0.037286
1;0.012680;0.036391
1;0.013463;0.045350
1;0.014309;0.038174
