nThread;timeInit;timeCount
8;0.007035;0.078569
8;0.007108;0.073160
8;0.007086;0.081814
8;0.009578;0.078505
8;0.009277;0.085358
8;0.015807;0.074383
8;0.007181;0.075983
8;0.008357;0.078700
8;0.009626;0.073156
8;0.006532;0.074703
8;0.010004;0.073215
8;0.012630;0.078468
8;0.011996;0.084008
8;0.009558;0.074820
8;0.017959;0.073425
8;0.008192;0.080919
8;0.008372;0.110121
8;0.007767;0.077601
8;0.009951;0.080888
8;0.011888;0.069287
