nThread;timeInit;timeCount
2;0.010183;0.050010
2;0.009187;0.043253
2;0.008276;0.040045
2;0.008257;0.046415
2;0.009356;0.043952
2;0.008268;0.041788
2;0.008931;0.043329
2;0.008128;0.039294
2;0.008888;0.053105
2;0.008590;0.040555
2;0.008250;0.038665
2;0.008281;0.038758
2;0.009004;0.042834
2;0.009375;0.047655
2;0.008209;0.049216
2;0.009654;0.044240
2;0.010528;0.041632
2;0.008258;0.039608
2;0.008749;0.046251
2;0.008327;0.040294
