nThread;timeInit;timeCount
8;0.000620;0.004881
8;0.000614;0.013786
8;0.002445;0.016105
8;0.008118;0.019760
8;0.007482;0.022899
8;0.003922;0.014192
8;0.008616;0.020808
8;0.003886;0.012162
8;0.003497;0.009701
8;0.000583;0.016808
8;0.000596;0.015218
8;0.002898;0.013512
8;0.004672;0.017255
8;0.000618;0.004368
8;0.005863;0.018979
8;0.000579;0.022830
8;0.000583;0.019275
8;0.001983;0.024459
8;0.002690;0.014900
8;0.000582;0.008960
