nThread;timeInit;timeCount
16;0.036634;0.341577
16;0.036198;0.301516
16;0.037965;0.381600
16;0.001008;0.258060
16;0.027209;0.281911
16;0.019638;0.339113
16;0.001014;0.258243
16;0.011050;0.318483
16;0.038153;0.411587
16;0.000968;0.338211
16;0.006190;0.333457
16;0.019068;0.359061
16;0.028888;0.299086
16;0.000973;0.398510
16;0.028823;0.329283
16;0.036910;0.251424
16;0.028731;0.334299
16;0.019620;0.308614
16;0.018824;0.339247
16;0.026679;0.311208
