nThread;timeInit;timeCount
1;0.001805;0.004285
1;0.001122;0.002825
1;0.001073;0.002901
1;0.001126;0.003170
1;0.001352;0.004200
1;0.001891;0.003834
1;0.001760;0.004622
1;0.001399;0.003190
1;0.001212;0.002942
1;0.001259;0.003392
1;0.001397;0.003375
1;0.001328;0.003707
1;0.001572;0.004704
1;0.001474;0.004647
1;0.001457;0.003330
1;0.001376;0.003472
1;0.001276;0.003356
1;0.001477;0.003472
1;0.001359;0.003466
1;0.001275;0.003414
