nThread;timeInit;timeCount
2;0.001297;0.004181
2;0.001371;0.003447
2;0.000990;0.003516
2;0.001990;0.003471
2;0.001487;0.003292
2;0.001413;0.003520
2;0.001367;0.003328
2;0.001401;0.003408
2;0.000972;0.003654
2;0.001576;0.004358
2;0.001030;0.003361
2;0.000956;0.003540
2;0.001018;0.003433
2;0.001055;0.003445
2;0.001371;0.003451
2;0.001630;0.003537
2;0.000967;0.003904
2;0.001419;0.003419
2;0.001521;0.003774
2;0.001027;0.003329
