nThread;timeInit;timeCount
1;0.001549;0.004408
1;0.001814;0.003567
1;0.001606;0.004988
1;0.002565;0.004625
1;0.001624;0.004139
1;0.001629;0.004293
1;0.001716;0.004286
1;0.001763;0.004153
1;0.001724;0.004056
1;0.002094;0.003721
1;0.001819;0.004275
1;0.001950;0.003498
1;0.001918;0.003658
1;0.001797;0.003498
1;0.001556;0.003543
1;0.001672;0.003845
1;0.001598;0.003525
1;0.001552;0.003516
1;0.001672;0.003617
1;0.001570;0.003594
