nThread;timeInit;timeCount
4;0.001109;0.004025
4;0.001701;0.003842
4;0.000726;0.003253
4;0.001431;0.003081
4;0.000605;0.002663
4;0.001358;0.004720
4;0.001248;0.003813
4;0.000663;0.003078
4;0.001758;0.003441
4;0.001461;0.004436
4;0.000679;0.004083
4;0.001281;0.003909
4;0.001660;0.004376
4;0.001018;0.004630
4;0.001167;0.004436
4;0.001217;0.004309
4;0.001044;0.004323
4;0.001134;0.003945
4;0.001638;0.004504
4;0.001202;0.004326
