nThread;timeInit;timeCount
2;0.000142;0.000084
2;0.000201;0.000069
2;0.000122;0.000063
2;0.000130;0.000105
2;0.000102;0.000077
2;0.000602;0.000071
2;0.000545;0.000083
2;0.001045;0.000086
2;0.000186;0.000112
2;0.000165;0.000107
2;0.000180;0.000084
2;0.000243;0.000204
2;0.000747;0.000095
2;0.000093;0.000070
2;0.000105;0.000090
2;0.000531;0.000075
2;0.000095;0.000070
2;0.000709;0.000083
2;0.000142;0.000137
2;0.000113;0.000060
