nThread;timeInit;timeCount
16;0.066794;0.706588
16;0.042301;1.171152
16;0.045885;0.567986
16;0.037158;0.746849
16;0.028211;0.707738
16;0.030530;0.772738
16;0.027944;0.786167
16;0.067497;1.036070
16;0.034171;1.122454
16;0.089095;0.636417
16;0.076596;0.926382
16;0.084854;0.548785
16;0.021766;0.472470
16;0.067375;0.445988
16;0.026492;0.716121
16;0.028944;0.855867
16;0.038217;0.706429
16;0.057232;0.766265
16;0.066946;0.986594
16;0.067323;0.656605
