nThread;timeInit;timeCount
2;0.010187;0.025136
2;0.008591;0.026165
2;0.008599;0.027413
2;0.008626;0.022775
2;0.008895;0.022752
2;0.010180;0.024431
2;0.009395;0.023254
2;0.009585;0.023952
2;0.009282;0.026619
2;0.009053;0.027036
2;0.008821;0.024710
2;0.008424;0.023845
2;0.008610;0.022559
2;0.009432;0.025362
2;0.008775;0.023394
2;0.011663;0.024205
2;0.008652;0.023527
2;0.008795;0.022364
2;0.008322;0.023791
2;0.008558;0.023018
