nThread;timeInit;timeCount
4;0.007978;0.008957
4;0.009441;0.007906
4;0.006795;0.007280
4;0.006548;0.007797
4;0.007713;0.007830
4;0.007794;0.007499
4;0.007540;0.007983
4;0.007868;0.007762
4;0.006725;0.008127
4;0.008902;0.007743
4;0.008800;0.008118
4;0.007986;0.007926
4;0.007776;0.007580
4;0.008965;0.007633
4;0.008448;0.007721
4;0.006531;0.007719
4;0.009295;0.007596
4;0.007348;0.007042
4;0.007054;0.010493
4;0.008206;0.008471
