nThread;timeInit;timeCount
8;0.029793;0.035330
8;0.035629;0.020753
8;0.035649;0.032303
8;0.037538;0.030452
8;0.026177;0.055154
8;0.008376;0.001045
8;0.052162;0.042413
8;0.080581;0.045704
8;0.204235;0.282882
8;0.071558;0.033321
8;0.031803;0.032104
8;0.026585;0.012403
8;0.032868;0.030347
8;0.024942;0.037803
8;0.018087;0.010434
8;0.007226;0.029176
8;0.021228;0.012407
8;0.025960;0.029193
8;0.038226;0.035933
8;0.006500;0.028797
