nThread;timeInit;timeCount
1;0.009176;0.015795
1;0.008758;0.011118
1;0.010118;0.007835
1;0.009846;0.008688
1;0.007998;0.008016
1;0.008982;0.007961
1;0.007805;0.008885
1;0.007636;0.007709
1;0.007539;0.007174
1;0.007839;0.006845
1;0.006689;0.008120
1;0.008189;0.006887
1;0.008116;0.007101
1;0.007529;0.007831
1;0.007426;0.007855
1;0.007779;0.007794
1;0.007662;0.006770
1;0.008100;0.006488
1;0.007614;0.006667
1;0.008115;0.007077
