nThread;timeInit;timeCount
4;0.001518;0.001096
4;0.002072;0.001078
4;0.001469;0.001145
4;0.002109;0.001174
4;0.001690;0.000958
4;0.001710;0.000973
4;0.001381;0.001242
4;0.001331;0.001127
4;0.004701;0.001238
4;0.002249;0.000934
4;0.001801;0.001312
4;0.001816;0.000922
4;0.002263;0.001130
4;0.001811;0.000948
4;0.001552;0.000945
4;0.001925;0.000936
4;0.001604;0.000949
4;0.001617;0.000958
4;0.001412;0.000907
4;0.001053;0.000986
