nThread;timeInit;timeCount
1;0.002166;0.001367
1;0.002403;0.001519
1;0.002263;0.001355
1;0.002052;0.001359
1;0.002261;0.001454
1;0.002384;0.001388
1;0.002311;0.001395
1;0.001995;0.001332
1;0.002128;0.001359
1;0.002162;0.001736
1;0.002179;0.001304
1;0.002431;0.001275
1;0.002032;0.001281
1;0.001994;0.001264
1;0.002154;0.001681
1;0.002160;0.001732
1;0.003206;0.001440
1;0.002148;0.001222
1;0.001927;0.001212
1;0.001928;0.001220
