nThread;timeInit;timeCount
16;0.542949;0.850257
16;0.723187;0.949976
16;0.637720;0.830958
16;0.627079;0.810882
16;0.713109;0.699903
16;0.598065;0.970844
16;0.719507;0.599691
16;0.732790;0.740866
16;0.575270;0.910948
16;0.556424;0.789981
16;0.526006;0.805578
16;0.836759;1.011073
16;0.612552;0.745729
16;0.650146;0.671622
16;0.746089;0.830945
16;0.737852;0.651656
16;0.584945;0.729969
16;0.515667;0.662143
16;0.737951;0.659980
16;0.648099;0.835263
