nThread;timeInit;timeCount
2;0.001688;0.001605
2;0.001995;0.001265
2;0.002228;0.001286
2;0.001904;0.001073
2;0.001518;0.001112
2;0.001526;0.001057
2;0.001595;0.001083
2;0.001437;0.001041
2;0.002052;0.001080
2;0.001541;0.001217
2;0.001484;0.001139
2;0.001644;0.001097
2;0.002053;0.001144
2;0.001324;0.001073
2;0.001964;0.001247
2;0.001568;0.001138
2;0.001650;0.001230
2;0.001476;0.001514
2;0.001459;0.001499
2;0.001371;0.001128
