nThread;timeInit;timeCount
1;0.129010;0.024618
1;0.126780;0.023713
1;0.123165;0.024164
1;0.134570;0.026469
1;0.128608;0.024681
1;0.128475;0.024487
1;0.128915;0.024606
1;0.129662;0.024217
1;0.127444;0.024508
1;0.128480;0.024452
1;0.128601;0.024072
1;0.123510;0.023614
1;0.128171;0.023920
1;0.126614;0.024202
1;0.126927;0.023838
1;0.123411;0.024726
1;0.127136;0.024060
1;0.129045;0.024147
1;0.127028;0.024652
1;0.128925;0.024165
