nThread;timeInit;timeCount
16;0.563951;0.609977
16;0.796699;0.624923
16;0.406632;0.699440
16;0.506814;0.629342
16;0.205442;0.608890
16;0.558714;0.767736
16;0.517349;0.878638
16;0.167066;0.297789
16;0.567204;0.639083
16;0.447163;1.128994
16;0.857580;0.379425
16;0.463632;0.628550
16;0.406812;0.608585
16;0.557859;0.557780
16;0.127458;0.257548
16;0.219135;0.168221
16;0.447629;0.598651
16;0.467208;1.238023
16;0.716851;0.318691
16;0.748664;0.607889
