nThread;timeInit;timeCount
1;0.145369;0.043513
1;0.133543;0.042708
1;0.129170;0.042940
1;0.132484;0.043129
1;0.129972;0.050367
1;0.135598;0.042677
1;0.129716;0.043694
1;0.129666;0.042489
1;0.128977;0.042914
1;0.134008;0.043400
1;0.133901;0.043418
1;0.133313;0.042751
1;0.133946;0.042367
1;0.133129;0.042526
1;0.140903;0.043096
1;0.151855;0.042295
1;0.135565;0.044449
1;0.134436;0.043687
1;0.128805;0.041975
1;0.133027;0.042558
