nThread;timeInit;timeCount
2;0.079504;0.029628
2;0.094599;0.029158
2;0.075819;0.030556
2;0.090753;0.029836
2;0.077736;0.029710
2;0.081498;0.035831
2;0.077182;0.029285
2;0.074597;0.030493
2;0.075572;0.029197
2;0.078479;0.029175
2;0.075819;0.030063
2;0.075727;0.028765
2;0.094576;0.029751
2;0.084505;0.030464
2;0.081774;0.030386
2;0.074929;0.029440
2;0.074571;0.029369
2;0.074481;0.029505
2;0.086028;0.030822
2;0.078602;0.029183
