nThread;timeInit;timeCount
8;0.044335;0.028106
8;0.043252;0.031366
8;0.043428;0.029699
8;0.044109;0.028370
8;0.057790;0.034583
8;0.042640;0.034355
8;0.042419;0.030783
8;0.042865;0.029393
8;0.044869;0.030565
8;0.043680;0.029511
8;0.042508;0.027883
8;0.043648;0.029571
8;0.043676;0.029300
8;0.042761;0.030288
8;0.042417;0.029859
8;0.043328;0.030497
8;0.044038;0.030063
8;0.043539;0.030909
8;0.045487;0.027300
8;0.052059;0.037081
