nThread;timeInit;timeCount
4;0.064183;0.033449
4;0.068467;0.034500
4;0.061308;0.031997
4;0.076988;0.037884
4;0.066341;0.038780
4;0.066866;0.037340
4;0.070955;0.038247
4;0.062476;0.032355
4;0.084132;0.040890
4;0.083862;0.036391
4;0.064819;0.036574
4;0.071031;0.035765
4;0.071217;0.036539
4;0.076473;0.033926
4;0.068162;0.032068
4;0.070860;0.039161
4;0.070756;0.035965
4;0.075385;0.034102
4;0.067089;0.031916
4;0.071554;0.034192
