nThread;timeInit;timeCount
4;0.001454;0.000302
4;0.001206;0.000310
4;0.001425;0.000313
4;0.001278;0.000317
4;0.001285;0.000417
4;0.001095;0.000320
4;0.001043;0.000335
4;0.001099;0.000397
4;0.001040;0.000312
4;0.001084;0.000369
4;0.001034;0.000304
4;0.001184;0.000291
4;0.000976;0.000274
4;0.001694;0.000319
4;0.001564;0.000361
4;0.001705;0.000470
4;0.001194;0.000322
4;0.001159;0.000293
4;0.001174;0.000328
4;0.001528;0.000309
