nThread;timeInit;timeCount
16;0.037857;0.190477
16;0.028038;0.270046
16;0.019640;0.246904
16;0.001417;0.266613
16;0.028721;0.177662
16;0.026993;0.189918
16;0.027118;0.289946
16;0.056620;0.210090
16;0.026527;0.319954
16;0.001025;0.188652
16;0.057767;0.270061
16;0.019654;0.237689
16;0.019922;0.247472
16;0.000931;0.196306
16;0.028896;0.257931
16;0.019270;0.216792
16;0.035887;0.239972
16;0.027659;0.200040
16;0.020251;0.156744
16;0.009522;0.227813
