nThread;timeInit;timeCount
1;0.001616;0.000346
1;0.001799;0.000271
1;0.003100;0.000264
1;0.001624;0.000261
1;0.001614;0.000316
1;0.001628;0.000256
1;0.002128;0.000302
1;0.002048;0.000591
1;0.002494;0.000419
1;0.001906;0.000358
1;0.001709;0.000284
1;0.001711;0.000269
1;0.001633;0.000259
1;0.001640;0.000264
1;0.001607;0.000256
1;0.001656;0.000350
1;0.001646;0.000271
1;0.001762;0.000256
1;0.001855;0.000273
1;0.002002;0.000355
