nThread;timeInit;timeCount
1;0.001538;0.000422
1;0.001692;0.000449
1;0.001590;0.000470
1;0.001871;0.000478
1;0.001827;0.000471
1;0.002012;0.000446
1;0.001576;0.000516
1;0.001659;0.000424
1;0.001755;0.000453
1;0.001663;0.000447
1;0.001760;0.000455
1;0.001766;0.000465
1;0.001698;0.000814
1;0.001587;0.000423
1;0.001698;0.000446
1;0.002131;0.000456
1;0.001817;0.000801
1;0.001710;0.000440
1;0.001878;0.000636
1;0.001587;0.000421
