nThread;timeInit;timeCount
2;0.001328;0.000397
2;0.001642;0.000426
2;0.001186;0.000426
2;0.001906;0.000595
2;0.001139;0.000461
2;0.001668;0.000557
2;0.001128;0.000532
2;0.001247;0.000427
2;0.001251;0.000405
2;0.001207;0.000444
2;0.001134;0.000389
2;0.001128;0.000393
2;0.001214;0.000431
2;0.001712;0.000437
2;0.001096;0.000425
2;0.001430;0.000426
2;0.001148;0.000463
2;0.001134;0.000417
2;0.001739;0.000401
2;0.001539;0.000423
