nThread;timeInit;timeCount
8;0.001346;0.007824
8;0.002721;0.009939
8;0.002702;0.007332
8;0.002171;0.013892
8;0.001472;0.005673
8;0.000525;0.000419
8;0.005886;0.007129
8;0.002389;0.004543
8;0.002885;0.004826
8;0.000698;0.006514
8;0.000525;0.000428
8;0.000962;0.000405
8;0.000540;0.012910
8;0.001884;0.004921
8;0.000575;0.007914
8;0.003144;0.014001
8;0.000551;0.000458
8;0.005421;0.015812
8;0.009996;0.047943
8;0.005058;0.021167
