nThread;timeInit;timeCount
4;0.000691;0.082468
4;0.000178;0.056610
4;0.000298;0.055491
4;0.009139;0.056592
4;0.000225;0.054414
4;0.000283;0.056479
4;0.000199;0.056070
4;0.000223;0.055035
4;0.000555;0.055315
4;0.000185;0.073505
4;0.001527;0.056544
4;0.000190;0.055785
4;0.000435;0.055633
4;0.000251;0.054700
4;0.000189;0.058274
4;0.000191;0.054927
4;0.000280;0.055607
4;0.000328;0.057225
4;0.000188;0.056554
4;0.000299;0.054263
