nThread;timeInit;timeCount
2;0.000271;0.028859
2;0.000180;0.019293
2;0.000305;0.019170
2;0.000170;0.019635
2;0.000172;0.023803
2;0.000254;0.024260
2;0.000253;0.020375
2;0.000168;0.019174
2;0.000167;0.019173
2;0.000170;0.019190
2;0.000248;0.027413
2;0.000234;0.024179
2;0.000178;0.022483
2;0.000168;0.024989
2;0.000915;0.022740
2;0.000168;0.023766
2;0.000204;0.026572
2;0.000170;0.020080
2;0.000185;0.024917
2;0.000170;0.028091
