nThread;timeInit;timeCount
1;0.000270;0.002256
1;0.000206;0.002448
1;0.000201;0.002259
1;0.000207;0.002187
1;0.000204;0.002358
1;0.000206;0.002433
1;0.000248;0.002224
1;0.000216;0.002700
1;0.000199;0.002275
1;0.000215;0.002203
1;0.000200;0.002324
1;0.000203;0.002225
1;0.000227;0.002248
1;0.000202;0.002218
1;0.000272;0.002854
1;0.000279;0.002745
1;0.000197;0.002263
1;0.000204;0.002254
1;0.000202;0.002220
1;0.000250;0.002287
