nThread;timeInit;timeCount
1;0.000000;0.000000
1;0.000000;0.000000
1;0.000000;0.000000
1;0.000000;0.000000
1;0.000000;0.000000
1;0.000000;0.000000
1;0.000000;0.000000
1;0.000000;0.000000
1;0.000000;0.000000
1;0.000000;0.000000
1;0.000000;0.000000
1;0.000000;0.015625
1;0.000000;0.000000
1;0.000000;0.000000
1;0.000000;0.000000
1;0.000000;0.000000
1;0.000000;0.000000
1;0.000000;0.000000
1;0.000000;0.000000
1;0.000000;0.015625
