nThread;timeInit;timeCount
8;0.012096;0.468307
8;0.027777;0.430209
8;0.056755;0.377758
8;0.029997;0.481294
8;0.000169;0.399662
8;0.000167;0.477741
8;0.055680;0.447716
8;0.039116;0.367906
8;0.032775;0.395729
8;0.040918;0.344729
8;0.050881;0.402831
8;0.013213;0.298335
8;0.044902;0.469573
8;0.000179;0.328724
8;0.000867;0.413952
8;0.000170;0.312854
8;0.093986;0.425689
8;0.021151;0.349021
8;0.036914;0.423691
8;0.003765;0.355720
