nThread;timeInit;timeCount
4;0.006272;0.006232
4;0.007425;0.007195
4;0.007840;0.007370
4;0.006210;0.007196
4;0.005952;0.006401
4;0.008337;0.008734
4;0.008631;0.007774
4;0.008184;0.007400
4;0.007018;0.006381
4;0.006886;0.006580
4;0.008271;0.006532
4;0.008024;0.007533
4;0.006553;0.007490
4;0.008411;0.007387
4;0.008416;0.007599
4;0.008116;0.006984
4;0.007067;0.007323
4;0.007839;0.007327
4;0.007676;0.007068
4;0.008426;0.007215
