nThread;timeInit;timeCount
1;0.014698;0.007463
1;0.012352;0.006308
1;0.013772;0.006643
1;0.012489;0.006562
1;0.012239;0.006625
1;0.013003;0.006464
1;0.012335;0.006096
1;0.012206;0.006606
1;0.014159;0.006596
1;0.012798;0.006595
1;0.013327;0.006264
1;0.012231;0.006113
1;0.012439;0.006214
1;0.012206;0.006554
1;0.013081;0.008001
1;0.013581;0.006141
1;0.012926;0.006253
1;0.013253;0.006458
1;0.012443;0.006378
1;0.013131;0.006462
