nThread;timeInit;timeCount
16;0.021060;0.257078
16;0.076787;0.331646
16;0.086574;0.361775
16;0.035926;0.291441
16;0.076389;0.361856
16;0.021340;0.348001
16;0.046585;0.311603
16;0.066768;0.401721
16;0.030572;0.357972
16;0.066754;0.411473
16;0.038670;0.361043
16;0.037829;0.311585
16;0.021155;0.267480
16;0.076947;0.321622
16;0.066801;0.361153
16;0.038118;0.371623
16;0.030000;0.288572
16;0.077039;0.331471
16;0.077817;0.380750
16;0.047935;0.311478
