nThread;timeInit;timeCount
2;0.009751;0.007440
2;0.007949;0.006040
2;0.013486;0.008537
2;0.010639;0.007886
2;0.012664;0.010341
2;0.011664;0.009471
2;0.012799;0.006681
2;0.011509;0.009924
2;0.012372;0.007556
2;0.010374;0.008374
2;0.011312;0.007633
2;0.014058;0.007558
2;0.014050;0.007013
2;0.010599;0.006695
2;0.012796;0.007800
2;0.009005;0.007659
2;0.012466;0.007993
2;0.012521;0.007567
2;0.010563;0.007102
2;0.012689;0.008414
