nThread;timeInit;timeCount
8;0.011972;0.016747
8;0.006745;0.016759
8;0.008013;0.014837
8;0.008635;0.012210
8;0.009320;0.014952
8;0.011897;0.024873
8;0.006183;0.014506
8;0.008332;0.013127
8;0.012196;0.019542
8;0.008514;0.017245
8;0.012705;0.016050
8;0.012484;0.017813
8;0.005811;0.014162
8;0.009671;0.018449
8;0.008126;0.015657
8;0.012899;0.021482
8;0.005518;0.013665
8;0.014158;0.020095
8;0.011298;0.021425
8;0.005950;0.012586
