nThread;timeInit;timeCount
1;0.016617;0.005917
1;0.018092;0.005290
1;0.023562;0.006201
1;0.017773;0.006197
1;0.022195;0.006247
1;0.015537;0.006066
1;0.018666;0.006108
1;0.017117;0.005183
1;0.015635;0.006169
1;0.016546;0.004996
1;0.017000;0.004651
1;0.017466;0.005183
1;0.022899;0.005788
1;0.017734;0.007472
1;0.021404;0.006332
1;0.016843;0.004619
1;0.014293;0.004297
1;0.014797;0.004457
1;0.014563;0.004435
1;0.014452;0.004659
