nThread;timeInit;timeCount
8;2.326380;3.019260
8;2.618514;3.066931
8;2.343857;2.847334
8;2.486039;3.234769
8;2.159223;2.949655
8;2.331491;3.058201
8;2.177427;3.137967
8;2.389157;3.116374
8;2.264822;2.651060
8;2.734418;2.837424
8;2.474082;3.265201
8;2.392247;2.731349
8;3.028199;2.689335
8;2.411016;2.879328
8;2.339841;3.344591
8;2.796701;2.777178
8;2.426345;3.231928
8;3.359428;3.374645
8;2.651761;3.226549
8;2.365068;2.440594
