nThread;timeInit;timeCount
4;1.496698;1.614794
4;1.503605;1.572907
4;1.518808;1.581750
4;1.618356;1.594487
4;1.537786;1.610663
4;1.549637;1.633543
4;1.494586;1.566337
4;1.519691;1.661449
4;1.631562;1.597659
4;1.555555;1.600768
4;1.533548;1.634251
4;1.496542;1.581509
4;1.535418;1.588986
4;1.620322;1.559487
4;1.525915;1.575675
4;1.533455;1.728683
4;1.554971;1.612277
4;1.561951;1.603512
4;1.558159;1.563604
4;1.480336;1.534782
