nThread;timeInit;timeCount
2;1.578170;1.328269
2;1.546964;1.306290
2;1.511907;1.316699
2;1.542394;1.286290
2;1.590932;1.542076
2;1.729409;1.548886
2;1.618336;1.470655
2;1.709425;1.468255
2;1.837055;1.519909
2;1.738930;2.029211
2;2.482164;1.818604
2;2.089640;1.830709
2;2.108664;1.742033
2;2.117907;1.877354
2;2.090396;1.783946
2;1.684138;1.544558
2;1.815885;1.479085
2;1.677651;1.458180
2;1.690116;1.537066
2;1.700158;1.539510
