nThread;timeInit;timeCount
1;1.958265;1.548734
1;1.942389;1.511425
1;1.945843;1.563383
1;1.965494;1.502855
1;1.968822;1.504147
1;2.025235;1.502272
1;1.942157;1.488353
1;1.995339;1.496964
1;2.060216;1.495764
1;1.981406;1.541825
1;1.941976;1.499009
1;1.947683;1.577817
1;1.944585;1.503726
1;1.949772;1.494763
1;2.000441;1.533545
1;1.951283;1.508716
1;1.999604;1.489318
1;1.962708;1.492070
1;2.014722;1.554323
1;1.941993;1.493932
