nThread;timeInit;timeCount
1;1.390625;0.984375
1;1.421875;0.984375
1;1.390625;1.000000
1;1.390625;0.984375
1;1.421875;0.984375
1;1.421875;0.968750
1;1.437500;0.968750
1;1.390625;1.000000
1;1.468750;0.984375
1;1.390625;0.984375
1;1.390625;1.015625
1;1.390625;0.984375
1;1.375000;0.984375
1;1.421875;0.984375
1;1.468750;0.984375
1;1.406250;0.968750
1;1.390625;0.984375
1;1.421875;0.984375
1;1.390625;1.000000
1;1.390625;1.000000
