nThread;timeInit;timeCount
16;0.771034;1.149987
16;0.917942;1.369990
16;0.677992;1.090044
16;0.676362;1.309968
16;0.760017;1.568579
16;0.774982;1.409405
16;0.599538;1.609197
16;0.680683;1.389991
16;0.628681;1.230011
16;0.917841;1.649980
16;0.647150;1.200007
16;0.695545;1.131204
16;0.729077;1.259973
16;0.758353;1.318996
16;0.556857;1.126279
16;0.671643;1.424884
16;0.678417;1.429962
16;0.578830;1.448578
16;0.646361;1.191561
16;0.716194;1.343499
