nThread;timeInit;timeCount
8;0.045925;0.089725
8;0.030450;0.060553
8;0.034908;0.070929
8;0.028811;0.080823
8;0.025035;0.058262
8;0.032189;0.058229
8;0.048785;0.073730
8;0.029020;0.070582
8;0.025824;0.084455
8;0.062491;0.087497
8;0.051274;0.062889
8;0.085452;0.072555
8;0.032690;0.079170
8;0.064860;0.123094
8;0.028350;0.077790
8;0.027885;0.075467
8;0.033783;0.071900
8;0.032058;0.089102
8;0.034001;0.053477
8;0.030775;0.088561
