nThread;timeInit;timeCount
4;0.001394;0.027110
4;0.001123;0.029111
4;0.001459;0.029884
4;0.004954;0.026550
4;0.001976;0.025479
4;0.002010;0.026882
4;0.001702;0.028303
4;0.001450;0.026697
4;0.001113;0.024635
4;0.001811;0.032814
4;0.002123;0.041681
4;0.002334;0.029339
4;0.001097;0.028558
4;0.001362;0.029366
4;0.001613;0.028640
4;0.001711;0.031314
4;0.001631;0.026396
4;0.001333;0.032321
4;0.001543;0.033081
4;0.002595;0.025367
