nThread;timeInit;timeCount
1;0.006892;0.023159
1;0.007375;0.021781
1;0.005600;0.022113
1;0.006173;0.024084
1;0.006384;0.022017
1;0.006180;0.021144
1;0.006061;0.022060
1;0.005532;0.021677
1;0.006231;0.022948
1;0.006360;0.021209
1;0.005226;0.021323
1;0.006216;0.019966
1;0.006435;0.021429
1;0.005628;0.019390
1;0.006451;0.020787
1;0.004816;0.020919
1;0.006273;0.020641
1;0.005360;0.020882
1;0.006273;0.020988
1;0.006332;0.020255
