nThread;timeInit;timeCount
2;0.001841;0.022221
2;0.001287;0.019776
2;0.002289;0.020459
2;0.001478;0.022603
2;0.001564;0.021443
2;0.001670;0.021435
2;0.001622;0.025067
2;0.002768;0.021085
2;0.002008;0.020771
2;0.001528;0.021423
2;0.001484;0.021494
2;0.002033;0.022045
2;0.001596;0.021654
2;0.003024;0.021393
2;0.002331;0.022001
2;0.001656;0.020984
2;0.001440;0.022824
2;0.002003;0.021826
2;0.001517;0.020905
2;0.001683;0.025033
