nThread;timeInit;timeCount
1;0.001981;0.018077
1;0.002111;0.015979
1;0.002213;0.015499
1;0.002148;0.015500
1;0.002113;0.014648
1;0.002275;0.014951
1;0.001977;0.016884
1;0.002011;0.014784
1;0.002059;0.015198
1;0.002087;0.014759
1;0.001963;0.014824
1;0.001855;0.014918
1;0.001901;0.015108
1;0.001832;0.014959
1;0.001732;0.013632
1;0.001837;0.014221
1;0.001915;0.015116
1;0.001892;0.014857
1;0.001857;0.015358
1;0.001979;0.014642
