nThread;timeInit;timeCount
4;0.155921;0.190356
4;0.155900;0.193675
4;0.177488;0.194779
4;0.159375;0.193026
4;0.164082;0.189846
4;0.156088;0.194689
4;0.156185;0.189787
4;0.158195;0.192906
4;0.157018;0.187950
4;0.159720;0.186567
4;0.154209;0.189504
4;0.156013;0.191106
4;0.159035;0.196392
4;0.158767;0.199773
4;0.157647;0.194787
4;0.154584;0.191897
4;0.156501;0.190177
4;0.156302;0.199100
4;0.158214;0.190824
4;0.153750;0.190945
