nThread;timeInit;timeCount
1;0.196378;0.153832
1;0.189382;0.151254
1;0.189898;0.152246
1;0.190195;0.149452
1;0.189976;0.149964
1;0.197070;0.150476
1;0.190976;0.150915
1;0.195573;0.150215
1;0.189158;0.151862
1;0.194310;0.150569
1;0.190305;0.151088
1;0.189641;0.155838
1;0.190095;0.150237
1;0.192286;0.149823
1;0.189553;0.150002
1;0.190501;0.152904
1;0.194392;0.149884
1;0.189163;0.150972
1;0.190048;0.150943
1;0.190652;0.150230
