nThread;timeInit;timeCount
8;0.461584;0.769141
8;0.485029;0.643565
8;0.235071;0.867180
8;0.212363;0.787256
8;0.411405;0.671063
8;0.370548;0.661705
8;0.313985;0.693025
8;0.374011;0.713814
8;0.351604;0.688831
8;0.323284;0.770414
8;0.302138;0.533757
8;0.409215;0.744104
8;0.393717;0.554814
8;0.274146;0.728026
8;0.431149;0.592462
8;0.448459;0.562684
8;0.276080;0.684399
8;0.451434;0.796267
8;0.203528;0.783360
8;0.345461;0.629271
