nThread;timeInit;timeCount
2;0.152777;0.121322
2;0.153238;0.120342
2;0.145224;0.117310
2;0.142164;0.114113
2;0.153413;0.113611
2;0.147869;0.115337
2;0.164097;0.133077
2;0.155468;0.117996
2;0.161494;0.122767
2;0.151907;0.122118
2;0.155112;0.113388
2;0.170329;0.142778
2;0.142057;0.112413
2;0.150262;0.115815
2;0.152246;0.113110
2;0.161769;0.136878
2;0.143598;0.111307
2;0.154167;0.115389
2;0.150466;0.123749
2;0.145084;0.125397
