nThread;timeInit;timeCount
1;0.140625;0.109375
1;0.140625;0.093750
1;0.140625;0.093750
1;0.140625;0.109375
1;0.125000;0.109375
1;0.125000;0.109375
1;0.140625;0.093750
1;0.140625;0.093750
1;0.140625;0.093750
1;0.140625;0.109375
1;0.140625;0.093750
1;0.140625;0.093750
1;0.140625;0.093750
1;0.140625;0.109375
1;0.125000;0.109375
1;0.125000;0.109375
1;0.140625;0.093750
1;0.156250;0.093750
1;0.140625;0.093750
1;0.140625;0.109375
