nThread;timeInit;timeCount
4;0.007343;0.054672
4;0.008191;0.048994
4;0.008303;0.051408
4;0.007213;0.047728
4;0.008221;0.048402
4;0.007217;0.049524
4;0.008220;0.046685
4;0.008712;0.048210
4;0.007166;0.045629
4;0.006680;0.047461
4;0.007781;0.046487
4;0.007665;0.045518
4;0.007317;0.048152
4;0.006519;0.049051
4;0.008278;0.050390
4;0.008430;0.046755
4;0.007323;0.046903
4;0.008002;0.048269
4;0.008181;0.050059
4;0.007493;0.051049
