nThread;timeInit;timeCount
1;0.014825;0.045859
1;0.015520;0.045654
1;0.014619;0.043998
1;0.014796;0.043916
1;0.014132;0.042829
1;0.014482;0.043770
1;0.013842;0.042643
1;0.014672;0.044457
1;0.016776;0.042849
1;0.014057;0.042771
1;0.015616;0.045123
1;0.014314;0.044214
1;0.014276;0.044024
1;0.014531;0.042763
1;0.014747;0.043841
1;0.014045;0.043482
1;0.014412;0.041172
1;0.014077;0.043863
1;0.014286;0.044022
1;0.014358;0.043609
