nThread;timeInit;timeCount
16;0.031240;0.490499
16;0.067311;0.804418
16;0.038248;0.713557
16;0.066876;1.423071
16;0.077447;0.593767
16;0.038272;0.727088
16;0.038602;0.543643
16;0.021212;0.929676
16;0.037852;1.093195
16;0.020907;0.950169
16;0.053687;0.725395
16;0.076967;0.563033
16;0.038287;0.502983
16;0.037839;0.723283
16;0.066641;1.142874
16;0.047902;1.001277
16;0.069092;0.631374
16;0.027372;0.812412
16;0.066863;0.663170
16;0.025377;0.928886
