nThread;timeInit;timeCount
8;0.010036;0.082942
8;0.008555;0.073711
8;0.008281;0.066563
8;0.008510;0.065323
8;0.006296;0.076754
8;0.013083;0.076454
8;0.012542;0.085506
8;0.005543;0.077538
8;0.008807;0.071069
8;0.007473;0.071931
8;0.008898;0.077974
8;0.009065;0.074805
8;0.011641;0.065467
8;0.010617;0.078223
8;0.007876;0.077009
8;0.010283;0.076672
8;0.009497;0.075758
8;0.007889;0.071180
8;0.010777;0.075508
8;0.008858;0.069758
