nThread;timeInit;timeCount
1;0.018526;0.044832
1;0.014036;0.038462
1;0.015176;0.036093
1;0.015292;0.035547
1;0.013890;0.035665
1;0.014868;0.034666
1;0.013888;0.046555
1;0.013798;0.037001
1;0.013528;0.034485
1;0.013629;0.038746
1;0.014187;0.035494
1;0.014091;0.037300
1;0.014133;0.033084
1;0.014359;0.035372
1;0.014754;0.034418
1;0.016734;0.036495
1;0.016954;0.037815
1;0.015635;0.038741
1;0.014663;0.036137
1;0.014105;0.036912
