nThread;timeInit;timeCount
2;0.008772;0.052673
2;0.008347;0.043798
2;0.008998;0.044237
2;0.008575;0.043520
2;0.008696;0.051271
2;0.008564;0.044375
2;0.008979;0.043926
2;0.007848;0.041885
2;0.008518;0.044564
2;0.009702;0.043179
2;0.008569;0.041217
2;0.010706;0.046366
2;0.008228;0.041314
2;0.008320;0.049830
2;0.008706;0.051786
2;0.014479;0.047418
2;0.008347;0.043223
2;0.008094;0.042867
2;0.008834;0.044647
2;0.009242;0.043067
