nThread;timeInit;timeCount
8;0.003537;0.027053
8;0.007265;0.017104
8;0.002864;0.014745
8;0.002126;0.010168
8;0.000877;0.020490
8;0.004639;0.014842
8;0.001428;0.013562
8;0.003676;0.013575
8;0.004392;0.010235
8;0.000594;0.012151
8;0.003246;0.020879
8;0.003067;0.016245
8;0.002845;0.005651
8;0.000614;0.006820
8;0.005258;0.022922
8;0.000643;0.012766
8;0.002963;0.005742
8;0.003991;0.012077
8;0.000571;0.017107
8;0.006561;0.011378
