nThread;timeInit;timeCount
16;0.027292;0.317953
16;0.009692;0.288363
16;0.029166;0.358460
16;0.009248;0.309223
16;0.026956;0.400533
16;0.029695;0.207983
16;0.019898;0.306963
16;0.021350;0.204812
16;0.035979;0.360514
16;0.028889;0.248631
16;0.028079;0.298590
16;0.036499;0.380714
16;0.010101;0.398782
16;0.036546;0.310707
16;0.028876;0.278513
16;0.026714;0.370572
16;0.026662;0.323825
16;0.009519;0.318469
16;0.026814;0.280719
16;0.000974;0.277665
