nThread;timeInit;timeCount
1;0.001965;0.002545
1;0.002560;0.002541
1;0.002149;0.002452
1;0.001770;0.002555
1;0.002862;0.002497
1;0.004769;0.002395
1;0.001853;0.002712
1;0.002062;0.002488
1;0.003812;0.004047
1;0.001773;0.002979
1;0.001876;0.002477
1;0.001841;0.002452
1;0.001781;0.002538
1;0.005515;0.003465
1;0.002343;0.002351
1;0.001998;0.002470
1;0.001899;0.002607
1;0.001831;0.002705
1;0.001945;0.002361
1;0.001785;0.002305
