nThread;timeInit;timeCount
4;0.001030;0.002210
4;0.001072;0.002139
4;0.001132;0.002417
4;0.001091;0.002658
4;0.001681;0.002550
4;0.001007;0.002174
4;0.001589;0.002239
4;0.001016;0.002326
4;0.001666;0.002271
4;0.001200;0.002331
4;0.000722;0.002064
4;0.001010;0.002506
4;0.001856;0.002101
4;0.001140;0.002410
4;0.001192;0.002224
4;0.001100;0.002067
4;0.001034;0.002431
4;0.000972;0.002378
4;0.001253;0.002966
4;0.001711;0.002545
