nThread;timeInit;timeCount
2;0.001165;0.002273
2;0.001095;0.001934
2;0.001129;0.001906
2;0.001134;0.002049
2;0.001132;0.001907
2;0.001438;0.002016
2;0.001056;0.001994
2;0.001051;0.001940
2;0.001263;0.001977
2;0.001214;0.002203
2;0.001462;0.002266
2;0.001576;0.001929
2;0.001554;0.002015
2;0.001061;0.002048
2;0.001098;0.001944
2;0.001055;0.001948
2;0.001291;0.001859
2;0.001455;0.002079
2;0.001101;0.002277
2;0.001090;0.001813
