nThread;timeInit;timeCount
1;0.001601;0.001730
1;0.001737;0.001781
1;0.001617;0.001677
1;0.001632;0.001567
1;0.001652;0.001711
1;0.001661;0.001670
1;0.001671;0.001614
1;0.001650;0.001709
1;0.001783;0.001733
1;0.001670;0.001669
1;0.001704;0.001597
1;0.001662;0.001680
1;0.001630;0.001645
1;0.001622;0.001659
1;0.001678;0.001780
1;0.001703;0.001801
1;0.001654;0.001840
1;0.001679;0.001713
1;0.001761;0.001907
1;0.001703;0.002077
