nThread;timeInit;timeCount
2;0.009894;0.007106
2;0.009725;0.007072
2;0.010427;0.010031
2;0.014359;0.009562
2;0.010756;0.007077
2;0.009946;0.007130
2;0.009824;0.007016
2;0.009195;0.007046
2;0.009818;0.007256
2;0.009702;0.007033
2;0.009368;0.007058
2;0.010314;0.007386
2;0.009838;0.007266
2;0.011004;0.008229
2;0.009588;0.007127
2;0.009757;0.007164
2;0.009893;0.007100
2;0.009725;0.007160
2;0.011053;0.009384
2;0.009965;0.008859
