nThread;timeInit;timeCount
1;0.015387;0.007430
1;0.014590;0.007704
1;0.017321;0.007539
1;0.014378;0.007974
1;0.014630;0.007327
1;0.013912;0.007495
1;0.014988;0.007624
1;0.013689;0.007361
1;0.015372;0.007234
1;0.014236;0.007318
1;0.015326;0.007675
1;0.014673;0.007432
1;0.016034;0.007397
1;0.014960;0.007531
1;0.015155;0.007488
1;0.013937;0.008018
1;0.017221;0.008373
1;0.019589;0.010252
1;0.018087;0.009053
1;0.015986;0.009232
