nThread;timeInit;timeCount
8;0.034708;0.033375
8;0.028590;0.038486
8;0.042454;0.020414
8;0.036496;0.049883
8;0.047650;0.037297
8;0.038596;0.038509
8;0.039715;0.042439
8;0.014233;0.019660
8;0.029982;0.044009
8;0.046728;0.037255
8;0.038691;0.052673
8;0.036120;0.041420
8;0.054248;0.017157
8;0.035815;0.049402
8;0.036547;0.053251
8;0.028336;0.038110
8;0.047185;0.041579
8;0.037814;0.045064
8;0.044790;0.044144
8;0.036905;0.041308
