nThread;timeInit;timeCount
1;0.057654;0.053208
1;0.055584;0.051640
1;0.059196;0.055171
1;0.067593;0.056396
1;0.062281;0.061694
1;0.059418;0.053193
1;0.066806;0.061686
1;0.064489;0.055063
1;0.060166;0.053346
1;0.060117;0.050632
1;0.057347;0.049718
1;0.059532;0.055794
1;0.058477;0.057666
1;0.073153;0.050003
1;0.059046;0.053868
1;0.056888;0.050663
1;0.060441;0.051174
1;0.059373;0.052029
1;0.055463;0.068714
1;0.085629;0.055224
