nThread;timeInit;timeCount
4;0.009795;0.007661
4;0.009733;0.007317
4;0.008208;0.008436
4;0.009281;0.009873
4;0.009196;0.007623
4;0.009273;0.008698
4;0.009013;0.008254
4;0.008745;0.007729
4;0.009905;0.008850
4;0.008872;0.008074
4;0.009124;0.007748
4;0.008268;0.008861
4;0.010045;0.007824
4;0.009973;0.008885
4;0.008921;0.007352
4;0.009465;0.007960
4;0.008898;0.007908
4;0.009571;0.008753
4;0.010466;0.007892
4;0.009759;0.008327
