nThread;timeInit;timeCount
16;0.906382;1.069906
16;0.637763;1.176406
16;0.677236;1.034959
16;0.596412;1.060119
16;0.706839;0.959969
16;0.726783;0.794870
16;0.791260;1.005021
16;0.798032;0.959995
16;0.826720;0.916788
16;0.812307;1.010001
16;0.777920;1.299901
16;0.657808;0.809989
16;0.796338;1.062000
16;0.826122;0.789985
16;0.866174;1.110002
16;0.797837;1.005511
16;0.805308;1.039990
16;0.757020;1.009965
16;0.617878;1.100069
16;0.654706;1.095618
