nThread;timeInit;timeCount
1;0.128712;0.098299
1;0.121229;0.099744
1;0.123078;0.098028
1;0.120512;0.097476
1;0.121213;0.096009
1;0.121254;0.100311
1;0.121934;0.099660
1;0.123924;0.098315
1;0.122588;0.096563
1;0.121212;0.096657
1;0.119834;0.097452
1;0.123528;0.096947
1;0.122262;0.102544
1;0.124461;0.096236
1;0.136175;0.097352
1;0.123747;0.096609
1;0.121434;0.096858
1;0.119510;0.102105
1;0.121642;0.097169
1;0.122001;0.097608
