nThread;timeInit;timeCount
4;0.062124;0.081639
4;0.063297;0.089452
4;0.060140;0.085718
4;0.047653;0.078343
4;0.049888;0.059837
4;0.059264;0.082784
4;0.062300;0.092108
4;0.065476;0.080220
4;0.062622;0.083840
4;0.074458;0.090530
4;0.054554;0.081628
4;0.058878;0.085653
4;0.058939;0.070971
4;0.064145;0.087320
4;0.060725;0.084170
4;0.061634;0.077092
4;0.092515;0.067112
4;0.059276;0.079005
4;0.052127;0.077614
4;0.059819;0.074280
