nThread;timeInit;timeCount
16;0.574847;0.675029
16;0.576655;0.761691
16;0.311901;0.840059
16;0.457817;0.840930
16;0.474775;0.726264
16;0.417353;0.769037
16;0.659413;0.588011
16;0.258817;0.668404
16;0.576723;0.729850
16;0.077523;0.346825
16;0.467192;0.511022
16;0.447688;0.769241
16;0.477092;0.714759
16;0.697891;0.789857
16;0.098274;0.659470
16;0.249283;0.502259
16;0.377045;0.779792
16;0.487133;0.729621
16;0.457304;0.699564
16;0.446927;0.690123
