nThread;timeInit;timeCount
1;0.180865;0.124329
1;0.152314;0.099048
1;0.150384;0.102110
1;0.128625;0.086340
1;0.118924;0.080827
1;0.113505;0.077747
1;0.110526;0.076385
1;0.108400;0.075447
1;0.109148;0.075106
1;0.108530;0.074244
1;0.113220;0.074017
1;0.108469;0.075181
1;0.127356;0.081228
1;0.105337;0.072086
1;0.106670;0.072486
1;0.109701;0.075394
1;0.111027;0.076689
1;0.113336;0.077687
1;0.114070;0.077899
1;0.116621;0.079524
