nThread;timeInit;timeCount
2;0.075930;0.071042
2;0.074049;0.078419
2;0.085981;0.076033
2;0.073136;0.073648
2;0.081311;0.071617
2;0.082299;0.082099
2;0.074282;0.072438
2;0.086256;0.071850
2;0.074236;0.079858
2;0.084667;0.072086
2;0.078509;0.071900
2;0.083015;0.080882
2;0.074771;0.071778
2;0.081265;0.075349
2;0.085757;0.077036
2;0.084963;0.077739
2;0.074017;0.077033
2;0.082296;0.077920
2;0.077929;0.071846
2;0.073460;0.076209
