nThread;timeInit;timeCount
8;0.057629;0.128589
8;0.051624;0.106841
8;0.047889;0.091009
8;0.059560;0.117520
8;0.101735;0.123319
8;0.064014;0.091075
8;0.062716;0.104310
8;0.048196;0.103614
8;0.063082;0.102000
8;0.058104;0.118003
8;0.053818;0.091446
8;0.052213;0.094025
8;0.062895;0.105524
8;0.048625;0.093761
8;0.047863;0.094173
8;0.069543;0.100843
8;0.057258;0.102828
8;0.053570;0.091370
8;0.073674;0.121008
8;0.054705;0.101962
