nThread;timeInit;timeCount
1;0.001637;0.003667
1;0.002322;0.004351
1;0.001854;0.003921
1;0.001491;0.003743
1;0.001588;0.003876
1;0.001349;0.002652
1;0.001298;0.003076
1;0.001393;0.003210
1;0.001343;0.003181
1;0.001301;0.003103
1;0.001359;0.003249
1;0.001434;0.003250
1;0.001548;0.003114
1;0.001523;0.003381
1;0.001502;0.003435
1;0.001375;0.003850
1;0.001302;0.003240
1;0.001469;0.003158
1;0.001218;0.002905
1;0.001391;0.003010
