nThread;timeInit;timeCount
16;0.026535;0.361215
16;0.019078;0.418962
16;0.038588;0.299529
16;0.018880;0.309196
16;0.001095;0.303090
16;0.046937;0.321513
16;0.028030;0.341410
16;0.027558;0.290345
16;0.034778;0.333540
16;0.001035;0.383100
16;0.002715;0.296349
16;0.003742;0.286620
16;0.033875;0.321281
16;0.020913;0.298477
16;0.009734;0.278963
16;0.001078;0.348437
16;0.026970;0.214626
16;0.025485;0.321336
16;0.030538;0.298060
16;0.045277;0.254628
