nThread;timeInit;timeCount
4;0.001017;0.004287
4;0.001105;0.004846
4;0.001276;0.005201
4;0.001019;0.004597
4;0.001079;0.005001
4;0.001142;0.005036
4;0.000688;0.004513
4;0.001129;0.004405
4;0.001081;0.004883
4;0.001448;0.004303
4;0.000716;0.004026
4;0.001124;0.004201
4;0.001198;0.003779
4;0.001246;0.003718
4;0.001153;0.003705
4;0.000819;0.003686
4;0.000986;0.003878
4;0.001082;0.004181
4;0.001030;0.004287
4;0.000954;0.004144
