nThread;timeInit;timeCount
2;0.000528;0.001158
2;0.000139;0.001128
2;0.000129;0.001091
2;0.000107;0.001271
2;0.000085;0.001045
2;0.000425;0.001168
2;0.000096;0.001179
2;0.000087;0.001177
2;0.000095;0.001370
2;0.000085;0.001036
2;0.000191;0.000997
2;0.000082;0.001011
2;0.000086;0.001014
2;0.000089;0.001102
2;0.000550;0.001434
2;0.000110;0.001050
2;0.000093;0.001143
2;0.000088;0.001255
2;0.000121;0.001096
2;0.000537;0.001503
