nThread;timeInit;timeCount
1;0.000139;0.000711
1;0.000157;0.000705
1;0.000121;0.000624
1;0.000129;0.000619
1;0.000139;0.000717
1;0.000195;0.000848
1;0.000136;0.000758
1;0.000159;0.000777
1;0.000206;0.000854
1;0.000146;0.000821
1;0.000216;0.001053
1;0.000258;0.000911
1;0.000127;0.000973
1;0.000266;0.000897
1;0.000151;0.000805
1;0.000198;0.000962
1;0.000195;0.001078
1;0.000176;0.000747
1;0.000150;0.000799
1;0.000185;0.000883
