nThread;timeInit;timeCount
16;0.016958;0.298340
16;0.010029;0.278257
16;0.017192;0.338584
16;0.036613;0.280614
16;0.000545;0.327399
16;0.046858;0.290586
16;0.026621;0.290484
16;0.046290;0.360676
16;0.005115;0.353343
16;0.027552;0.250724
16;0.033879;0.313928
16;0.036426;0.350600
16;0.028219;0.379246
16;0.046684;0.370637
16;0.000590;0.407072
16;0.019845;0.257901
16;0.038093;0.330719
16;0.047973;0.278702
16;0.038771;0.390594
16;0.026736;0.320538
