nThread;timeInit;timeCount
4;0.000146;0.002119
4;0.000439;0.001631
4;0.000483;0.001598
4;0.000544;0.001566
4;0.000842;0.001874
4;0.000125;0.001833
4;0.000271;0.001482
4;0.000095;0.001884
4;0.000131;0.001851
4;0.000119;0.001870
4;0.000087;0.001906
4;0.000105;0.001919
4;0.000098;0.001850
4;0.000219;0.001864
4;0.000971;0.001849
4;0.000257;0.001449
4;0.000109;0.001792
4;0.000809;0.001907
4;0.000459;0.001715
4;0.000582;0.001633
