nThread;timeInit;timeCount
8;0.000089;0.013591
8;0.002451;0.007608
8;0.000923;0.009380
8;0.000341;0.005672
8;0.001844;0.011375
8;0.002805;0.002477
8;0.000081;0.017721
8;0.003660;0.009681
8;0.008509;0.010741
8;0.001266;0.017267
8;0.004622;0.010799
8;0.003588;0.008384
8;0.001703;0.002410
8;0.001032;0.003196
8;0.003742;0.006540
8;0.002588;0.007324
8;0.002374;0.014102
8;0.000091;0.009966
8;0.003389;0.019886
8;0.005213;0.024971
