nThread;timeInit;timeCount
1;0.000200;0.000454
1;0.000267;0.000524
1;0.000169;0.000534
1;0.000166;0.000524
1;0.000179;0.000564
1;0.000218;0.000585
1;0.000160;0.000531
1;0.000172;0.000497
1;0.000209;0.000541
1;0.000260;0.000670
1;0.000185;0.000592
1;0.000247;0.000519
1;0.000175;0.000509
1;0.000179;0.000548
1;0.000225;0.000598
1;0.000169;0.000467
1;0.000175;0.000489
1;0.000175;0.000560
1;0.000193;0.000475
1;0.000179;0.000451
