nThread;timeInit;timeCount
8;0.037141;0.047807
8;0.025168;0.035525
8;0.021914;0.021673
8;0.050284;0.048535
8;0.034627;0.041182
8;0.025009;0.032093
8;0.045203;0.040453
8;0.031760;0.046218
8;0.038989;0.041136
8;0.039187;0.048178
8;0.035296;0.046597
8;0.033752;0.051269
8;0.031874;0.037743
8;0.042341;0.045657
8;0.032313;0.041877
8;0.033476;0.040226
8;0.038632;0.051001
8;0.043290;0.043382
8;0.030823;0.037287
8;0.030886;0.037379
