nThread;timeInit;timeCount
2;0.010084;0.006985
2;0.009708;0.007335
2;0.009906;0.007228
2;0.009872;0.007683
2;0.009148;0.007447
2;0.013551;0.007720
2;0.009682;0.007088
2;0.010012;0.007160
2;0.010681;0.009464
2;0.010574;0.009277
2;0.009862;0.007339
2;0.010221;0.008478
2;0.009711;0.007218
2;0.010269;0.007187
2;0.009679;0.007121
2;0.012904;0.007179
2;0.010158;0.007118
2;0.009656;0.007435
2;0.009927;0.007015
2;0.009991;0.007986
