nThread;timeInit;timeCount
16;0.725618;1.140005
16;0.663958;1.127798
16;0.847679;0.809988
16;0.665390;0.920038
16;0.606416;0.909992
16;0.877727;1.019929
16;0.661651;0.958380
16;0.726982;0.709680
16;0.776325;1.119958
16;0.680985;1.111577
16;0.746453;1.049990
16;0.758724;0.852526
16;0.947557;0.994315
16;0.536482;1.129991
16;0.737833;1.069957
16;0.706864;0.899976
16;0.767082;1.059981
16;0.546575;0.950014
16;0.595969;0.903111
16;0.666926;1.079995
