nThread;timeInit;timeCount
1;0.014460;0.006374
1;0.032737;0.008703
1;0.014839;0.006181
1;0.013941;0.006013
1;0.014172;0.006383
1;0.016350;0.006344
1;0.013121;0.007213
1;0.014040;0.006068
1;0.012700;0.006709
1;0.014384;0.006609
1;0.013995;0.006452
1;0.014036;0.006976
1;0.014033;0.006051
1;0.013872;0.006553
1;0.014559;0.006381
1;0.013289;0.008482
1;0.014896;0.006634
1;0.026698;0.007220
1;0.012811;0.007062
1;0.014565;0.006163
