nThread;timeInit;timeCount
4;0.009329;0.007595
4;0.010856;0.009037
4;0.010635;0.008317
4;0.010022;0.009685
4;0.010716;0.008189
4;0.010793;0.008249
4;0.009538;0.008631
4;0.010170;0.008903
4;0.010746;0.009141
4;0.011209;0.008860
4;0.010550;0.009308
4;0.011493;0.007721
4;0.009873;0.009471
4;0.011124;0.008884
4;0.011028;0.009901
4;0.010779;0.008321
4;0.010449;0.008878
4;0.010444;0.009149
4;0.010588;0.009457
4;0.010563;0.008121
