nThread;timeInit;timeCount
1;0.014485;0.007617
1;0.015403;0.007259
1;0.014175;0.007634
1;0.014052;0.007495
1;0.015394;0.008147
1;0.014020;0.007632
1;0.016332;0.007546
1;0.015497;0.009453
1;0.014421;0.009243
1;0.015929;0.007671
1;0.014528;0.007131
1;0.015441;0.007546
1;0.014456;0.007044
1;0.014062;0.007282
1;0.015682;0.007172
1;0.013837;0.007573
1;0.013785;0.007446
1;0.015410;0.008787
1;0.014187;0.007573
1;0.016005;0.007630
