nThread;timeInit;timeCount
1;0.001213;0.007571
1;0.001356;0.007696
1;0.001473;0.008548
1;0.001278;0.007748
1;0.001403;0.007477
1;0.001470;0.008588
1;0.001104;0.005816
1;0.001324;0.005728
1;0.001296;0.006436
1;0.001329;0.006815
1;0.001242;0.008219
1;0.001407;0.007655
1;0.002252;0.008768
1;0.001378;0.007683
1;0.001368;0.007394
1;0.002029;0.007211
1;0.001388;0.006075
1;0.001343;0.005925
1;0.001266;0.006480
1;0.001318;0.009813
