nThread;timeInit;timeCount
1;0.001510;0.008388
1;0.001244;0.007694
1;0.001857;0.006218
1;0.001294;0.005741
1;0.001103;0.006260
1;0.001122;0.006861
1;0.001154;0.007797
1;0.001647;0.005770
1;0.001144;0.005497
1;0.001142;0.006363
1;0.001171;0.006952
1;0.001108;0.008114
1;0.001614;0.006018
1;0.001215;0.005532
1;0.001087;0.005860
1;0.001166;0.006212
1;0.001569;0.007975
1;0.001492;0.005553
1;0.001168;0.005392
1;0.001274;0.006137
