nThread;timeInit;timeCount
16;0.019462;0.771451
16;0.001045;0.608004
16;0.036510;0.974192
16;0.010377;0.590078
16;0.001036;1.059228
16;0.000991;0.398423
16;0.037749;0.842487
16;0.036619;0.512863
16;0.036868;0.662382
16;0.000988;0.738840
16;0.009239;0.581172
16;0.023482;0.750448
16;0.010822;0.401815
16;0.038533;0.620663
16;0.020366;0.480093
16;0.001062;0.509872
16;0.026402;0.572747
16;0.026550;0.542987
16;0.001025;0.588908
16;0.038053;0.762601
