nThread;timeInit;timeCount
2;0.001611;0.018166
2;0.001906;0.015841
2;0.001577;0.013273
2;0.001211;0.012894
2;0.001119;0.012629
2;0.001648;0.014131
2;0.001114;0.015394
2;0.001896;0.010900
2;0.001673;0.013956
2;0.001697;0.012409
2;0.001117;0.012853
2;0.001496;0.012825
2;0.001697;0.011689
2;0.001840;0.011324
2;0.001012;0.014197
2;0.001135;0.021227
2;0.001741;0.023524
2;0.002579;0.014313
2;0.000945;0.010617
2;0.001086;0.010926
