nThread;timeInit;timeCount
8;0.003878;0.046257
8;0.002495;0.044069
8;0.004374;0.041291
8;0.000639;0.042243
8;0.004653;0.043890
8;0.000822;0.035244
8;0.000701;0.034498
8;0.000698;0.034253
8;0.001612;0.034084
8;0.003748;0.043412
8;0.005354;0.044704
8;0.004558;0.044469
8;0.004692;0.042018
8;0.000610;0.048478
8;0.008042;0.075485
8;0.001567;0.045295
8;0.006192;0.049880
8;0.005956;0.047213
8;0.004639;0.038349
8;0.002093;0.038367
