nThread;timeInit;timeCount
4;0.001148;0.019951
4;0.001961;0.019547
4;0.001210;0.019161
4;0.001125;0.019897
4;0.001189;0.019259
4;0.001079;0.020804
4;0.001471;0.020139
4;0.001186;0.020194
4;0.000820;0.018792
4;0.000959;0.016725
4;0.000679;0.017615
4;0.000643;0.018884
4;0.000637;0.016634
4;0.001025;0.020416
4;0.001819;0.023253
4;0.001014;0.020198
4;0.001432;0.020395
4;0.001824;0.019371
4;0.001182;0.022773
4;0.001048;0.019871
