nThread;timeInit;timeCount
2;0.001241;0.002062
2;0.001272;0.001721
2;0.002028;0.002567
2;0.000937;0.001806
2;0.001384;0.002287
2;0.000874;0.001757
2;0.000993;0.001766
2;0.000932;0.001828
2;0.000969;0.001782
2;0.000920;0.001805
2;0.001121;0.001889
2;0.001422;0.001821
2;0.001332;0.002026
2;0.001597;0.002746
2;0.000748;0.001512
2;0.000789;0.001524
2;0.000998;0.001785
2;0.000845;0.001529
2;0.000866;0.001643
2;0.001343;0.001531
