nThread;timeInit;timeCount
8;0.004833;0.011167
8;0.004955;0.013373
8;0.000655;0.014077
8;0.006935;0.032176
8;0.006784;0.014274
8;0.004944;0.009315
8;0.000633;0.007061
8;0.007677;0.022572
8;0.001519;0.017684
8;0.008787;0.016484
8;0.005531;0.016808
8;0.004193;0.017521
8;0.000616;0.017435
8;0.004392;0.012337
8;0.003227;0.013943
8;0.002632;0.010435
8;0.000619;0.006866
8;0.004778;0.011033
8;0.001266;0.003110
8;0.000614;0.003103
