nThread;timeInit;timeCount
1;0.002169;0.001372
1;0.001507;0.001418
1;0.001469;0.001505
1;0.001276;0.001362
1;0.001319;0.001294
1;0.001358;0.001261
1;0.001291;0.001217
1;0.001761;0.001498
1;0.002142;0.001828
1;0.001324;0.001490
1;0.001241;0.001287
1;0.001366;0.001237
1;0.001543;0.001271
1;0.001546;0.001682
1;0.001334;0.001395
1;0.001345;0.001286
1;0.001653;0.001550
1;0.001576;0.001503
1;0.001640;0.001542
1;0.001731;0.001530
