nThread;timeInit;timeCount
1;0.002525;0.002881
1;0.001573;0.002122
1;0.001298;0.001678
1;0.001853;0.002673
1;0.002447;0.002860
1;0.002973;0.003462
1;0.001766;0.002296
1;0.001477;0.001918
1;0.001728;0.002379
1;0.001508;0.001956
1;0.001436;0.001833
1;0.001619;0.002082
1;0.001592;0.001774
1;0.001536;0.001983
1;0.001591;0.002768
1;0.001310;0.001743
1;0.001328;0.001741
1;0.001197;0.001878
1;0.001551;0.002053
1;0.002000;0.002661
