nThread;timeInit;timeCount
16;0.011618;0.367788
16;0.018845;0.278700
16;0.010002;0.368297
16;0.019067;0.358534
16;0.029842;0.438196
16;0.056737;0.370679
16;0.024408;0.250531
16;0.001773;0.317415
16;0.026626;0.320575
16;0.019096;0.308307
16;0.010205;0.318497
16;0.028882;0.298561
16;0.001015;0.377390
16;0.001124;0.307226
16;0.036748;0.310620
16;0.000921;0.337755
16;0.026235;0.330573
16;0.001033;0.247600
16;0.038238;0.330720
16;0.000985;0.316379
