nThread;timeInit;timeCount
4;0.000843;0.002369
4;0.001555;0.003116
4;0.001165;0.003895
4;0.001235;0.002357
4;0.001063;0.002234
4;0.001051;0.002392
4;0.001092;0.002977
4;0.000943;0.002105
4;0.001049;0.002521
4;0.000768;0.002741
4;0.000941;0.002255
4;0.001627;0.002601
4;0.001228;0.002399
4;0.001026;0.002522
4;0.001046;0.002737
4;0.001241;0.002669
4;0.001049;0.002719
4;0.001272;0.002370
4;0.001920;0.002192
4;0.001271;0.002591
