nThread;timeInit;timeCount
8;0.055347;0.336791
8;0.079944;0.281198
8;0.061602;0.291405
8;0.046029;0.284860
8;0.048495;0.291312
8;0.049793;0.297734
8;0.069491;0.427527
8;0.051055;0.295729
8;0.050479;0.297477
8;0.063751;0.281201
8;0.055891;0.291451
8;0.065655;0.311543
8;0.041117;0.260196
8;0.040711;0.260886
8;0.042575;0.260218
8;0.041759;0.258575
8;0.041529;0.266505
8;0.041091;0.262681
8;0.069172;0.283974
8;0.041192;0.268205
