nThread;timeInit;timeCount
16;0.518185;1.656383
16;0.099613;1.541368
16;0.477891;1.911464
16;0.497848;1.223841
16;0.084936;1.824646
16;0.816767;1.489966
16;0.367293;1.729026
16;0.747434;1.606828
16;0.626901;1.951025
16;0.538707;1.588332
16;0.168035;1.565436
16;0.566993;1.402134
16;0.357106;1.466596
16;0.080925;1.161958
16;0.686931;1.639937
16;0.534510;1.413123
16;0.518157;1.685079
16;0.507030;1.481123
16;0.797247;1.746377
16;0.547328;1.482419
