nThread;timeInit;timeCount
1;0.103691;0.102852
1;0.099530;0.130286
1;0.103430;0.106033
1;0.100634;0.104317
1;0.099265;0.107583
1;0.099588;0.102715
1;0.100006;0.104819
1;0.103092;0.104582
1;0.099776;0.105557
1;0.096314;0.113525
1;0.102503;0.106353
1;0.101970;0.119513
1;0.122398;0.176040
1;0.134936;0.143045
1;0.123443;0.135111
1;0.128697;0.135785
1;0.132642;0.143195
1;0.123321;0.136054
1;0.122554;0.145708
1;0.139754;0.140026
