nThread;timeInit;timeCount
4;0.055668;0.221585
4;0.056853;0.218844
4;0.063215;0.215733
4;0.078014;0.222000
4;0.056725;0.226046
4;0.057610;0.230303
4;0.053394;0.235246
4;0.063815;0.225424
4;0.063604;0.213927
4;0.071705;0.223277
4;0.058802;0.226285
4;0.058664;0.215555
4;0.068715;0.221145
4;0.063221;0.217909
4;0.073404;0.222965
4;0.061666;0.224045
4;0.069317;0.235229
4;0.061206;0.219259
4;0.061110;0.227128
4;0.061364;0.225085
