nThread;timeInit;timeCount
2;0.079137;0.151646
2;0.085322;0.176010
2;0.071984;0.149992
2;0.075828;0.167069
2;0.074501;0.155144
2;0.072299;0.154878
2;0.083426;0.149570
2;0.075776;0.156893
2;0.074382;0.154372
2;0.074974;0.159008
2;0.091536;0.147477
2;0.079523;0.151422
2;0.072826;0.147757
2;0.072974;0.152072
2;0.080897;0.144368
2;0.069407;0.151144
2;0.079285;0.155592
2;0.072242;0.163569
2;0.073040;0.160207
2;0.073043;0.164959
