nThread;timeInit;timeCount
1;0.134118;0.174639
1;0.130248;0.173317
1;0.136046;0.171645
1;0.130895;0.170586
1;0.131897;0.177005
1;0.148196;0.172809
1;0.132194;0.171600
1;0.130617;0.170413
1;0.133569;0.171459
1;0.132676;0.171820
1;0.133880;0.174652
1;0.129874;0.171622
1;0.134154;0.180903
1;0.131898;0.171577
1;0.131458;0.171443
1;0.130606;0.171722
1;0.128153;0.170963
1;0.132183;0.169064
1;0.157366;0.170189
1;0.129006;0.167874
