nThread;timeInit;timeCount
1;0.119722;0.030045
1;0.116516;0.029518
1;0.121806;0.034868
1;0.115795;0.029221
1;0.103018;0.025290
1;0.098945;0.025355
1;0.092985;0.024010
1;0.100021;0.029541
1;0.118388;0.029686
1;0.117333;0.029797
1;0.120387;0.029679
1;0.118486;0.029107
1;0.123413;0.029304
1;0.119442;0.029500
1;0.117758;0.029724
1;0.117668;0.029213
1;0.117448;0.025547
1;0.095332;0.024884
1;0.097095;0.025838
1;0.094468;0.024657
