nThread;timeInit;timeCount
2;0.100973;0.035934
2;0.072344;0.037129
2;0.075073;0.038047
2;0.076646;0.038009
2;0.073225;0.047062
2;0.075485;0.046518
2;0.079082;0.040475
2;0.074141;0.038798
2;0.088212;0.041199
2;0.081411;0.046947
2;0.075184;0.039402
2;0.077461;0.040557
2;0.096478;0.038601
2;0.075593;0.038848
2;0.077539;0.039163
2;0.085819;0.038754
2;0.074365;0.039424
2;0.077470;0.045569
2;0.083133;0.038686
2;0.092649;0.037900
