nThread;timeInit;timeCount
1;0.098836;0.048734
1;0.111700;0.051978
1;0.117928;0.051597
1;0.114686;0.051555
1;0.115362;0.051261
1;0.119441;0.051933
1;0.117229;0.055393
1;0.117460;0.051555
1;0.117161;0.051647
1;0.115925;0.044723
1;0.093768;0.044001
1;0.094302;0.051641
1;0.119123;0.051335
1;0.116290;0.051445
1;0.121825;0.050440
1;0.117322;0.051739
1;0.123372;0.050932
1;0.117608;0.051337
1;0.117494;0.051792
1;0.117708;0.051155
