nThread;timeInit;timeCount
16;0.467452;0.876011
16;0.138345;0.885793
16;0.397363;0.516292
16;0.406810;0.646686
16;0.277140;0.852557
16;0.407959;1.026020
16;0.586879;0.506192
16;0.348355;0.777085
16;0.456834;0.676819
16;0.437236;0.755887
16;0.607795;0.786413
16;0.887207;0.746172
16;0.488933;0.876156
16;0.506955;0.866098
16;0.456775;0.668363
16;0.340207;0.654886
16;0.317434;0.806011
16;0.496926;1.006271
16;0.408528;0.768942
16;0.237162;0.976185
