nThread;timeInit;timeCount
8;0.040965;0.034178
8;0.041686;0.035856
8;0.041614;0.035691
8;0.041453;0.036283
8;0.040672;0.034737
8;0.041227;0.033565
8;0.042091;0.034947
8;0.042424;0.034527
8;0.040157;0.035314
8;0.040179;0.035925
8;0.041077;0.034687
8;0.042216;0.033586
8;0.040104;0.037010
8;0.043925;0.035330
8;0.041085;0.034766
8;0.051439;0.041038
8;0.039764;0.037148
8;0.041063;0.036984
8;0.041371;0.034399
8;0.041078;0.033726
