nThread;timeInit;timeCount
4;0.065994;0.039672
4;0.052179;0.037791
4;0.060653;0.037473
4;0.050605;0.039568
4;0.057290;0.036339
4;0.060321;0.032858
4;0.065523;0.043475
4;0.066196;0.044232
4;0.063942;0.039283
4;0.056081;0.039968
4;0.056028;0.040579
4;0.058773;0.039841
4;0.057788;0.042576
4;0.056378;0.038687
4;0.059017;0.037202
4;0.055132;0.034814
4;0.056741;0.037651
4;0.061746;0.041999
4;0.064566;0.041074
4;0.057230;0.041627
