nThread;timeInit;timeCount
2;0.000407;0.010616
2;0.000504;0.009994
2;0.000527;0.009447
2;0.000806;0.009705
2;0.000549;0.010496
2;0.000472;0.009813
2;0.000412;0.011019
2;0.000385;0.009865
2;0.001002;0.011474
2;0.001040;0.009744
2;0.000415;0.009786
2;0.000628;0.012199
2;0.000953;0.009069
2;0.000465;0.009364
2;0.000549;0.013137
2;0.000724;0.010554
2;0.000457;0.009706
2;0.001281;0.009125
2;0.001010;0.011944
2;0.000891;0.009777
