nThread;timeInit;timeCount
16;0.762627;1.529995
16;0.936495;1.869973
16;0.779156;1.533049
16;0.716454;1.380067
16;0.893674;1.729971
16;0.796171;1.980036
16;0.664658;1.227154
16;0.656458;1.884074
16;0.716582;1.119949
16;0.828330;1.559994
16;0.618688;1.369938
16;0.577232;1.814811
16;0.898282;1.229980
16;0.625651;1.181097
16;0.775479;1.350496
16;0.922226;1.210176
16;0.737035;1.959935
16;0.864418;1.389843
16;0.643640;1.239987
16;0.739654;2.127858
