nThread;timeInit;timeCount
1;0.000678;0.008450
1;0.000922;0.007563
1;0.001285;0.006857
1;0.000707;0.007370
1;0.000695;0.007692
1;0.000944;0.007253
1;0.000647;0.006708
1;0.000654;0.006612
1;0.000868;0.007986
1;0.000873;0.007229
1;0.000607;0.007161
1;0.000574;0.006465
1;0.000694;0.007526
1;0.000556;0.007922
1;0.000798;0.007225
1;0.000636;0.006799
1;0.000629;0.006910
1;0.000851;0.007666
1;0.000984;0.007735
1;0.000663;0.006613
