nThread;timeInit;timeCount
8;0.019448;0.074588
8;0.026562;0.054215
8;0.025235;0.075306
8;0.014920;0.077736
8;0.035391;0.078819
8;0.027270;0.067519
8;0.000611;0.034961
8;0.001660;0.047325
8;0.000789;0.035458
8;0.026212;0.052599
8;0.026468;0.075019
8;0.000673;0.039304
8;0.000799;0.037910
8;0.008678;0.052557
8;0.029817;0.043383
8;0.007807;0.084672
8;0.039640;0.077470
8;0.025113;0.078612
8;0.025238;0.067153
8;0.010553;0.051060
