nThread;timeInit;timeCount
1;0.000542;0.010501
1;0.000765;0.011310
1;0.000623;0.009858
1;0.000500;0.008898
1;0.000615;0.008052
1;0.000697;0.008317
1;0.000502;0.006912
1;0.000545;0.007440
1;0.000561;0.006449
1;0.000472;0.006229
1;0.000596;0.007250
1;0.000854;0.005857
1;0.000390;0.006366
1;0.000597;0.008450
1;0.000619;0.007410
1;0.000951;0.006600
1;0.000667;0.008930
1;0.000512;0.008649
1;0.000594;0.009244
1;0.000604;0.007502
