nThread;timeInit;timeCount
4;0.000535;0.022509
4;0.000833;0.019077
4;0.000595;0.019976
4;0.000600;0.017817
4;0.000512;0.018111
4;0.000654;0.021436
4;0.000553;0.019816
4;0.000922;0.018739
4;0.000900;0.018166
4;0.000577;0.019249
4;0.001098;0.024381
4;0.001200;0.053338
4;0.000556;0.019902
4;0.000566;0.023424
4;0.000574;0.018233
4;0.001502;0.021073
4;0.000654;0.019475
4;0.000867;0.020491
4;0.001052;0.019248
4;0.000527;0.018582
