nThread;timeInit;timeCount
8;0.007799;0.061505
8;0.008719;0.053330
8;0.006217;0.066328
8;0.009848;0.058742
8;0.007751;0.069975
8;0.008484;0.060901
8;0.010077;0.056048
8;0.009084;0.057923
8;0.007389;0.054580
8;0.006633;0.056851
8;0.008120;0.057441
8;0.007117;0.060214
8;0.011065;0.053893
8;0.010964;0.054611
8;0.009083;0.054941
8;0.007047;0.051881
8;0.007390;0.068711
8;0.010432;0.056363
8;0.010605;0.056605
8;0.011626;0.057632
