nThread;timeInit;timeCount
4;0.006647;0.037270
4;0.006086;0.034196
4;0.007363;0.032762
4;0.008457;0.030642
4;0.007827;0.033098
4;0.006920;0.030284
4;0.007569;0.036273
4;0.008147;0.032866
4;0.006928;0.030816
4;0.007462;0.032054
4;0.008815;0.033429
4;0.006965;0.030786
4;0.008162;0.031840
4;0.007250;0.034299
4;0.008195;0.030823
4;0.007733;0.032223
4;0.008636;0.030455
4;0.008549;0.033566
4;0.008225;0.032269
4;0.008494;0.033398
