nThread;timeInit;timeCount
1;0.012868;0.018133
1;0.010136;0.019113
1;0.010356;0.016940
1;0.013390;0.014675
1;0.010560;0.016881
1;0.013912;0.013827
1;0.010706;0.015904
1;0.013108;0.013815
1;0.010363;0.016351
1;0.013245;0.013824
1;0.010367;0.015019
1;0.013142;0.013819
1;0.011844;0.016594
1;0.013697;0.014764
1;0.009996;0.016554
1;0.012691;0.017572
1;0.013622;0.014294
1;0.010603;0.015997
1;0.013893;0.013743
1;0.010193;0.015996
