nThread;timeInit;timeCount
2;0.014295;0.027566
2;0.010120;0.033185
2;0.010095;0.026118
2;0.009418;0.023662
2;0.013905;0.026035
2;0.010875;0.028015
2;0.011758;0.024701
2;0.013705;0.028869
2;0.009796;0.038444
2;0.013371;0.022353
2;0.008382;0.021981
2;0.011502;0.024983
2;0.008404;0.021437
2;0.008814;0.022225
2;0.011994;0.027518
2;0.008199;0.021698
2;0.008950;0.027081
2;0.008362;0.025780
2;0.009239;0.021933
2;0.008379;0.022341
