nThread;timeInit;timeCount
16;0.067227;0.621961
16;0.066856;0.624355
16;0.067649;0.434413
16;0.022105;0.509599
16;0.041379;0.502063
16;0.077335;0.673727
16;0.026319;0.628992
16;0.058978;0.604383
16;0.077690;1.023788
16;0.067981;1.283345
16;0.045738;0.612520
16;0.040025;0.960809
16;0.030767;0.585999
16;0.067754;0.783789
16;0.038167;0.543778
16;0.076562;0.564013
16;0.037499;0.544130
16;0.077451;0.553370
16;0.048754;0.884726
16;0.037412;0.513947
