nThread;timeInit;timeCount
1;0.017186;0.021262
1;0.013651;0.023490
1;0.017169;0.018176
1;0.014143;0.019174
1;0.014366;0.018818
1;0.017359;0.023036
1;0.013142;0.018818
1;0.015102;0.019629
1;0.013680;0.018284
1;0.013162;0.018713
1;0.014098;0.019619
1;0.014628;0.018427
1;0.013609;0.018063
1;0.013153;0.018686
1;0.013602;0.020168
1;0.014224;0.018427
1;0.013075;0.018364
1;0.012723;0.019235
1;0.014454;0.020133
1;0.014022;0.018896
