nThread;timeInit;timeCount
4;0.000126;0.001963
4;0.000105;0.002057
4;0.000412;0.002563
4;0.000203;0.002234
4;0.000153;0.002136
4;0.000114;0.002856
4;0.000956;0.016922
4;0.000649;0.002082
4;0.000104;0.002113
4;0.000145;0.002259
4;0.000072;0.001824
4;0.000464;0.001763
4;0.000384;0.001828
4;0.000117;0.001978
4;0.000092;0.001952
4;0.000091;0.001868
4;0.000726;0.001877
4;0.000097;0.002047
4;0.000075;0.001843
4;0.000767;0.001869
