nThread;timeInit;timeCount
1;0.000161;0.001306
1;0.000140;0.000821
1;0.000145;0.000872
1;0.000162;0.000797
1;0.000140;0.000823
1;0.000137;0.001019
1;0.000144;0.000856
1;0.000144;0.000824
1;0.000183;0.000957
1;0.000159;0.000834
1;0.000136;0.000830
1;0.000136;0.000862
1;0.000259;0.000853
1;0.000289;0.000866
1;0.000195;0.000987
1;0.000150;0.001264
1;0.000141;0.000918
1;0.000164;0.000931
1;0.000143;0.000925
1;0.000138;0.000785
