nThread;timeInit;timeCount
1;0.015904;0.003999
1;0.014476;0.003648
1;0.013421;0.003380
1;0.013123;0.003240
1;0.013553;0.003829
1;0.012687;0.003355
1;0.013738;0.003170
1;0.013247;0.003324
1;0.013359;0.003511
1;0.013728;0.003531
1;0.013173;0.003303
1;0.013127;0.003201
1;0.012421;0.003368
1;0.012503;0.003227
1;0.013426;0.003477
1;0.012666;0.003322
1;0.012362;0.004358
1;0.015400;0.003564
1;0.013164;0.003283
1;0.013472;0.003564
