nThread;timeInit;timeCount
8;0.014332;0.007856
8;0.007724;0.017355
8;0.008721;0.006959
8;0.008080;0.020823
8;0.007313;0.009263
8;0.010940;0.011449
8;0.011552;0.015827
8;0.019597;0.008449
8;0.007497;0.015191
8;0.043130;0.024704
8;0.011693;0.012978
8;0.012569;0.010217
8;0.009947;0.014742
8;0.006365;0.004538
8;0.010205;0.008092
8;0.007478;0.011981
8;0.012488;0.006271
8;0.013331;0.011594
8;0.006212;0.014344
8;0.009329;0.011581
