nThread;timeInit;timeCount
1;0.015908;0.006513
1;0.013635;0.006357
1;0.013104;0.006001
1;0.012690;0.005966
1;0.013005;0.006355
1;0.014344;0.006223
1;0.014349;0.006497
1;0.012867;0.006109
1;0.013087;0.006487
1;0.013431;0.006290
1;0.014630;0.006507
1;0.013024;0.006123
1;0.013386;0.005998
1;0.012733;0.006054
1;0.012823;0.005934
1;0.014970;0.006312
1;0.013510;0.006048
1;0.015768;0.006397
1;0.013921;0.005980
1;0.013247;0.006133
