nThread;timeInit;timeCount
4;0.008249;0.007306
4;0.010149;0.008488
4;0.010162;0.009984
4;0.007862;0.007524
4;0.008385;0.007773
4;0.008419;0.007881
4;0.007550;0.007526
4;0.008431;0.007557
4;0.007572;0.007329
4;0.008596;0.007347
4;0.008798;0.007495
4;0.008449;0.007536
4;0.008556;0.007726
4;0.007692;0.007858
4;0.008285;0.008176
4;0.007849;0.008094
4;0.006585;0.007501
4;0.007769;0.007890
4;0.008357;0.007692
4;0.007526;0.008161
