nThread;timeInit;timeCount
2;0.013163;0.007368
2;0.008261;0.008636
2;0.009391;0.006135
2;0.012594;0.006503
2;0.008806;0.006187
2;0.008615;0.006182
2;0.008287;0.006271
2;0.008533;0.005949
2;0.008326;0.006148
2;0.008512;0.006186
2;0.008916;0.008807
2;0.014161;0.006686
2;0.012750;0.012105
2;0.010205;0.008912
2;0.011376;0.006808
2;0.010956;0.008696
2;0.013829;0.006822
2;0.013538;0.009753
2;0.010374;0.007778
2;0.012203;0.007946
