nThread;timeInit;timeCount
1;0.012436;0.005474
1;0.012481;0.005904
1;0.012955;0.006487
1;0.011844;0.004320
1;0.010910;0.004558
1;0.013482;0.004826
1;0.012091;0.005710
1;0.012450;0.006028
1;0.011653;0.004739
1;0.011083;0.004452
1;0.012644;0.005063
1;0.012614;0.005487
1;0.011365;0.005833
1;0.014769;0.007657
1;0.011429;0.006381
1;0.011617;0.005469
1;0.011752;0.004378
1;0.011226;0.004843
1;0.013264;0.004965
1;0.011830;0.005912
