nThread;timeInit;timeCount
8;0.007387;0.020755
8;0.008515;0.019839
8;0.012448;0.020427
8;0.007418;0.012552
8;0.007885;0.019055
8;0.012656;0.026355
8;0.008438;0.021736
8;0.007174;0.014786
8;0.008604;0.014686
8;0.006368;0.012624
8;0.011847;0.018203
8;0.010091;0.007542
8;0.034134;0.041276
8;0.014460;0.012960
8;0.010819;0.023078
8;0.007468;0.021679
8;0.009637;0.024499
8;0.010847;0.016240
8;0.008089;0.020523
8;0.005906;0.025146
