nThread;timeInit;timeCount
16;0.037698;0.331488
16;0.057016;0.401235
16;0.076946;0.372132
16;0.038096;0.291549
16;0.066891;0.321954
16;0.038065;0.371812
16;0.029848;0.319005
16;0.038136;0.382007
16;0.077388;0.331580
16;0.076770;0.322152
16;0.030525;0.298190
16;0.076301;0.362130
16;0.067225;0.415094
16;0.047955;0.361903
16;0.076760;0.341786
16;0.021152;0.387324
16;0.038767;0.321622
16;0.047934;0.322115
16;0.077517;0.331344
16;0.066556;0.271770
