nThread;timeInit;timeCount
1;0.135872;0.089540
1;0.131937;0.088839
1;0.134054;0.085979
1;0.138535;0.090071
1;0.152864;0.125870
1;0.154486;0.107173
1;0.151915;0.108587
1;0.153753;0.114146
1;0.133514;0.090607
1;0.138039;0.089290
1;0.138596;0.087784
1;0.131496;0.090848
1;0.134047;0.097951
1;0.137834;0.106825
1;0.132517;0.092731
1;0.135488;0.090648
1;0.141177;0.090500
1;0.132678;0.095678
1;0.134860;0.093600
1;0.141607;0.090926
