nThread;timeInit;timeCount
1;0.155082;0.097416
1;0.147711;0.098773
1;0.145457;0.092325
1;0.143556;0.095091
1;0.144591;0.089524
1;0.147566;0.095824
1;0.144959;0.087199
1;0.142856;0.089712
1;0.145173;0.091019
1;0.144456;0.089428
1;0.145451;0.088847
1;0.145403;0.091046
1;0.145380;0.089605
1;0.149110;0.090756
1;0.146775;0.088674
1;0.144753;0.086875
1;0.144000;0.094814
1;0.144149;0.088592
1;0.146833;0.089477
1;0.143132;0.086316
