nThread;timeInit;timeCount
16;0.986610;1.410284
16;0.700075;1.897547
16;0.756639;1.920264
16;0.561695;1.485984
16;0.847405;1.823267
16;0.856923;1.426113
16;0.806299;1.544030
16;1.076343;1.200315
16;0.638350;1.720334
16;0.726452;1.460315
16;0.766913;1.834468
16;0.705789;1.653577
16;0.666669;1.820364
16;0.935623;1.428126
16;0.734721;1.867509
16;0.570967;1.301243
16;0.686094;1.827728
16;0.780110;1.983223
16;0.867052;1.813304
16;0.784286;1.696040
