nThread;timeInit;timeCount
8;0.071006;0.238175
8;0.068712;0.212288
8;0.073730;0.210010
8;0.071368;0.208189
8;0.070023;0.208844
8;0.069758;0.258990
8;0.128695;0.252277
8;0.100355;0.280136
8;0.092877;0.235533
8;0.100862;0.236931
8;0.124560;0.262229
8;0.095278;0.254566
8;0.071399;0.207707
8;0.070297;0.275787
8;0.103104;0.266629
8;0.104316;0.265462
8;0.101481;0.254936
8;0.198229;0.313235
8;0.100422;0.270213
8;0.099375;0.213688
