nThread;timeInit;timeCount
4;0.081839;0.163538
4;0.083171;0.161139
4;0.074444;0.156499
4;0.078717;0.197739
4;0.077768;0.162671
4;0.077539;0.169513
4;0.083225;0.173631
4;0.080257;0.165301
4;0.081994;0.151985
4;0.084860;0.159980
4;0.075067;0.167252
4;0.085338;0.172602
4;0.097283;0.188459
4;0.089888;0.185176
4;0.090143;0.193696
4;0.081877;0.159878
4;0.076791;0.165292
4;0.082201;0.159559
4;0.088172;0.181798
4;0.079762;0.168981
