nThread;timeInit;timeCount
2;0.104666;0.108473
2;0.108050;0.123253
2;0.118932;0.110245
2;0.110352;0.128971
2;0.113535;0.145536
2;0.102200;0.101812
2;0.107241;0.113947
2;0.106288;0.115912
2;0.105382;0.120157
2;0.105838;0.109494
2;0.106389;0.131735
2;0.104104;0.147211
2;0.124071;0.145994
2;0.115549;0.114162
2;0.115075;0.122782
2;0.110136;0.115782
2;0.099485;0.123110
2;0.095612;0.109557
2;0.103533;0.126057
2;0.109005;0.111683
