nThread;timeInit;timeCount
1;0.014808;0.002649
1;0.015698;0.003237
1;0.016288;0.004006
1;0.022639;0.002810
1;0.016389;0.004400
1;0.018400;0.003185
1;0.017084;0.002718
1;0.017375;0.003012
1;0.015752;0.003305
1;0.016080;0.003025
1;0.016819;0.003537
1;0.016236;0.002991
1;0.016783;0.002679
1;0.017464;0.003131
1;0.016023;0.003134
1;0.016562;0.003017
1;0.016260;0.003345
1;0.016993;0.002642
1;0.015195;0.002717
1;0.016506;0.003241
