nThread;timeInit;timeCount
2;0.009885;0.003802
2;0.008442;0.003858
2;0.008545;0.003668
2;0.008359;0.003449
2;0.011211;0.005196
2;0.008903;0.004868
2;0.013029;0.003641
2;0.008599;0.002944
2;0.008848;0.003977
2;0.008624;0.003925
2;0.008775;0.003592
2;0.009114;0.003992
2;0.008331;0.003694
2;0.008636;0.003822
2;0.008645;0.003564
2;0.008118;0.003467
2;0.008851;0.003531
2;0.008299;0.003595
2;0.009028;0.003319
2;0.008369;0.003682
