nThread;timeInit;timeCount
4;0.007857;0.003950
4;0.008470;0.004365
4;0.007445;0.003793
4;0.007431;0.004087
4;0.007822;0.004267
4;0.007277;0.004431
4;0.009365;0.004267
4;0.008742;0.004528
4;0.007880;0.003827
4;0.009489;0.003863
4;0.007371;0.004304
4;0.007804;0.003777
4;0.007930;0.004463
4;0.007633;0.004062
4;0.007143;0.004290
4;0.007638;0.004113
4;0.007654;0.003772
4;0.006240;0.003829
4;0.007614;0.004098
4;0.009077;0.004161
