nThread;timeInit;timeCount
16;0.066931;0.290537
16;0.086988;0.240350
16;0.038364;0.290067
16;0.038228;0.210477
16;0.020781;0.276488
16;0.066880;0.270412
16;0.067191;0.299938
16;0.066965;0.280207
16;0.038260;0.250268
16;0.038059;0.280621
16;0.077436;0.280067
16;0.067064;0.280272
16;0.067176;0.285123
16;0.076883;0.310510
16;0.077523;0.330724
16;0.027898;0.270233
16;0.066760;0.200468
16;0.077006;0.240417
16;0.046232;0.250597
16;0.086720;0.321581
