nThread;timeInit;timeCount
8;0.012514;0.014188
8;0.011709;0.007533
8;0.007968;0.003118
8;0.006546;0.013825
8;0.006234;0.008565
8;0.009683;0.015014
8;0.008334;0.004084
8;0.005796;0.015981
8;0.007539;0.016029
8;0.005224;0.009494
8;0.008114;0.013557
8;0.007443;0.013893
8;0.006784;0.009618
8;0.011024;0.014460
8;0.004982;0.009144
8;0.009673;0.012442
8;0.007653;0.011028
8;0.010604;0.014448
8;0.006672;0.020499
8;0.009201;0.008266
