nThread;timeInit;timeCount
1;0.015823;0.004360
1;0.015536;0.004620
1;0.014705;0.004279
1;0.014486;0.004373
1;0.014174;0.005072
1;0.014773;0.004168
1;0.014806;0.004435
1;0.014580;0.004449
1;0.016299;0.004133
1;0.014996;0.004260
1;0.014374;0.004316
1;0.014693;0.004227
1;0.014606;0.004200
1;0.015128;0.004523
1;0.015028;0.004354
1;0.015918;0.004537
1;0.015325;0.004912
1;0.014564;0.003862
1;0.014273;0.004478
1;0.015532;0.004370
