nThread;timeInit;timeCount
8;0.023083;0.066831
8;0.031791;0.082317
8;0.034295;0.070205
8;0.014338;0.070130
8;0.037160;0.050585
8;0.014158;0.077009
8;0.037455;0.079821
8;0.024779;0.085116
8;0.022104;0.047741
8;0.034375;0.070568
8;0.046744;0.083101
8;0.026476;0.071609
8;0.013542;0.071657
8;0.026386;0.070575
8;0.026044;0.065976
8;0.028691;0.086603
8;0.040092;0.077678
8;0.005593;0.079113
8;0.042671;0.079375
8;0.100327;0.165175
