nThread;timeInit;timeCount
2;0.001484;0.012262
2;0.002250;0.016204
2;0.001892;0.012764
2;0.002354;0.018778
2;0.002304;0.017278
2;0.001987;0.017237
2;0.001829;0.014694
2;0.001502;0.013993
2;0.001607;0.015916
2;0.002474;0.014338
2;0.002167;0.014345
2;0.001789;0.016967
2;0.001580;0.014431
2;0.001668;0.015795
2;0.002441;0.014370
2;0.002143;0.014622
2;0.002635;0.016672
2;0.001596;0.014114
2;0.002064;0.013656
2;0.005802;0.014590
