nThread;timeInit;timeCount
4;0.001622;0.021156
4;0.001827;0.020468
4;0.001876;0.020012
4;0.002148;0.020804
4;0.001602;0.020163
4;0.001336;0.021078
4;0.001883;0.021300
4;0.001563;0.018932
4;0.001717;0.019324
4;0.001423;0.020166
4;0.002571;0.020149
4;0.001489;0.022507
4;0.001590;0.018859
4;0.002429;0.018001
4;0.002486;0.021384
4;0.001905;0.020656
4;0.002128;0.022036
4;0.001716;0.020405
4;0.001888;0.018355
4;0.001978;0.022372
