nThread;timeInit;timeCount
1;0.001949;0.007151
1;0.001988;0.007715
1;0.002594;0.007510
1;0.001991;0.007154
1;0.002495;0.008773
1;0.002668;0.007890
1;0.002298;0.008572
1;0.002164;0.008331
1;0.002715;0.008518
1;0.002101;0.007825
1;0.002389;0.008448
1;0.003023;0.014377
1;0.002187;0.009598
1;0.002577;0.007101
1;0.002264;0.008184
1;0.003323;0.007831
1;0.002189;0.008255
1;0.001953;0.008723
1;0.002828;0.009176
1;0.002744;0.008386
