nThread;timeInit;timeCount
16;0.666346;1.265700
16;0.686659;1.389993
16;0.718377;1.539980
16;0.487839;1.249987
16;0.586876;1.246129
16;0.797081;1.189943
16;0.698116;1.958640
16;0.707100;1.069982
16;0.786251;1.349929
16;0.629780;1.659971
16;0.686699;1.130009
16;0.808569;2.011884
16;0.736946;1.099972
16;0.768970;1.139982
16;0.554684;1.049996
16;0.647789;1.299962
16;0.576610;1.099933
16;0.758376;1.509973
16;0.564960;1.220209
16;0.615190;1.752765
