nThread;timeInit;timeCount
1;0.002341;0.008423
1;0.002046;0.008445
1;0.001809;0.008356
1;0.001945;0.007854
1;0.001820;0.008882
1;0.001958;0.007950
1;0.001769;0.008157
1;0.001967;0.007644
1;0.001787;0.007928
1;0.001975;0.008049
1;0.001792;0.008241
1;0.001941;0.008485
1;0.001767;0.007837
1;0.001964;0.008792
1;0.001767;0.008316
1;0.001949;0.008752
1;0.001775;0.007485
1;0.001908;0.008698
1;0.001748;0.007662
1;0.002001;0.008889
