nThread;timeInit;timeCount
2;0.001246;0.014337
2;0.001177;0.009018
2;0.001057;0.008554
2;0.001432;0.010320
2;0.000707;0.008308
2;0.001250;0.013232
2;0.001256;0.010520
2;0.001383;0.018048
2;0.001307;0.010934
2;0.001589;0.013300
2;0.001778;0.012766
2;0.001199;0.012140
2;0.001800;0.014449
2;0.001648;0.014699
2;0.001603;0.011311
2;0.001081;0.010734
2;0.001283;0.013594
2;0.001780;0.014019
2;0.001162;0.014494
2;0.001537;0.012744
