nThread;timeInit;timeCount
4;0.000987;0.021904
4;0.001140;0.023196
4;0.001159;0.020481
4;0.001073;0.021204
4;0.001284;0.024511
4;0.001168;0.022760
4;0.001194;0.022218
4;0.000983;0.021190
4;0.001343;0.019276
4;0.001868;0.021602
4;0.000890;0.020136
4;0.001004;0.019255
4;0.000887;0.023269
4;0.001443;0.019429
4;0.001095;0.020541
4;0.000998;0.027065
4;0.001014;0.023376
4;0.001632;0.021433
4;0.001184;0.021661
4;0.001662;0.023345
