nThread;timeInit;timeCount
1;0.001516;0.003800
1;0.001579;0.005577
1;0.001437;0.004875
1;0.001422;0.006110
1;0.001666;0.006362
1;0.001641;0.005882
1;0.001410;0.004394
1;0.001363;0.004618
1;0.001255;0.004589
1;0.001437;0.004052
1;0.001321;0.003948
1;0.001337;0.004411
1;0.001234;0.003657
1;0.001358;0.004102
1;0.001371;0.004003
1;0.001415;0.004426
1;0.001397;0.004458
1;0.001332;0.004053
1;0.001337;0.003848
1;0.001331;0.004101
