nThread;timeInit;timeCount
16;0.023342;0.803845
16;0.009669;0.752810
16;0.019446;0.652820
16;0.027349;1.234589
16;0.028662;1.292956
16;0.037846;0.909134
16;0.046441;0.865414
16;0.028075;1.025330
16;0.036679;0.565116
16;0.037614;0.682353
16;0.027295;0.654931
16;0.037191;0.735116
16;0.026908;0.935159
16;0.000984;0.372093
16;0.019519;0.832569
16;0.026320;0.531003
16;0.027417;0.674489
16;0.026681;0.625434
16;0.028795;0.875032
16;0.026753;0.863947
