nThread;timeInit;timeCount
8;0.000577;0.040837
8;0.001657;0.036536
8;0.007799;0.046247
8;0.003196;0.049711
8;0.004222;0.044802
8;0.006181;0.047164
8;0.002816;0.046437
8;0.005474;0.044037
8;0.004524;0.051323
8;0.002575;0.041033
8;0.002916;0.056102
8;0.002869;0.037545
8;0.000858;0.052921
8;0.001994;0.047490
8;0.005001;0.053677
8;0.002065;0.037068
8;0.003634;0.044341
8;0.008296;0.049349
8;0.000649;0.038193
8;0.000667;0.037078
