nThread;timeInit;timeCount
1;0.001415;0.007608
1;0.001401;0.005935
1;0.001539;0.005618
1;0.001436;0.005653
1;0.001431;0.006432
1;0.001358;0.008906
1;0.001672;0.006174
1;0.001673;0.008591
1;0.001046;0.007597
1;0.001433;0.005899
1;0.001310;0.005923
1;0.001399;0.006685
1;0.001087;0.007369
1;0.001460;0.005870
1;0.001652;0.005673
1;0.001181;0.005184
1;0.001046;0.005053
1;0.001128;0.007363
1;0.001637;0.006484
1;0.001143;0.005020
