nThread;timeInit;timeCount
1;0.000346;0.000047
1;0.000277;0.000070
1;0.000172;0.000048
1;0.000188;0.000050
1;0.000302;0.000074
1;0.000268;0.000087
1;0.000183;0.000044
1;0.000170;0.000048
1;0.000189;0.000049
1;0.000269;0.000071
1;0.000168;0.000048
1;0.000184;0.000049
1;0.000276;0.000070
1;0.000189;0.000048
1;0.000166;0.000061
1;0.000278;0.000051
1;0.000331;0.000074
1;0.000275;0.000070
1;0.000178;0.000048
1;0.000265;0.000057
