nThread;timeInit;timeCount
4;0.000104;0.000102
4;0.000096;0.000103
4;0.000630;0.000101
4;0.000522;0.000092
4;0.000108;0.000134
4;0.000077;0.000094
4;0.000161;0.000097
4;0.000177;0.000104
4;0.000108;0.000121
4;0.000626;0.000100
4;0.000131;0.000099
4;0.000623;0.000118
4;0.000660;0.000089
4;0.000968;0.000125
4;0.000520;0.000110
4;0.000620;0.000190
4;0.000076;0.000072
4;0.000579;0.000099
4;0.000518;0.000098
4;0.000096;0.000233
