nThread;timeInit;timeCount
1;0.000151;0.000061
1;0.000233;0.000090
1;0.000171;0.000081
1;0.000138;0.000054
1;0.000139;0.000054
1;0.000174;0.000058
1;0.000164;0.000064
1;0.000252;0.000098
1;0.000147;0.000070
1;0.000160;0.000129
1;0.000134;0.000054
1;0.000155;0.000067
1;0.000178;0.000067
1;0.000193;0.000106
1;0.000149;0.000059
1;0.000126;0.000051
1;0.000141;0.000059
1;0.000161;0.000057
1;0.000173;0.000065
1;0.000192;0.000073
