nThread;timeInit;timeCount
16;0.036522;0.289994
16;0.027307;0.210013
16;0.015121;0.310017
16;0.000575;0.217403
16;0.019708;0.236541
16;0.028430;0.198075
16;0.036646;0.269986
16;0.028511;0.257884
16;0.002038;0.235425
16;0.010426;0.267376
16;0.000607;0.189493
16;0.009022;0.238815
16;0.036680;0.159998
16;0.036751;0.190006
16;0.028313;0.229618
16;0.026825;0.239984
16;0.027595;0.250003
16;0.000659;0.247336
16;0.046497;0.140023
16;0.019053;0.207704
