nThread;timeInit;timeCount
8;0.003122;0.022125
8;0.005986;0.000621
8;0.003200;0.004929
8;0.005957;0.007718
8;0.006875;0.008484
8;0.002199;0.006585
8;0.003399;0.008810
8;0.000624;0.000148
8;0.000087;0.000150
8;0.000667;0.000118
8;0.000444;0.000131
8;0.000631;0.000130
8;0.000189;0.000269
8;0.003497;0.026590
8;0.001939;0.004429
8;0.002692;0.013786
8;0.002635;0.008123
8;0.000081;0.000153
8;0.004459;0.015321
8;0.001438;0.013062
