nThread;timeInit;timeCount
2;0.000120;0.000089
2;0.000091;0.000112
2;0.000577;0.000074
2;0.000197;0.000079
2;0.000093;0.000070
2;0.000090;0.000083
2;0.000376;0.000094
2;0.000544;0.000074
2;0.000096;0.000088
2;0.000230;0.000092
2;0.000113;0.000072
2;0.000095;0.000069
2;0.000096;0.000069
2;0.000092;0.000086
2;0.000151;0.000098
2;0.000343;0.000070
2;0.000094;0.000064
2;0.000530;0.000112
2;0.000099;0.000158
2;0.000094;0.000073
