nThread;timeInit;timeCount
2;0.001966;0.012272
2;0.001332;0.013073
2;0.001776;0.011388
2;0.001827;0.011891
2;0.001406;0.011241
2;0.001417;0.014183
2;0.001365;0.011378
2;0.001352;0.011231
2;0.001792;0.016092
2;0.002092;0.016434
2;0.001532;0.011464
2;0.001372;0.011062
2;0.001244;0.012719
2;0.002234;0.011950
2;0.001325;0.011675
2;0.001788;0.011012
2;0.001392;0.010997
2;0.001685;0.011620
2;0.001839;0.014999
2;0.002033;0.011185
