nThread;timeInit;timeCount
1;0.006180;0.014699
1;0.006162;0.015231
1;0.006846;0.014025
1;0.005851;0.014820
1;0.006631;0.015563
1;0.008051;0.016318
1;0.006619;0.013669
1;0.006252;0.013175
1;0.006258;0.014648
1;0.006651;0.014131
1;0.007457;0.014845
1;0.007578;0.014192
1;0.006932;0.013214
1;0.006240;0.014213
1;0.006443;0.013987
1;0.006049;0.015179
1;0.006932;0.012915
1;0.006254;0.013115
1;0.006056;0.012983
1;0.005850;0.014053
