nThread;timeInit;timeCount
1;0.002056;0.011089
1;0.002274;0.012250
1;0.002234;0.010976
1;0.002246;0.009278
1;0.002111;0.009758
1;0.001981;0.009072
1;0.002198;0.009512
1;0.002262;0.009535
1;0.002597;0.010031
1;0.002238;0.010623
1;0.002361;0.009240
1;0.001966;0.008813
1;0.002459;0.009453
1;0.002625;0.011935
1;0.002304;0.009296
1;0.002194;0.010165
1;0.002073;0.009548
1;0.002010;0.008307
1;0.002201;0.008850
1;0.002182;0.012084
