nThread;timeInit;timeCount
4;0.001868;0.023230
4;0.001255;0.017572
4;0.002143;0.017529
4;0.001624;0.017414
4;0.001711;0.018493
4;0.002309;0.020619
4;0.001284;0.026376
4;0.001913;0.022623
4;0.001655;0.020207
4;0.002126;0.025748
4;0.001824;0.031793
4;0.001439;0.019131
4;0.001724;0.025071
4;0.001351;0.020600
4;0.004879;0.020365
4;0.001387;0.021450
4;0.001868;0.020437
4;0.002343;0.019314
4;0.001337;0.019268
4;0.001586;0.021136
