nThread;timeInit;timeCount
16;0.879073;1.419515
16;0.683535;1.039982
16;0.684825;1.289703
16;0.747071;1.420321
16;0.676764;1.796301
16;0.747963;1.170895
16;0.555825;1.080006
16;0.747264;1.565516
16;0.495222;1.302040
16;0.635964;1.230000
16;0.747598;1.069969
16;0.905908;1.453113
16;0.666341;1.227094
16;0.693281;1.290650
16;0.897795;1.530035
16;0.796352;1.279800
16;0.887390;1.650258
16;0.626542;0.989983
16;0.616444;1.169075
16;1.026035;1.725796
