nThread;timeInit;timeCount
8;0.023430;0.078476
8;0.028305;0.077400
8;0.004966;0.054594
8;0.029359;0.072700
8;0.021749;0.082290
8;0.046312;0.084989
8;0.029744;0.068228
8;0.004248;0.081080
8;0.034313;0.065078
8;0.033428;0.049121
8;0.084775;0.153913
8;0.026743;0.073008
8;0.016778;0.061687
8;0.031764;0.079738
8;0.019069;0.068218
8;0.032246;0.044861
8;0.026062;0.060843
8;0.037423;0.075151
8;0.035277;0.088443
8;0.037492;0.073463
