nThread;timeInit;timeCount
1;0.000638;0.000156
1;0.000596;0.000118
1;0.000463;0.000132
1;0.000422;0.000115
1;0.000893;0.000140
1;0.000834;0.000183
1;0.000886;0.000207
1;0.000646;0.000146
1;0.000667;0.000163
1;0.000448;0.000134
1;0.000454;0.000117
1;0.000475;0.000123
1;0.000445;0.000116
1;0.000456;0.000112
1;0.000460;0.000116
1;0.000453;0.000119
1;0.000461;0.000126
1;0.000478;0.000130
1;0.000921;0.000204
1;0.000491;0.000120
