nThread;timeInit;timeCount
8;0.022543;0.000252
8;0.036263;0.032125
8;0.029182;0.071834
8;0.029117;0.035466
8;0.026868;0.000259
8;0.006012;0.000253
8;0.026953;0.025911
8;0.000929;0.000348
8;0.002527;0.000450
8;0.000689;0.000216
8;0.001128;0.000377
8;0.001190;0.000415
8;0.002715;0.000395
8;0.012083;0.029867
8;0.048842;0.030267
8;0.028853;0.035965
8;0.035707;0.029274
8;0.032724;0.026150
8;0.029637;0.031809
8;0.057763;0.029435
