nThread;timeInit;timeCount
1;0.000803;0.000890
1;0.000827;0.000727
1;0.000948;0.000702
1;0.000985;0.000666
1;0.000818;0.000672
1;0.000660;0.000489
1;0.000695;0.000559
1;0.001028;0.001043
1;0.000642;0.000693
1;0.000724;0.000600
1;0.000730;0.000604
1;0.001012;0.000800
1;0.000828;0.000724
1;0.001023;0.000951
1;0.000594;0.000562
1;0.001130;0.000821
1;0.000705;0.000758
1;0.000658;0.000646
1;0.001050;0.001021
1;0.000846;0.000721
