nThread;timeInit;timeCount
4;0.000547;0.000314
4;0.000948;0.000341
4;0.001678;0.000211
4;0.003655;0.000160
4;0.000905;0.000203
4;0.001121;0.000206
4;0.000729;0.000221
4;0.000878;0.000367
4;0.000543;0.000296
4;0.000803;0.000191
4;0.000925;0.000349
4;0.001221;0.000201
4;0.001324;0.000224
4;0.000575;0.000332
4;0.001056;0.000209
4;0.001487;0.000207
4;0.001504;0.000359
4;0.001124;0.000216
4;0.001421;0.000349
4;0.001302;0.000368
