nThread;timeInit;timeCount
2;0.000474;0.000251
2;0.000439;0.000149
2;0.000515;0.000154
2;0.000849;0.000416
2;0.000523;0.000418
2;0.001208;0.000188
2;0.000896;0.000260
2;0.000415;0.000284
2;0.002102;0.000200
2;0.000674;0.000213
2;0.000738;0.000173
2;0.000386;0.000139
2;0.001029;0.000172
2;0.000714;0.000160
2;0.000541;0.000179
2;0.000450;0.000149
2;0.000421;0.000155
2;0.000496;0.000168
2;0.000501;0.000244
2;0.000960;0.000153
