nThread;timeInit;timeCount
16;0.718320;1.007054
16;0.527893;0.929968
16;0.626671;0.860159
16;0.746967;1.060504
16;0.878454;0.939986
16;0.605461;0.770131
16;0.704675;0.910135
16;0.647324;0.890139
16;0.657124;0.780117
16;0.476756;0.930135
16;0.594306;0.679999
16;0.898793;1.019949
16;0.576841;0.680148
16;0.757840;0.769964
16;0.620763;0.925887
16;0.756379;1.082830
16;0.647460;1.090022
16;0.656127;0.819954
16;0.596004;0.929972
16;0.825290;0.999902
