nThread;timeInit;timeCount
2;0.000522;0.002988
2;0.000085;0.001905
2;0.000319;0.001793
2;0.000525;0.001774
2;0.000112;0.001812
2;0.000117;0.003140
2;0.000520;0.001958
2;0.000172;0.002114
2;0.000087;0.001872
2;0.000103;0.002172
2;0.000096;0.001803
2;0.000089;0.001921
2;0.000092;0.001912
2;0.000145;0.002384
2;0.000104;0.001784
2;0.000144;0.001852
2;0.000096;0.001858
2;0.000094;0.001940
2;0.000532;0.002033
2;0.000084;0.001941
