nThread;timeInit;timeCount
16;0.027852;0.309210
16;0.028111;0.209148
16;0.046229;0.380859
16;0.000581;0.387767
16;0.000581;0.357884
16;0.046463;0.380823
16;0.000547;0.367525
16;0.026771;0.240841
16;0.054606;0.350856
16;0.038291;0.370830
16;0.026475;0.320911
16;0.009836;0.288567
16;0.034124;0.271715
16;0.009399;0.358011
16;0.026853;0.238213
16;0.028764;0.328860
16;0.028468;0.368853
16;0.019117;0.448546
16;0.036743;0.320905
16;0.026320;0.379391
