nThread;timeInit;timeCount
1;0.000152;0.001747
1;0.000143;0.001815
1;0.000225;0.002070
1;0.000132;0.001732
1;0.000129;0.001529
1;0.000138;0.001467
1;0.000134;0.001445
1;0.000134;0.001426
1;0.000187;0.001463
1;0.000138;0.001417
1;0.000186;0.001697
1;0.000171;0.001612
1;0.000148;0.001699
1;0.000139;0.001502
1;0.000141;0.001514
1;0.000157;0.001649
1;0.000168;0.002194
1;0.000159;0.001868
1;0.000158;0.001755
1;0.000168;0.001543
