nThread;timeInit;timeCount
8;0.002293;0.019333
8;0.002698;0.010922
8;0.004348;0.012197
8;0.004548;0.019522
8;0.001830;0.019605
8;0.008108;0.016186
8;0.003471;0.020790
8;0.000110;0.011667
8;0.003680;0.020926
8;0.000144;0.013730
8;0.004607;0.013121
8;0.001432;0.018743
8;0.005015;0.013342
8;0.002312;0.012629
8;0.010414;0.014465
8;0.005170;0.016436
8;0.002902;0.018497
8;0.000090;0.026759
8;0.003329;0.019988
8;0.001899;0.018230
