nThread;timeInit;timeCount
1;0.000171;0.002138
1;0.000212;0.001537
1;0.000185;0.001551
1;0.000230;0.001847
1;0.000191;0.002041
1;0.000201;0.001529
1;0.000220;0.001443
1;0.000337;0.007956
1;0.000185;0.001873
1;0.000324;0.001957
1;0.000313;0.002126
1;0.000190;0.001540
1;0.000198;0.001496
1;0.000301;0.001572
1;0.000210;0.001653
1;0.000190;0.001558
1;0.000216;0.001389
1;0.000199;0.001631
1;0.000202;0.001492
1;0.000212;0.001745
