nThread;timeInit;timeCount
4;0.000100;0.003756
4;0.001099;0.002713
4;0.000124;0.002965
4;0.000400;0.002606
4;0.000539;0.002735
4;0.000540;0.002933
4;0.000616;0.003207
4;0.000672;0.003126
4;0.000332;0.002749
4;0.000671;0.003197
4;0.000111;0.003006
4;0.000182;0.003042
4;0.000477;0.002776
4;0.000472;0.002826
4;0.000095;0.003108
4;0.000614;0.002854
4;0.001075;0.002631
4;0.000576;0.002717
4;0.000333;0.002504
4;0.000062;0.002596
