nThread;timeInit;timeCount
1;0.015611;0.007220
1;0.015380;0.007234
1;0.014910;0.006921
1;0.014755;0.007232
1;0.015105;0.006779
1;0.013908;0.006894
1;0.015216;0.006801
1;0.014870;0.006921
1;0.014843;0.006941
1;0.014000;0.006863
1;0.015086;0.006874
1;0.014218;0.007158
1;0.015400;0.007683
1;0.014560;0.007052
1;0.014434;0.006983
1;0.015963;0.006983
1;0.014578;0.007248
1;0.014200;0.007757
1;0.014812;0.007030
1;0.014387;0.006731
