nThread;timeInit;timeCount
4;0.009773;0.009713
4;0.007011;0.007552
4;0.007659;0.007619
4;0.008348;0.007769
4;0.007355;0.007218
4;0.008117;0.007823
4;0.007377;0.007823
4;0.006809;0.007854
4;0.007355;0.008491
4;0.007172;0.007338
4;0.006316;0.006704
4;0.009014;0.008452
4;0.006690;0.008104
4;0.008444;0.007784
4;0.007565;0.008082
4;0.008741;0.008036
4;0.007913;0.007422
4;0.008550;0.008796
4;0.008823;0.007850
4;0.006915;0.006934
