nThread;timeInit;timeCount
8;0.015529;0.015040
8;0.010309;0.017030
8;0.005687;0.014063
8;0.006297;0.018939
8;0.011071;0.016919
8;0.010616;0.014962
8;0.009027;0.023072
8;0.007305;0.017499
8;0.006803;0.021353
8;0.005520;0.019678
8;0.011163;0.016499
8;0.010686;0.019327
8;0.010433;0.014048
8;0.008714;0.016178
8;0.007482;0.025824
8;0.007282;0.015612
8;0.010459;0.014446
8;0.009880;0.036980
8;0.009351;0.019099
8;0.007791;0.014200
