nThread;timeInit;timeCount
1;0.015082;0.006839
1;0.015488;0.006592
1;0.015736;0.006930
1;0.013873;0.006830
1;0.015384;0.006793
1;0.015075;0.006787
1;0.014765;0.007554
1;0.016414;0.006768
1;0.015373;0.006480
1;0.014797;0.007259
1;0.021114;0.008847
1;0.014315;0.006883
1;0.015172;0.006642
1;0.017676;0.006763
1;0.014380;0.007136
1;0.016651;0.006990
1;0.020155;0.008880
1;0.017450;0.006851
1;0.014515;0.007005
1;0.015034;0.006840
