nThread;timeInit;timeCount
2;0.009045;0.007380
2;0.009988;0.009678
2;0.008786;0.006377
2;0.014551;0.006600
2;0.008598;0.007249
2;0.014808;0.008520
2;0.013078;0.009450
2;0.009944;0.006817
2;0.008958;0.006420
2;0.008763;0.006516
2;0.008553;0.006297
2;0.008401;0.006047
2;0.011719;0.010033
2;0.012808;0.006635
2;0.007996;0.006041
2;0.013589;0.009400
2;0.009305;0.006039
2;0.008113;0.005983
2;0.008603;0.006058
2;0.008287;0.005965
