nThread;timeInit;timeCount
16;0.030801;0.297775
16;0.025357;0.328025
16;0.076634;0.311939
16;0.075655;0.374222
16;0.067180;0.251529
16;0.066360;0.361969
16;0.020578;0.417909
16;0.068903;0.351712
16;0.085951;0.372101
16;0.021329;0.337379
16;0.086497;0.392601
16;0.020783;0.327686
16;0.048141;0.311638
16;0.037986;0.321924
16;0.067852;0.351836
16;0.038096;0.401632
16;0.076974;0.292099
16;0.038584;0.481286
16;0.021497;0.237379
16;0.037742;0.431917
