nThread;timeInit;timeCount
1;0.001404;0.016741
1;0.001464;0.012550
1;0.001013;0.013887
1;0.001198;0.012866
1;0.001248;0.012519
1;0.001163;0.014646
1;0.001170;0.012064
1;0.001492;0.012061
1;0.001067;0.013136
1;0.001208;0.017051
1;0.001462;0.017054
1;0.001245;0.016419
1;0.001017;0.015228
1;0.001529;0.016845
1;0.002078;0.023148
1;0.001887;0.019211
1;0.001943;0.016618
1;0.001267;0.013356
1;0.001315;0.012958
1;0.001544;0.013428
