nThread;timeInit;timeCount
2;0.000879;0.001205
2;0.000409;0.001132
2;0.000785;0.001251
2;0.000475;0.001261
2;0.000907;0.001253
2;0.000503;0.001220
2;0.001544;0.001312
2;0.000521;0.001168
2;0.001101;0.001245
2;0.000912;0.001174
2;0.000696;0.001535
2;0.000437;0.001203
2;0.000470;0.001157
2;0.000542;0.001322
2;0.000496;0.001450
2;0.000853;0.001187
2;0.000510;0.001228
2;0.000647;0.001796
2;0.002243;0.001271
2;0.000520;0.001512
