nThread;timeInit;timeCount
8;0.024818;0.007472
8;0.040262;0.036546
8;0.043087;0.027628
8;0.019235;0.023451
8;0.001121;0.009954
8;0.006715;0.010594
8;0.024538;0.048205
8;0.008479;0.002702
8;0.000908;0.003483
8;0.001155;0.002466
8;0.009737;0.002405
8;0.000861;0.002660
8;0.001277;0.002413
8;0.002625;0.002507
8;0.045416;0.035355
8;0.014492;0.040499
8;0.025266;0.031900
8;0.018758;0.043131
8;0.033705;0.056831
8;0.027347;0.037541
