nThread;timeInit;timeCount
1;0.001226;0.001986
1;0.000892;0.001514
1;0.001000;0.001748
1;0.000652;0.001518
1;0.000765;0.001353
1;0.000704;0.001531
1;0.000678;0.001414
1;0.001218;0.001553
1;0.001089;0.001875
1;0.000734;0.001404
1;0.000783;0.001333
1;0.000626;0.001443
1;0.000750;0.001320
1;0.000693;0.001411
1;0.001134;0.001689
1;0.001144;0.001771
1;0.000660;0.001550
1;0.000752;0.001565
1;0.000639;0.001534
1;0.000730;0.001463
