nThread;timeInit;timeCount
4;0.000548;0.001781
4;0.000448;0.002085
4;0.000999;0.002033
4;0.000624;0.002072
4;0.000845;0.002224
4;0.000549;0.002024
4;0.000650;0.002186
4;0.001097;0.001820
4;0.000540;0.002019
4;0.000690;0.002138
4;0.001573;0.002172
4;0.000500;0.002054
4;0.000913;0.002167
4;0.000706;0.001936
4;0.001410;0.001826
4;0.000530;0.002264
4;0.000474;0.002219
4;0.000818;0.002784
4;0.000542;0.002191
4;0.001263;0.001941
