nThread;timeInit;timeCount
1;0.000765;0.001670
1;0.000643;0.001151
1;0.000627;0.001129
1;0.000582;0.000937
1;0.000660;0.001190
1;0.000568;0.001138
1;0.000562;0.000969
1;0.000577;0.001252
1;0.000566;0.000913
1;0.000529;0.001137
1;0.000592;0.000914
1;0.000647;0.001070
1;0.000517;0.000988
1;0.000523;0.001111
1;0.000759;0.001003
1;0.000578;0.001326
1;0.000590;0.000944
1;0.000562;0.000942
1;0.000562;0.001004
1;0.001113;0.001105
