nThread;timeInit;timeCount
16;0.645213;0.945494
16;0.607314;0.729988
16;0.704976;0.923597
16;0.467134;0.869937
16;0.737266;0.769979
16;0.617089;1.050643
16;0.816677;0.980292
16;0.717410;0.799892
16;0.687867;0.969991
16;0.720672;1.049336
16;0.717859;1.090559
16;0.677680;0.830004
16;0.806528;1.091483
16;0.657174;1.249030
16;0.744374;1.049993
16;0.657468;1.030004
16;0.796230;0.981628
16;0.567970;0.929924
16;0.516626;0.789966
16;0.649140;0.970598
