nThread;timeInit;timeCount
2;0.093145;0.053292
2;0.099213;0.047607
2;0.108234;0.047275
2;0.095305;0.068521
2;0.117330;0.063582
2;0.093132;0.047665
2;0.102501;0.049702
2;0.102736;0.057339
2;0.095842;0.049071
2;0.094289;0.048202
2;0.091752;0.047842
2;0.092853;0.048062
2;0.103705;0.053315
2;0.094974;0.052936
2;0.089482;0.048641
2;0.106991;0.048501
2;0.090092;0.048265
2;0.097382;0.048038
2;0.094288;0.068755
2;0.097196;0.049200
