nThread;timeInit;timeCount
16;0.717819;0.965682
16;0.619597;0.768435
16;0.629540;0.980400
16;0.748411;0.812281
16;0.846886;0.920590
16;0.776483;0.772423
16;0.698536;1.320282
16;0.819862;1.137455
16;0.736173;0.801094
16;0.871263;1.270314
16;0.686684;1.188802
16;0.617666;0.997729
16;0.706567;1.144526
16;0.635061;0.950137
16;0.696242;0.930295
16;0.690465;1.121190
16;0.647748;0.917924
16;0.574160;0.738018
16;0.886540;0.854643
16;0.786674;0.930082
