nThread;timeInit;timeCount
1;0.136867;0.063318
1;0.137482;0.060838
1;0.154370;0.060563
1;0.146655;0.063351
1;0.139472;0.063303
1;0.138516;0.063161
1;0.139901;0.062504
1;0.136738;0.063823
1;0.137236;0.061348
1;0.136906;0.060620
1;0.134663;0.061410
1;0.138750;0.080298
1;0.144655;0.066586
1;0.140553;0.064084
1;0.141662;0.062762
1;0.137568;0.061617
1;0.138709;0.061740
1;0.136515;0.059006
1;0.139579;0.060674
1;0.133962;0.060478
