nThread;timeInit;timeCount
1;0.584617;0.613902
1;0.500523;0.503674
1;0.533629;0.533970
1;0.500260;0.511864
1;0.507295;0.521982
1;0.610942;0.534379
1;0.504498;0.506031
1;0.521772;0.503744
1;0.477814;0.508045
1;0.515757;0.547424
1;0.572950;0.586281
1;0.523528;0.510000
1;0.520988;0.511764
1;0.533935;0.500841
1;0.529827;0.581277
1;0.562091;0.512028
1;0.507271;0.501236
1;0.519438;0.535193
1;0.498917;0.489359
1;0.536454;0.652948
