nThread;timeInit;timeCount
4;0.089373;0.057679
4;0.090012;0.060617
4;0.081416;0.079540
4;0.086721;0.053700
4;0.089193;0.053480
4;0.078202;0.060058
4;0.082125;0.061010
4;0.086773;0.054849
4;0.087098;0.055303
4;0.077591;0.049078
4;0.084317;0.055437
4;0.085533;0.060429
4;0.087351;0.060161
4;0.099955;0.070533
4;0.078500;0.052852
4;0.083528;0.054463
4;0.081930;0.054111
4;0.086884;0.058930
4;0.084516;0.059225
4;0.080089;0.055100
