nThread;timeInit;timeCount
8;0.068212;0.050145
8;0.066045;0.050148
8;0.066045;0.049875
8;0.069392;0.048762
8;0.067367;0.079102
8;0.069159;0.049454
8;0.078866;0.049302
8;0.066720;0.049923
8;0.064957;0.049991
8;0.068877;0.054941
8;0.068273;0.053313
8;0.067672;0.053671
8;0.065437;0.050253
8;0.071693;0.051023
8;0.067694;0.049955
8;0.070283;0.063447
8;0.068597;0.052241
8;0.067164;0.050621
8;0.067811;0.051149
8;0.068672;0.050946
