nThread;timeInit;timeCount
16;0.558303;1.020303
16;0.426969;1.287867
16;0.456608;1.068197
16;0.287243;1.167870
16;0.466921;1.458163
16;0.417003;1.548012
16;0.386367;1.287658
16;0.567151;1.797137
16;0.287503;1.240910
16;0.634406;0.977746
16;0.446795;1.218117
16;0.098090;1.527048
16;0.806818;1.621040
16;0.192894;0.986974
16;0.499960;1.077778
16;0.408319;1.500900
16;0.279926;1.667262
16;0.456900;1.678031
16;0.738638;1.683538
16;0.466957;1.319059
