nThread;timeInit;timeCount
8;0.041537;0.195847
8;0.049198;0.221662
8;0.048140;0.211344
8;0.059951;0.235434
8;0.040569;0.186259
8;0.040370;0.184561
8;0.040914;0.185533
8;0.039287;0.183983
8;0.039766;0.199361
8;0.039236;0.186122
8;0.040205;0.194473
8;0.040385;0.185050
8;0.039547;0.184998
8;0.042078;0.187762
8;0.039184;0.189033
8;0.041309;0.187450
8;0.040336;0.187737
8;0.040216;0.184260
8;0.038805;0.184929
8;0.040983;0.188254
