nThread;timeInit;timeCount
1;0.121395;0.072686
1;0.114736;0.073045
1;0.113654;0.074064
1;0.115988;0.075562
1;0.119958;0.075345
1;0.114653;0.073120
1;0.116183;0.073652
1;0.118543;0.074171
1;0.117602;0.073607
1;0.115518;0.072211
1;0.113679;0.074054
1;0.116917;0.073506
1;0.117703;0.075216
1;0.121843;0.071789
1;0.114747;0.073213
1;0.115453;0.074291
1;0.129614;0.073337
1;0.116750;0.082746
1;0.113849;0.072222
1;0.115447;0.074126
