nThread;timeInit;timeCount
2;0.086301;0.079087
2;0.072286;0.075788
2;0.080440;0.076763
2;0.077529;0.087585
2;0.070819;0.081993
2;0.084566;0.078865
2;0.074025;0.080539
2;0.082256;0.085355
2;0.073013;0.077345
2;0.091933;0.091234
2;0.071190;0.076993
2;0.084903;0.079769
2;0.079260;0.097715
2;0.092498;0.075985
2;0.089618;0.081948
2;0.081712;0.104436
2;0.077219;0.083484
2;0.070944;0.081242
2;0.077026;0.083824
2;0.074775;0.102932
