nThread;timeInit;timeCount
1;0.134781;0.057027
1;0.131483;0.057538
1;0.144327;0.059386
1;0.137118;0.057967
1;0.132645;0.057441
1;0.131024;0.056593
1;0.130761;0.057984
1;0.136042;0.057716
1;0.131932;0.057799
1;0.131087;0.056898
1;0.134588;0.058046
1;0.135023;0.057945
1;0.145031;0.060718
1;0.149239;0.057715
1;0.131451;0.056831
1;0.133051;0.055203
1;0.134487;0.057578
1;0.138677;0.057753
1;0.149368;0.055521
1;0.133892;0.065287
