nThread;timeInit;timeCount
4;0.072247;0.137707
4;0.054606;0.142527
4;0.051505;0.129082
4;0.059491;0.139229
4;0.064203;0.132249
4;0.061588;0.135284
4;0.059592;0.136999
4;0.051270;0.134144
4;0.052172;0.137302
4;0.064016;0.129030
4;0.056919;0.131130
4;0.054742;0.145411
4;0.059637;0.132597
4;0.052357;0.131828
4;0.057556;0.130020
4;0.059457;0.159956
4;0.053471;0.131931
4;0.056167;0.144554
4;0.058543;0.136182
4;0.059817;0.134927
