nThread;timeInit;timeCount
8;0.000091;0.024031
8;0.000139;0.007471
8;0.002651;0.011575
8;0.002736;0.011927
8;0.002077;0.008444
8;0.000089;0.009902
8;0.008657;0.008627
8;0.000485;0.002751
8;0.005499;0.002568
8;0.007811;0.018432
8;0.003982;0.022237
8;0.003861;0.013639
8;0.002420;0.010832
8;0.001991;0.022519
8;0.001673;0.014149
8;0.000092;0.002634
8;0.001075;0.016044
8;0.003643;0.007680
8;0.004206;0.014724
8;0.002506;0.008232
