nThread;timeInit;timeCount
16;0.023313;0.280489
16;0.028213;0.289299
16;0.031435;0.284008
16;0.027360;0.368149
16;0.031176;0.337455
16;0.009832;0.401826
16;0.031156;0.355903
16;0.038836;0.339326
16;0.011705;0.394709
16;0.026107;0.319236
16;0.018974;0.368392
16;0.050708;0.355821
16;0.045226;0.352759
16;0.035168;0.441917
16;0.084063;0.438721
16;0.038944;0.391080
16;0.039902;0.421129
16;0.036797;0.350535
16;0.009353;0.248401
16;0.027549;0.319060
