nThread;timeInit;timeCount
1;0.000155;0.000899
1;0.000160;0.000839
1;0.000198;0.000801
1;0.000143;0.000905
1;0.000153;0.000851
1;0.000174;0.000866
1;0.000163;0.001004
1;0.000204;0.000971
1;0.000138;0.000946
1;0.000152;0.000789
1;0.000135;0.000816
1;0.000147;0.000854
1;0.000164;0.001251
1;0.000273;0.000955
1;0.000310;0.001392
1;0.000276;0.001137
1;0.000145;0.000891
1;0.000166;0.000987
1;0.000149;0.000887
1;0.000164;0.000980
