nThread;timeInit;timeCount
1;0.000175;0.000735
1;0.000195;0.000771
1;0.000280;0.000692
1;0.000263;0.000853
1;0.000190;0.000709
1;0.000169;0.000716
1;0.000199;0.000796
1;0.000219;0.000768
1;0.000172;0.000745
1;0.000172;0.000671
1;0.000248;0.001054
1;0.000248;0.000899
1;0.000200;0.000669
1;0.000210;0.000768
1;0.000291;0.001003
1;0.000223;0.000746
1;0.000163;0.000753
1;0.000167;0.000660
1;0.000265;0.000922
1;0.000212;0.000797
