nThread;timeInit;timeCount
4;0.000935;0.001782
4;0.000103;0.001968
4;0.000537;0.002196
4;0.000132;0.002180
4;0.000674;0.001824
4;0.000244;0.002582
4;0.000781;0.002396
4;0.000582;0.002149
4;0.001198;0.001782
4;0.000488;0.001825
4;0.000142;0.001573
4;0.001092;0.002048
4;0.000513;0.001808
4;0.000458;0.001812
4;0.000379;0.001836
4;0.000877;0.001780
4;0.000751;0.002256
4;0.000108;0.002036
4;0.000097;0.002030
4;0.000124;0.002459
