nThread;timeInit;timeCount
2;0.000371;0.001310
2;0.000102;0.001323
2;0.000097;0.001183
2;0.000114;0.001501
2;0.000105;0.001235
2;0.000608;0.001274
2;0.000538;0.001176
2;0.000115;0.001267
2;0.000164;0.001697
2;0.000092;0.001300
2;0.000103;0.001288
2;0.000172;0.001561
2;0.000552;0.001312
2;0.000091;0.001274
2;0.000128;0.001841
2;0.000157;0.001748
2;0.000115;0.001357
2;0.000103;0.001517
2;0.000094;0.001175
2;0.000102;0.001235
