nThread;timeInit;timeCount
16;0.630474;0.947900
16;0.777873;0.989975
16;0.576638;0.939973
16;0.696270;1.189994
16;0.836142;1.139966
16;0.657837;0.765783
16;0.806880;1.150000
16;0.528240;0.899986
16;0.646714;0.980561
16;0.887161;0.950547
16;0.505100;0.839992
16;0.618286;0.856983
16;0.592361;0.839961
16;0.528704;0.787636
16;0.687521;0.764066
16;0.817327;1.075496
16;0.746505;1.139980
16;0.737747;0.658465
16;0.736027;0.980009
16;0.785646;0.930238
