nThread;timeInit;timeCount
8;0.019382;0.025858
8;0.002187;0.036964
8;0.027442;0.040986
8;0.030317;0.025976
8;0.024148;0.018341
8;0.043921;0.033476
8;0.040911;0.071716
8;0.032164;0.029235
8;0.036117;0.035146
8;0.035256;0.048441
8;0.015053;0.007277
8;0.014707;0.005555
8;0.008379;0.067176
8;0.027126;0.022782
8;0.031022;0.029434
8;0.042595;0.023745
8;0.028020;0.015493
8;0.034138;0.033777
8;0.002614;0.002632
8;0.027052;0.031591
