nThread;timeInit;timeCount
4;0.001385;0.002145
4;0.001668;0.002334
4;0.002290;0.002204
4;0.001225;0.002373
4;0.002254;0.002148
4;0.001027;0.002178
4;0.001262;0.002310
4;0.001235;0.002378
4;0.001125;0.001975
4;0.002036;0.002095
4;0.001355;0.002124
4;0.001175;0.003511
4;0.002126;0.002164
4;0.001819;0.002360
4;0.002022;0.002150
4;0.001163;0.002189
4;0.001718;0.002419
4;0.001764;0.002266
4;0.001820;0.003068
4;0.001797;0.002951
