nThread;timeInit;timeCount
1;0.006518;0.006819
1;0.006058;0.008057
1;0.006562;0.007756
1;0.006425;0.006965
1;0.006148;0.007082
1;0.005220;0.007192
1;0.006304;0.007299
1;0.006726;0.006691
1;0.005982;0.006639
1;0.006354;0.007352
1;0.006595;0.007015
1;0.005943;0.007141
1;0.005153;0.006389
1;0.005505;0.006978
1;0.006333;0.007208
1;0.006372;0.007164
1;0.006560;0.006805
1;0.006189;0.008349
1;0.006787;0.007297
1;0.006742;0.007208
