nThread;timeInit;timeCount
1;0.002082;0.001992
1;0.002184;0.002354
1;0.002474;0.002456
1;0.002064;0.002314
1;0.002036;0.002073
1;0.002119;0.002255
1;0.003151;0.002914
1;0.001946;0.002357
1;0.002939;0.002256
1;0.002732;0.002139
1;0.002022;0.001998
1;0.002344;0.002237
1;0.002642;0.002515
1;0.002090;0.002550
1;0.002412;0.002141
1;0.002683;0.001986
1;0.002259;0.002408
1;0.002292;0.002063
1;0.002083;0.002051
1;0.002085;0.002290
