nThread;timeInit;timeCount
2;0.001302;0.002294
2;0.001912;0.002164
2;0.002031;0.002007
2;0.001400;0.001947
2;0.001872;0.001905
2;0.001665;0.002053
2;0.001716;0.001912
2;0.001446;0.002127
2;0.001328;0.001937
2;0.001279;0.001867
2;0.001391;0.001965
2;0.001364;0.001981
2;0.001760;0.002216
2;0.001388;0.002038
2;0.001379;0.002089
2;0.001817;0.001856
2;0.001786;0.001853
2;0.001300;0.001900
2;0.001894;0.001949
2;0.001657;0.001933
