nThread;timeInit;timeCount
1;0.000250;0.000581
1;0.000307;0.000706
1;0.000283;0.000668
1;0.000172;0.000506
1;0.000253;0.000513
1;0.000155;0.000532
1;0.000180;0.000518
1;0.000234;0.000814
1;0.000171;0.000543
1;0.000173;0.000468
1;0.000189;0.000518
1;0.000276;0.000663
1;0.000195;0.000662
1;0.000180;0.000521
1;0.000182;0.000520
1;0.000186;0.000622
1;0.000173;0.000501
1;0.000183;0.000482
1;0.000267;0.000566
1;0.000184;0.000512
