nThread;timeInit;timeCount
1;0.000144;0.000721
1;0.000242;0.001263
1;0.000186;0.000861
1;0.000135;0.000712
1;0.000131;0.000670
1;0.000127;0.000664
1;0.000131;0.000664
1;0.000133;0.000690
1;0.000155;0.000806
1;0.000199;0.001071
1;0.000225;0.001103
1;0.000137;0.000736
1;0.000128;0.000715
1;0.000129;0.000811
1;0.000139;0.000664
1;0.000171;0.000708
1;0.000152;0.000765
1;0.000148;0.001010
1;0.000158;0.000826
1;0.000230;0.001085
