nThread;timeInit;timeCount
2;0.000353;0.001468
2;0.000130;0.001297
2;0.000145;0.001577
2;0.000103;0.001105
2;0.000155;0.001765
2;0.000146;0.001386
2;0.000102;0.001199
2;0.000163;0.001035
2;0.000093;0.001128
2;0.000747;0.001245
2;0.000529;0.001022
2;0.000148;0.001401
2;0.000779;0.001571
2;0.000132;0.001530
2;0.000086;0.001021
2;0.000258;0.001133
2;0.000241;0.001676
2;0.000089;0.001075
2;0.000204;0.001071
2;0.000211;0.001142
