nThread;timeInit;timeCount
8;0.001154;0.009373
8;0.002250;0.011993
8;0.002672;0.013185
8;0.003534;0.010176
8;0.000086;0.009384
8;0.005537;0.018126
8;0.005787;0.013408
8;0.002901;0.028002
8;0.001202;0.003651
8;0.001120;0.016984
8;0.002007;0.012340
8;0.002425;0.014104
8;0.007226;0.010810
8;0.000153;0.010935
8;0.004871;0.020931
8;0.003544;0.017456
8;0.003596;0.016399
8;0.002491;0.018409
8;0.006217;0.005883
8;0.004622;0.009218
