nThread;timeInit;timeCount
16;0.037485;0.220564
16;0.036174;0.430753
16;0.027637;0.300373
16;0.035130;0.310596
16;0.028095;0.218891
16;0.029961;0.257614
16;0.028582;0.400571
16;0.056895;0.230437
16;0.009474;0.388376
16;0.010477;0.277864
16;0.026833;0.310592
16;0.027487;0.320573
16;0.027097;0.310581
16;0.009343;0.367367
16;0.019485;0.309477
16;0.020202;0.277954
16;0.027581;0.390578
16;0.009192;0.368582
16;0.023144;0.228763
16;0.028752;0.398568
