nThread;timeInit;timeCount
4;0.000092;0.001973
4;0.000105;0.002141
4;0.000101;0.002165
4;0.000569;0.001925
4;0.000297;0.001946
4;0.000768;0.002209
4;0.000810;0.001970
4;0.000064;0.001985
4;0.000101;0.002224
4;0.000524;0.002066
4;0.000864;0.002143
4;0.000875;0.002081
4;0.000114;0.002053
4;0.000136;0.002083
4;0.000138;0.002257
4;0.000222;0.002099
4;0.000116;0.002097
4;0.000284;0.002320
4;0.000110;0.002368
4;0.000124;0.002028
