nThread;timeInit;timeCount
1;0.520282;0.600167
1;0.596390;0.581471
1;0.525785;0.562407
1;0.539890;0.539159
1;0.512521;0.546135
1;0.563920;0.687199
1;0.606286;0.533785
1;0.507576;0.537639
1;0.516945;0.531482
1;0.517114;0.522204
1;0.646442;0.604283
1;0.487165;0.512703
1;0.508155;0.511535
1;0.500017;0.537160
1;0.521571;0.584729
1;0.601324;0.556344
1;0.489402;0.530575
1;0.539237;0.506401
1;0.511342;0.530519
1;0.484104;0.669332
