nThread;timeInit;timeCount
1;0.148139;0.130244
1;0.154893;0.096229
1;0.149835;0.096616
1;0.132132;0.094518
1;0.131364;0.086825
1;0.137720;0.089671
1;0.132706;0.087931
1;0.133056;0.092023
1;0.129150;0.086653
1;0.141931;0.086478
1;0.131507;0.088290
1;0.132829;0.090036
1;0.146513;0.106091
1;0.139261;0.086542
1;0.132014;0.090660
1;0.130690;0.085549
1;0.134623;0.086014
1;0.129636;0.087786
1;0.134031;0.090889
1;0.132090;0.087367
