nThread;timeInit;timeCount
8;0.069187;0.213862
8;0.066507;0.214402
8;0.102085;0.233137
8;0.068150;0.208955
8;0.065545;0.206845
8;0.066344;0.206244
8;0.064500;0.211132
8;0.064938;0.206417
8;0.070346;0.231603
8;0.068720;0.205191
8;0.066430;0.212280
8;0.068731;0.215989
8;0.074428;0.215659
8;0.069293;0.208040
8;0.068689;0.236332
8;0.066537;0.205910
8;0.065331;0.227149
8;0.067182;0.203125
8;0.067285;0.206228
8;0.067507;0.207325
