nThread;timeInit;timeCount
2;0.104847;0.123153
2;0.093343;0.106030
2;0.096244;0.115363
2;0.094537;0.112675
2;0.117555;0.117199
2;0.099839;0.113854
2;0.100064;0.114599
2;0.125471;0.153368
2;0.112903;0.137903
2;0.114427;0.118758
2;0.110305;0.106382
2;0.097806;0.117554
2;0.095466;0.137689
2;0.101557;0.101175
2;0.099476;0.105698
2;0.111567;0.121951
2;0.109774;0.111303
2;0.102284;0.106999
2;0.098977;0.114264
2;0.098300;0.102358
