nThread;timeInit;timeCount
16;0.707268;1.721773
16;0.898353;1.572959
16;0.694486;1.650331
16;0.816204;1.540409
16;0.828497;1.738858
16;0.764370;1.580312
16;0.997778;1.906546
16;0.901779;1.907479
16;0.997451;2.004876
16;0.836885;1.930304
16;0.805937;1.502898
16;0.696605;1.442501
16;0.797105;2.097627
16;0.605176;1.379996
16;0.866675;1.450282
16;0.610073;1.323402
16;0.811583;1.873664
16;0.696901;2.000283
16;0.724914;1.453740
16;0.746931;1.670018
