nThread;timeInit;timeCount
4;0.084792;0.159871
4;0.079968;0.160804
4;0.078216;0.162569
4;0.081418;0.158890
4;0.077992;0.157028
4;0.080070;0.160674
4;0.079074;0.157426
4;0.083656;0.190910
4;0.082130;0.169014
4;0.083175;0.156684
4;0.074086;0.158055
4;0.073322;0.161126
4;0.081480;0.166547
4;0.081370;0.161464
4;0.084942;0.173237
4;0.080688;0.158983
4;0.075185;0.167716
4;0.079579;0.162668
4;0.076594;0.165325
4;0.075338;0.167823
