nThread;timeInit;timeCount
1;0.014347;0.007550
1;0.015810;0.007184
1;0.016025;0.007953
1;0.014278;0.007633
1;0.014020;0.007489
1;0.014832;0.007490
1;0.014071;0.007486
1;0.015097;0.007339
1;0.013922;0.008126
1;0.014091;0.007778
1;0.014887;0.007587
1;0.014334;0.007451
1;0.015672;0.007279
1;0.013926;0.007256
1;0.015078;0.007727
1;0.014791;0.007364
1;0.013716;0.008056
1;0.016093;0.008780
1;0.014629;0.007808
1;0.015838;0.007466
