nThread;timeInit;timeCount
2;0.009948;0.007514
2;0.009788;0.008144
2;0.009258;0.007917
2;0.010069;0.007790
2;0.009998;0.007395
2;0.009989;0.007379
2;0.010266;0.008127
2;0.009686;0.007422
2;0.009108;0.007701
2;0.010068;0.007641
2;0.013076;0.008557
2;0.009881;0.007767
2;0.009871;0.007421
2;0.009870;0.007529
2;0.009779;0.008111
2;0.009819;0.007520
2;0.009591;0.007897
2;0.010732;0.010153
2;0.009741;0.009806
2;0.009874;0.007341
