nThread;timeInit;timeCount
16;0.805405;1.069995
16;0.617787;0.760022
16;0.689153;0.756878
16;0.701172;0.959578
16;0.926788;1.005503
16;0.776745;0.639710
16;0.776212;0.720008
16;0.796650;0.929653
16;0.758490;0.985146
16;0.756572;0.920005
16;0.727752;0.689671
16;0.712597;0.809618
16;0.648188;1.071707
16;0.748353;1.179414
16;0.606769;0.879607
16;0.496437;0.720041
16;0.667632;0.770013
16;0.767274;1.110010
16;0.716261;1.029981
16;0.597322;0.919988
