nThread;timeInit;timeCount
4;0.009358;0.008837
4;0.009986;0.009815
4;0.008872;0.008342
4;0.009915;0.008313
4;0.010400;0.008999
4;0.012868;0.007734
4;0.010292;0.009397
4;0.009306;0.010134
4;0.010879;0.011042
4;0.011549;0.008790
4;0.009782;0.007838
4;0.009922;0.009507
4;0.010269;0.008328
4;0.008948;0.009122
4;0.011334;0.008098
4;0.008949;0.009451
4;0.009447;0.009711
4;0.010150;0.009640
4;0.009926;0.009541
4;0.010465;0.010113
