nThread;timeInit;timeCount
1;0.015613;0.008732
1;0.015080;0.006649
1;0.017622;0.009242
1;0.018234;0.009871
1;0.015782;0.007699
1;0.019493;0.011851
1;0.014627;0.009432
1;0.018088;0.007525
1;0.014960;0.009250
1;0.015856;0.009073
1;0.015686;0.009467
1;0.018466;0.008106
1;0.017381;0.008058
1;0.018315;0.008436
1;0.016699;0.008311
1;0.017535;0.009606
1;0.017792;0.008457
1;0.017318;0.008149
1;0.017044;0.009344
1;0.017274;0.008253
