nThread;timeInit;timeCount
8;0.026843;0.025087
8;0.030053;0.055205
8;0.010865;0.035248
8;0.034883;0.018589
8;0.034806;0.014043
8;0.030532;0.027471
8;0.039085;0.037459
8;0.048106;0.025931
8;0.037503;0.064230
8;0.037169;0.036306
8;0.032739;0.030931
8;0.034561;0.051469
8;0.033091;0.031690
8;0.042287;0.058347
8;0.041258;0.036489
8;0.040610;0.039506
8;0.020634;0.049439
8;0.035504;0.047781
8;0.040488;0.037843
8;0.034522;0.039719
