nThread;timeInit;timeCount
4;0.000182;0.057167
4;0.001156;0.066427
4;0.002892;0.058772
4;0.000190;0.083867
4;0.001901;0.063576
4;0.001838;0.067041
4;0.000439;0.057646
4;0.000257;0.125571
4;0.000182;0.054095
4;0.000214;0.054647
4;0.000191;0.064045
4;0.003375;0.064093
4;0.000187;0.062526
4;0.003869;0.058726
4;0.000549;0.059549
4;0.003218;0.064039
4;0.000195;0.058469
4;0.000187;0.055100
4;0.000663;0.057183
4;0.000189;0.054763
