nThread;timeInit;timeCount
2;0.000177;0.025824
2;0.000304;0.022157
2;0.000268;0.031026
2;0.000257;0.023300
2;0.000212;0.023350
2;0.000181;0.022003
2;0.000204;0.023335
2;0.000252;0.021199
2;0.000310;0.026088
2;0.000473;0.037715
2;0.001118;0.024603
2;0.000177;0.020812
2;0.002949;0.030198
2;0.000331;0.019910
2;0.000351;0.024483
2;0.000203;0.021349
2;0.000257;0.024847
2;0.000169;0.021286
2;0.000267;0.020886
2;0.000328;0.020143
