nThread;timeInit;timeCount
8;0.024877;0.319647
8;0.031831;0.341717
8;0.037844;0.299678
8;0.004081;0.324324
8;0.036913;0.245405
8;0.036798;0.296524
8;0.000171;0.405481
8;0.033394;0.309371
8;0.054058;0.267988
8;0.024189;0.397996
8;0.000171;0.304861
8;0.027211;0.363378
8;0.043997;0.372909
8;0.025140;0.384411
8;0.038350;0.354575
8;0.002634;0.317790
8;0.000169;0.280027
8;0.000176;0.363769
8;0.038366;0.316171
8;0.021789;0.316894
