nThread;timeInit;timeCount
1;0.000338;0.003940
1;0.000204;0.002223
1;0.000206;0.002315
1;0.000199;0.002188
1;0.000933;0.002623
1;0.000204;0.002383
1;0.000207;0.002232
1;0.000218;0.002960
1;0.000329;0.003275
1;0.000203;0.002586
1;0.000253;0.003327
1;0.000357;0.002531
1;0.000283;0.002580
1;0.000235;0.002426
1;0.000312;0.002699
1;0.000384;0.003287
1;0.000207;0.002695
1;0.000216;0.002682
1;0.000293;0.002604
1;0.000206;0.002586
