nThread;timeInit;timeCount
1;0.121636;0.073696
1;0.119545;0.075667
1;0.119676;0.073457
1;0.122632;0.075172
1;0.117686;0.075890
1;0.118181;0.070982
1;0.095856;0.060227
1;0.095836;0.061670
1;0.139695;0.082935
1;0.130494;0.075047
1;0.127659;0.073907
1;0.119508;0.075270
1;0.117092;0.076166
1;0.123489;0.078280
1;0.118216;0.074568
1;0.118272;0.073670
1;0.128569;0.073878
1;0.117389;0.079800
1;0.125250;0.073033
1;0.116539;0.076837
