nThread;timeInit;timeCount
1;0.124985;0.048053
1;0.116516;0.047703
1;0.122759;0.056040
1;0.116782;0.048230
1;0.121283;0.048053
1;0.116657;0.052048
1;0.120818;0.049289
1;0.113945;0.048308
1;0.117238;0.051684
1;0.118223;0.049665
1;0.117826;0.048657
1;0.116933;0.051071
1;0.118851;0.048520
1;0.117413;0.048416
1;0.118215;0.048550
1;0.119695;0.050001
1;0.109742;0.038940
1;0.097854;0.037519
1;0.095924;0.038038
1;0.107970;0.048292
