nThread;timeInit;timeCount
8;0.041788;0.184616
8;0.041232;0.186258
8;0.040861;0.186535
8;0.042423;0.187021
8;0.040915;0.188618
8;0.042403;0.190818
8;0.040530;0.200306
8;0.063010;0.203709
8;0.040756;0.185742
8;0.040394;0.192107
8;0.041603;0.185415
8;0.056583;0.193928
8;0.047010;0.209976
8;0.057942;0.198549
8;0.059942;0.199922
8;0.047971;0.206916
8;0.051802;0.198149
8;0.074338;0.216964
8;0.076191;0.238558
8;0.102776;0.207824
