nThread;timeInit;timeCount
4;0.059226;0.135442
4;0.057308;0.133655
4;0.058580;0.133478
4;0.057992;0.135072
4;0.059753;0.135068
4;0.054288;0.138241
4;0.057495;0.136835
4;0.082939;0.136163
4;0.062778;0.152546
4;0.055703;0.133514
4;0.059755;0.134114
4;0.057856;0.128404
4;0.050771;0.133876
4;0.057158;0.178522
4;0.054217;0.135255
4;0.057566;0.136359
4;0.057861;0.143553
4;0.057215;0.137671
4;0.050411;0.128279
4;0.060903;0.134752
