nThread;timeInit;timeCount
2;0.076578;0.080991
2;0.079637;0.094833
2;0.074551;0.083443
2;0.076129;0.080703
2;0.092314;0.089178
2;0.078597;0.082464
2;0.080941;0.087281
2;0.074718;0.102886
2;0.076818;0.089755
2;0.081061;0.084520
2;0.079754;0.083349
2;0.085984;0.089258
2;0.074571;0.078032
2;0.068152;0.083938
2;0.070313;0.076914
2;0.088894;0.079342
2;0.109954;0.079227
2;0.080703;0.101737
2;0.089879;0.088279
2;0.077742;0.080460
