nThread;timeInit;timeCount
16;0.538353;1.088902
16;0.660916;1.884358
16;0.503995;1.239435
16;0.487149;1.122471
16;0.237260;1.098096
16;0.497824;1.338001
16;0.438009;1.360095
16;0.381127;1.186035
16;0.396952;1.375498
16;0.535173;1.397960
16;0.538922;1.397582
16;0.608003;1.018896
16;0.414374;1.020415
16;0.109247;1.427694
16;0.187850;1.339652
16;0.101615;0.844895
16;0.468543;0.941161
16;0.437979;1.460700
16;0.497054;1.010533
16;0.358001;1.392206
