nThread;timeInit;timeCount
2;0.010189;0.024615
2;0.010950;0.024772
2;0.009796;0.023143
2;0.010623;0.022430
2;0.013278;0.022669
2;0.010588;0.024923
2;0.009599;0.023141
2;0.010921;0.024941
2;0.016247;0.023604
2;0.010122;0.023309
2;0.009821;0.024154
2;0.012268;0.024164
2;0.010380;0.025797
2;0.012722;0.022569
2;0.013200;0.022611
2;0.010683;0.027241
2;0.014001;0.023239
2;0.009886;0.022922
2;0.009956;0.023072
2;0.009862;0.022443
