nThread;timeInit;timeCount
1;0.015720;0.020206
1;0.013916;0.020007
1;0.015394;0.020402
1;0.014101;0.021973
1;0.015654;0.020931
1;0.014648;0.020242
1;0.015088;0.020232
1;0.014242;0.020055
1;0.015157;0.020538
1;0.014356;0.020236
1;0.015664;0.020696
1;0.014288;0.020118
1;0.015118;0.020126
1;0.015616;0.020222
1;0.016839;0.020033
1;0.016680;0.020305
1;0.014242;0.019659
1;0.015847;0.020792
1;0.014112;0.020047
1;0.015913;0.020380
