nThread;timeInit;timeCount
1;0.017619;0.022943
1;0.021033;0.023560
1;0.019561;0.020892
1;0.017841;0.020907
1;0.020220;0.020616
1;0.023006;0.019651
1;0.021101;0.019682
1;0.016161;0.019792
1;0.017030;0.023251
1;0.016421;0.021339
1;0.017087;0.023468
1;0.017341;0.019661
1;0.016062;0.019254
1;0.019153;0.019337
1;0.016783;0.019226
1;0.015989;0.019613
1;0.018592;0.020559
1;0.021696;0.029876
1;0.016277;0.025957
1;0.016004;0.016482
