nThread;timeInit;timeCount
16;0.697793;1.228286
16;0.626761;1.430017
16;0.777736;1.349991
16;0.781484;1.405644
16;0.648474;1.640007
16;0.748158;1.819994
16;0.737287;1.919997
16;0.776823;1.858036
16;0.787667;1.652400
16;0.628048;1.299703
16;0.736135;1.441830
16;0.598744;1.663361
16;0.806304;1.198811
16;0.747537;1.349946
16;0.706566;1.354872
16;0.781758;1.345004
16;0.836754;1.362073
16;1.016945;1.750028
16;0.632425;1.408006
16;0.827222;1.373012
