nThread;timeInit;timeCount
4;0.009578;0.036705
4;0.009428;0.038584
4;0.009625;0.034729
4;0.010491;0.034874
4;0.009489;0.033993
4;0.009761;0.034556
4;0.009793;0.032762
4;0.009599;0.031036
4;0.009102;0.034769
4;0.009868;0.031456
4;0.010112;0.032389
4;0.010176;0.035269
4;0.009143;0.032683
4;0.010479;0.037230
4;0.009948;0.035133
4;0.009351;0.033398
4;0.009447;0.036541
4;0.009713;0.036284
4;0.009477;0.031526
4;0.008928;0.039042
