nThread;timeInit;timeCount
8;0.046352;0.078020
8;0.040955;0.088974
8;0.032415;0.079104
8;0.027964;0.069663
8;0.028497;0.084918
8;0.043618;0.082478
8;0.025344;0.091856
8;0.037804;0.077922
8;0.051995;0.077368
8;0.024724;0.105523
8;0.025789;0.077824
8;0.034335;0.103060
8;0.057963;0.075537
8;0.041410;0.109482
8;0.098705;0.139887
8;0.079561;0.087098
8;0.021784;0.088163
8;0.043914;0.072150
8;0.014139;0.088057
8;0.043239;0.086118
