nThread;timeInit;timeCount
1;0.001350;0.001444
1;0.001329;0.001473
1;0.002354;0.001914
1;0.001923;0.001869
1;0.001525;0.001483
1;0.001390;0.001820
1;0.001351;0.001466
1;0.001260;0.001296
1;0.001352;0.001331
1;0.001675;0.001454
1;0.001296;0.001674
1;0.001256;0.001371
1;0.001324;0.001336
1;0.001318;0.001421
1;0.001484;0.001417
1;0.001442;0.001624
1;0.001281;0.001457
1;0.001262;0.001473
1;0.001330;0.001485
1;0.001475;0.001432
