nThread;timeInit;timeCount
8;0.005999;0.017006
8;0.002208;0.011833
8;0.000872;0.011638
8;0.000896;0.015049
8;0.002192;0.010794
8;0.000570;0.003615
8;0.000671;0.002876
8;0.000608;0.003031
8;0.002252;0.012821
8;0.000600;0.004158
8;0.003228;0.010121
8;0.003106;0.014055
8;0.003970;0.016850
8;0.002645;0.012455
8;0.001704;0.004372
8;0.001674;0.013681
8;0.006419;0.003110
8;0.004814;0.011307
8;0.000607;0.005442
8;0.002437;0.015574
