nThread;timeInit;timeCount
16;0.066755;0.669340
16;0.067674;0.788637
16;0.037580;0.638259
16;0.038881;1.017112
16;0.040262;1.194048
16;0.077069;0.668066
16;0.067271;0.768067
16;0.076838;0.747467
16;0.038367;1.127726
16;0.071408;0.645798
16;0.030617;0.586403
16;0.047677;1.127659
16;0.067131;0.847001
16;0.057303;0.476878
16;0.020197;1.006541
16;0.039301;0.677696
16;0.021944;0.624031
16;0.038162;0.766549
16;0.039077;0.426449
16;0.068049;0.697129
