nThread;timeInit;timeCount
1;0.015820;0.021757
1;0.015257;0.022332
1;0.015245;0.020211
1;0.014407;0.019275
1;0.014770;0.021990
1;0.015600;0.020158
1;0.015187;0.020327
1;0.015152;0.022100
1;0.014226;0.019991
1;0.013695;0.018780
1;0.013909;0.019585
1;0.014077;0.018363
1;0.014042;0.018415
1;0.013816;0.018446
1;0.014434;0.021009
1;0.014280;0.021534
1;0.013968;0.020273
1;0.014119;0.018693
1;0.016669;0.021032
1;0.014262;0.021619
