nThread;timeInit;timeCount
8;0.007791;0.068897
8;0.007598;0.065947
8;0.007397;0.062434
8;0.006777;0.062189
8;0.007143;0.059393
8;0.007330;0.055156
8;0.012755;0.058481
8;0.012101;0.059593
8;0.009782;0.066325
8;0.005970;0.068113
8;0.012036;0.056927
8;0.007618;0.059715
8;0.010297;0.059778
8;0.009782;0.054614
8;0.010001;0.067993
8;0.008536;0.064142
8;0.011317;0.063040
8;0.008225;0.062178
8;0.007414;0.068764
8;0.008144;0.076450
