nThread;timeInit;timeCount
1;0.020083;0.025304
1;0.015528;0.023321
1;0.015149;0.021843
1;0.016323;0.023191
1;0.014398;0.021051
1;0.014758;0.021456
1;0.016264;0.022098
1;0.014654;0.021844
1;0.015670;0.021402
1;0.015920;0.022648
1;0.014348;0.020651
1;0.014478;0.020498
1;0.014578;0.020130
1;0.014728;0.020564
1;0.013961;0.020483
1;0.016402;0.024860
1;0.015120;0.022935
1;0.014394;0.021291
1;0.014622;0.021034
1;0.015946;0.022595
