nThread;timeInit;timeCount
2;0.013313;0.027462
2;0.008355;0.026659
2;0.008462;0.023769
2;0.008290;0.022980
2;0.009143;0.024486
2;0.008634;0.024478
2;0.011420;0.025944
2;0.008276;0.023303
2;0.008872;0.023355
2;0.008544;0.023057
2;0.009027;0.022672
2;0.009254;0.025344
2;0.008932;0.026003
2;0.010216;0.032019
2;0.008653;0.028074
2;0.010567;0.032188
2;0.013569;0.029976
2;0.014398;0.032761
2;0.010452;0.025431
2;0.008272;0.023216
