nThread;timeInit;timeCount
4;0.008123;0.041934
4;0.006234;0.033991
4;0.006658;0.036453
4;0.006490;0.037191
4;0.007586;0.033870
4;0.009481;0.036694
4;0.007200;0.035784
4;0.008186;0.032761
4;0.008069;0.034425
4;0.008311;0.032245
4;0.008422;0.032840
4;0.008332;0.035692
4;0.008008;0.034782
4;0.007192;0.038355
4;0.006644;0.035977
4;0.008214;0.032310
4;0.008209;0.036569
4;0.007847;0.033301
4;0.007715;0.035716
4;0.008576;0.032202
