nThread;timeInit;timeCount
1;0.142677;0.080426
1;0.140607;0.082748
1;0.137511;0.077392
1;0.135389;0.076767
1;0.145216;0.079875
1;0.142463;0.079451
1;0.133702;0.076035
1;0.139831;0.078423
1;0.136703;0.080614
1;0.133985;0.077894
1;0.161379;0.078585
1;0.133732;0.076521
1;0.134625;0.077369
1;0.139742;0.078443
1;0.140607;0.079158
1;0.135858;0.079765
1;0.138387;0.083138
1;0.138097;0.080185
1;0.137986;0.082724
1;0.164953;0.078407
