nThread;timeInit;timeCount
2;0.077955;0.086110
2;0.078692;0.098449
2;0.087406;0.079647
2;0.077497;0.076732
2;0.074467;0.083369
2;0.077297;0.078630
2;0.076636;0.080682
2;0.088617;0.084016
2;0.093271;0.083624
2;0.091355;0.088332
2;0.088176;0.077901
2;0.082818;0.078347
2;0.082812;0.081986
2;0.076041;0.088566
2;0.089288;0.092081
2;0.075644;0.088846
2;0.078165;0.095298
2;0.079837;0.086393
2;0.081630;0.082602
2;0.077421;0.085803
