nThread;timeInit;timeCount
16;0.496965;1.511471
16;0.448418;1.681931
16;0.157367;0.941394
16;0.680482;1.128171
16;0.433826;0.945822
16;0.488562;1.078641
16;0.476896;1.761952
16;0.118474;1.034137
16;0.439658;1.348731
16;0.459618;1.218999
16;0.536204;1.178711
16;0.478825;1.710357
16;0.127599;1.434119
16;0.449057;1.179724
16;0.447103;1.421785
16;0.466740;1.121087
16;0.727642;1.520063
16;0.407263;0.791268
16;0.293866;1.694542
16;0.563658;0.902036
