nThread;timeInit;timeCount
1;0.119553;0.052089
1;0.118958;0.053195
1;0.116100;0.053558
1;0.131309;0.060482
1;0.116795;0.052286
1;0.117555;0.054779
1;0.123822;0.054855
1;0.115898;0.052824
1;0.127331;0.052767
1;0.116096;0.052050
1;0.119093;0.066020
1;0.115283;0.053930
1;0.113273;0.053982
1;0.117715;0.053254
1;0.113171;0.054806
1;0.114345;0.053965
1;0.121832;0.053651
1;0.116302;0.055031
1;0.116648;0.057221
1;0.120328;0.057020
