nThread;timeInit;timeCount
1;0.000393;0.000107
1;0.000328;0.000082
1;0.000453;0.000103
1;0.000498;0.000126
1;0.000401;0.000109
1;0.000336;0.000085
1;0.000375;0.000107
1;0.000388;0.000102
1;0.000493;0.000105
1;0.000398;0.000081
1;0.000570;0.000177
1;0.000470;0.000119
1;0.000403;0.000086
1;0.000341;0.000082
1;0.000476;0.000096
1;0.000334;0.000082
1;0.000338;0.000081
1;0.000362;0.000107
1;0.000362;0.000084
1;0.000323;0.000091
