nThread;timeInit;timeCount
1;0.000474;0.000215
1;0.000447;0.000118
1;0.000519;0.000115
1;0.000544;0.000126
1;0.000613;0.000166
1;0.000889;0.000151
1;0.000759;0.000157
1;0.000752;0.000132
1;0.000433;0.000133
1;0.000468;0.000124
1;0.000489;0.000119
1;0.000546;0.000117
1;0.000479;0.000117
1;0.000449;0.000122
1;0.000464;0.000117
1;0.000522;0.000127
1;0.000770;0.000210
1;0.000656;0.000157
1;0.000930;0.000239
1;0.000514;0.000189
