nThread;timeInit;timeCount
4;0.001236;0.000185
4;0.000371;0.000158
4;0.000932;0.000154
4;0.001414;0.000168
4;0.000690;0.000148
4;0.000476;0.000169
4;0.001063;0.000427
4;0.000809;0.000184
4;0.000941;0.000181
4;0.000927;0.000353
4;0.000568;0.000435
4;0.001472;0.000203
4;0.001506;0.000226
4;0.000985;0.000268
4;0.001063;0.000198
4;0.000528;0.000213
4;0.001247;0.000212
4;0.001453;0.000192
4;0.000544;0.000205
4;0.000898;0.000213
