nThread;timeInit;timeCount
2;0.000875;0.000160
2;0.000434;0.000299
2;0.000506;0.000155
2;0.000468;0.000169
2;0.000548;0.000180
2;0.000458;0.000151
2;0.000554;0.000135
2;0.001164;0.000179
2;0.000900;0.000164
2;0.000825;0.000150
2;0.000992;0.000160
2;0.000869;0.000159
2;0.000659;0.000225
2;0.000533;0.000312
2;0.000515;0.000146
2;0.000431;0.000157
2;0.000437;0.000167
2;0.000496;0.000163
2;0.000483;0.000149
2;0.000408;0.000153
