nThread;timeInit;timeCount
8;0.028387;0.030996
8;0.029772;0.044799
8;0.001957;0.000398
8;0.049984;0.027214
8;0.008992;0.000278
8;0.034580;0.041683
8;0.023677;0.051694
8;0.031922;0.029149
8;0.008075;0.036428
8;0.034222;0.025767
8;0.011013;0.000234
8;0.027703;0.037966
8;0.022067;0.030740
8;0.001587;0.000269
8;0.000741;0.000470
8;0.000937;0.000427
8;0.000739;0.000361
8;0.001451;0.000417
8;0.007710;0.006876
8;0.005904;0.000257
