nThread;timeInit;timeCount
16;0.776556;0.639848
16;0.896911;0.970160
16;0.587762;0.719987
16;0.885442;0.990078
16;0.980522;0.799965
16;0.666450;0.870102
16;0.687655;0.930106
16;0.680646;1.050117
16;0.596494;0.969969
16;0.668233;0.839463
16;0.737734;0.680079
16;0.496519;0.610121
16;0.716509;0.739974
16;0.756597;0.860030
16;0.727584;0.921368
16;0.537495;0.833761
16;0.666406;0.639981
16;0.776711;0.830143
16;0.654041;0.829973
16;0.805807;0.769986
