nThread;timeInit;timeCount
2;0.083349;0.085894
2;0.082152;0.084812
2;0.085068;0.073366
2;0.068403;0.077347
2;0.075864;0.084840
2;0.081708;0.087151
2;0.084955;0.104979
2;0.085373;0.086864
2;0.083177;0.077956
2;0.083498;0.098639
2;0.081937;0.087078
2;0.081710;0.083838
2;0.080586;0.079265
2;0.075471;0.098214
2;0.077366;0.082776
2;0.083108;0.084961
2;0.085225;0.084228
2;0.077029;0.087906
2;0.076900;0.087268
2;0.092691;0.082350
