nThread;timeInit;timeCount
16;0.562344;1.801051
16;0.577341;1.043606
16;0.443780;1.343878
16;0.457857;1.023808
16;0.077769;1.259124
16;0.116735;0.835407
16;0.408982;1.303677
16;0.467802;1.114036
16;0.478655;1.426966
16;0.428167;1.244468
16;0.492189;1.140461
16;0.466994;0.833890
16;0.795858;1.126785
16;0.326528;1.019337
16;0.126942;1.044258
16;0.623925;1.238899
16;0.505350;1.445560
16;0.487588;1.067183
16;0.526952;1.356464
16;0.627553;1.370863
