nThread;timeInit;timeCount
8;0.045348;0.191100
8;0.044038;0.190800
8;0.044285;0.191295
8;0.054008;0.198167
8;0.043689;0.226081
8;0.072672;0.216620
8;0.043609;0.190931
8;0.044768;0.191818
8;0.045394;0.191371
8;0.044404;0.206677
8;0.043421;0.193585
8;0.044726;0.193255
8;0.042368;0.191072
8;0.043796;0.191849
8;0.044622;0.224029
8;0.044716;0.189485
8;0.044326;0.216156
8;0.063066;0.220510
8;0.043166;0.190491
8;0.044015;0.190792
