nThread;timeInit;timeCount
1;0.122294;0.054014
1;0.118942;0.053553
1;0.135176;0.049036
1;0.099205;0.044758
1;0.095118;0.044379
1;0.106809;0.055048
1;0.119728;0.054535
1;0.117876;0.056123
1;0.124858;0.056054
1;0.117283;0.055937
1;0.120627;0.053831
1;0.118382;0.055363
1;0.118176;0.063465
1;0.103379;0.044181
1;0.095434;0.043339
1;0.099348;0.044856
1;0.117449;0.065140
1;0.122494;0.054322
1;0.117046;0.063008
1;0.120128;0.053981
