nThread;timeInit;timeCount
4;0.060801;0.131587
4;0.053958;0.127787
4;0.050642;0.140653
4;0.054758;0.135844
4;0.057648;0.157642
4;0.070516;0.141996
4;0.054807;0.138576
4;0.056997;0.128800
4;0.062449;0.131990
4;0.064195;0.128615
4;0.060145;0.134086
4;0.055930;0.127052
4;0.068520;0.138630
4;0.055302;0.133788
4;0.059618;0.136792
4;0.057028;0.137079
4;0.059751;0.134780
4;0.067072;0.171208
4;0.065852;0.161494
4;0.058181;0.136163
