nThread;timeInit;timeCount
1;0.129253;0.074023
1;0.126617;0.076225
1;0.129760;0.074267
1;0.131507;0.072225
1;0.141108;0.073642
1;0.127819;0.072562
1;0.108627;0.070319
1;0.106893;0.064374
1;0.120067;0.074496
1;0.126666;0.080777
1;0.132196;0.074598
1;0.126997;0.078182
1;0.128879;0.074447
1;0.126662;0.074999
1;0.130155;0.060450
1;0.113897;0.063588
1;0.108088;0.075224
1;0.126786;0.074499
1;0.136162;0.076087
1;0.127913;0.073859
