nThread;timeInit;timeCount
16;0.027103;0.249974
16;0.029046;0.326618
16;0.009434;0.198024
16;0.019351;0.228093
16;0.034897;0.219995
16;0.008581;0.217933
16;0.036390;0.231659
16;0.027158;0.230000
16;0.037001;0.227746
16;0.034961;0.270023
16;0.038317;0.260015
16;0.026403;0.201035
16;0.013852;0.322912
16;0.040386;0.262409
16;0.026191;0.209987
16;0.043042;0.200021
16;0.002434;0.235871
16;0.027459;0.217813
16;0.037429;0.170034
16;0.029374;0.227934
