nThread;timeInit;timeCount
4;0.000072;0.000091
4;0.000738;0.000118
4;0.000679;0.000107
4;0.000139;0.000094
4;0.000407;0.000101
4;0.000592;0.000109
4;0.000120;0.000108
4;0.000405;0.000107
4;0.000080;0.000096
4;0.000774;0.000098
4;0.000449;0.000098
4;0.000891;0.000103
4;0.000587;0.000261
4;0.000098;0.000097
4;0.000985;0.000089
4;0.000999;0.000085
4;0.000188;0.000108
4;0.000161;0.000119
4;0.000450;0.000087
4;0.000551;0.000090
