nThread;timeInit;timeCount
1;0.000150;0.000080
1;0.000148;0.000067
1;0.000118;0.000041
1;0.000166;0.000064
1;0.000134;0.000051
1;0.000159;0.000050
1;0.000138;0.000050
1;0.000155;0.000061
1;0.000215;0.000083
1;0.000180;0.000065
1;0.000135;0.000059
1;0.000175;0.000058
1;0.000157;0.000078
1;0.000186;0.000060
1;0.000157;0.000060
1;0.000201;0.000059
1;0.000137;0.000065
1;0.000169;0.000095
1;0.000144;0.000076
1;0.000182;0.000083
