nThread;timeInit;timeCount
2;0.000424;0.000090
2;0.000265;0.000083
2;0.000651;0.000073
2;0.000089;0.000120
2;0.000624;0.000079
2;0.000127;0.000085
2;0.000092;0.000070
2;0.000123;0.000084
2;0.000106;0.000078
2;0.000109;0.000070
2;0.000192;0.000100
2;0.000094;0.000072
2;0.000309;0.000067
2;0.000182;0.000222
2;0.000528;0.000091
2;0.000318;0.000062
2;0.000099;0.000074
2;0.000096;0.000068
2;0.000098;0.000069
2;0.000094;0.000074
