nThread;timeInit;timeCount
8;0.002098;0.000153
8;0.003641;0.007883
8;0.007541;0.017054
8;0.000091;0.013651
8;0.001475;0.000152
8;0.001410;0.008962
8;0.007538;0.009090
8;0.008209;0.010574
8;0.005964;0.007015
8;0.004812;0.007090
8;0.002526;0.013328
8;0.001599;0.004523
8;0.003886;0.010844
8;0.003018;0.010558
8;0.002191;0.010275
8;0.003110;0.003200
8;0.000189;0.011479
8;0.017724;0.030835
8;0.001878;0.014373
8;0.006800;0.014414
