nThread;timeInit;timeCount
1;0.000180;0.000042
1;0.000182;0.000043
1;0.000231;0.000072
1;0.000217;0.000074
1;0.000191;0.000042
1;0.000263;0.000042
1;0.000175;0.000065
1;0.000183;0.000042
1;0.000219;0.000040
1;0.000182;0.000038
1;0.000205;0.000043
1;0.000180;0.000041
1;0.000223;0.000051
1;0.000262;0.000043
1;0.000256;0.000043
1;0.000287;0.000056
1;0.000251;0.000058
1;0.000208;0.000040
1;0.000189;0.000041
1;0.000187;0.000041
