nThread;timeInit;timeCount
4;0.001836;0.000273
4;0.001336;0.000267
4;0.001467;0.000324
4;0.001735;0.000327
4;0.001147;0.000318
4;0.001221;0.000312
4;0.001121;0.000327
4;0.001105;0.000365
4;0.001380;0.000281
4;0.001092;0.000362
4;0.000886;0.000287
4;0.001057;0.000318
4;0.001440;0.000309
4;0.001433;0.000293
4;0.001260;0.000252
4;0.001053;0.000349
4;0.001358;0.000308
4;0.000992;0.000355
4;0.001505;0.000313
4;0.001178;0.000287
