nThread;timeInit;timeCount
1;0.001819;0.000546
1;0.001303;0.000390
1;0.001420;0.000362
1;0.001503;0.000421
1;0.001306;0.000353
1;0.001450;0.000424
1;0.001521;0.000499
1;0.001393;0.000453
1;0.001336;0.000380
1;0.001421;0.000451
1;0.001411;0.000390
1;0.001408;0.000383
1;0.001455;0.000415
1;0.001413;0.000476
1;0.001717;0.000439
1;0.001664;0.000528
1;0.001504;0.000464
1;0.001746;0.000549
1;0.002392;0.000633
1;0.002727;0.000814
