nThread;timeInit;timeCount
1;0.001453;0.000229
1;0.001524;0.000223
1;0.001436;0.000234
1;0.002059;0.000336
1;0.001201;0.000204
1;0.001381;0.000231
1;0.001559;0.000235
1;0.001559;0.000330
1;0.001123;0.000188
1;0.001314;0.000247
1;0.001650;0.000367
1;0.001254;0.000223
1;0.001231;0.000213
1;0.001666;0.000275
1;0.001275;0.000212
1;0.001340;0.000188
1;0.001614;0.000256
1;0.001243;0.000309
1;0.001226;0.000204
1;0.001718;0.000342
