nThread;timeInit;timeCount
8;0.003465;0.006654
8;0.001793;0.008205
8;0.002081;0.013111
8;0.000727;0.000552
8;0.000668;0.000540
8;0.000639;0.000472
8;0.000611;0.000518
8;0.000737;0.000487
8;0.000993;0.000511
8;0.003125;0.009699
8;0.001249;0.000517
8;0.014862;0.006653
8;0.005035;0.025083
8;0.003133;0.005547
8;0.005511;0.013841
8;0.003246;0.017362
8;0.004257;0.011525
8;0.002733;0.014663
8;0.004292;0.006461
8;0.001684;0.008803
