nThread;timeInit;timeCount
2;0.001693;0.000889
2;0.001765;0.000414
2;0.001027;0.000389
2;0.001152;0.000424
2;0.001594;0.000368
2;0.000979;0.000395
2;0.000994;0.000369
2;0.001000;0.000544
2;0.001559;0.000373
2;0.001114;0.000388
2;0.001506;0.000396
2;0.001113;0.000370
2;0.001006;0.000377
2;0.001024;0.000377
2;0.000973;0.000368
2;0.001075;0.000334
2;0.001803;0.000463
2;0.001575;0.000542
2;0.000957;0.000382
2;0.001359;0.000364
