nThread;timeInit;timeCount
4;0.008892;0.039633
4;0.008510;0.035963
4;0.008381;0.036299
4;0.008106;0.035261
4;0.008682;0.032948
4;0.008861;0.035866
4;0.009013;0.034939
4;0.007929;0.036961
4;0.007876;0.034554
4;0.006966;0.037119
4;0.008575;0.037509
4;0.009072;0.034937
4;0.007556;0.036344
4;0.008367;0.038980
4;0.006978;0.034536
4;0.007087;0.036872
4;0.007740;0.036698
4;0.007799;0.037814
4;0.008936;0.034618
4;0.008965;0.033289
