nThread;timeInit;timeCount
8;0.007314;0.071738
8;0.008711;0.066332
8;0.010621;0.061857
8;0.011364;0.065206
8;0.010433;0.056966
8;0.008024;0.067297
8;0.009120;0.064147
8;0.006462;0.068091
8;0.008995;0.062758
8;0.010269;0.061350
8;0.007684;0.068399
8;0.007529;0.060650
8;0.008697;0.068594
8;0.009427;0.066905
8;0.007597;0.058343
8;0.009792;0.059286
8;0.010404;0.065144
8;0.010533;0.064012
8;0.009973;0.066261
8;0.008605;0.062303
