nThread;timeInit;timeCount
1;0.012546;0.016367
1;0.012541;0.012700
1;0.010939;0.016428
1;0.013412;0.012736
1;0.011848;0.015778
1;0.013427;0.012032
1;0.012660;0.016477
1;0.013178;0.012713
1;0.012015;0.016760
1;0.013143;0.012599
1;0.010297;0.013851
1;0.012622;0.013226
1;0.013943;0.013757
1;0.010737;0.013004
1;0.013849;0.011867
1;0.011799;0.014990
1;0.019397;0.015721
1;0.014649;0.019797
1;0.013016;0.016719
1;0.014541;0.018909
