nThread;timeInit;timeCount
1;0.016090;0.020692
1;0.014482;0.019353
1;0.013773;0.019308
1;0.014256;0.019488
1;0.013424;0.019101
1;0.015104;0.019023
1;0.013415;0.019498
1;0.013464;0.019523
1;0.016387;0.020356
1;0.013562;0.018394
1;0.015159;0.019738
1;0.013726;0.024860
1;0.019693;0.021110
1;0.013839;0.018699
1;0.013332;0.022071
1;0.014910;0.018889
1;0.013241;0.018782
1;0.014719;0.019674
1;0.014427;0.018459
1;0.013845;0.018952
