nThread;timeInit;timeCount
8;0.043730;0.031470
8;0.043117;0.035590
8;0.041775;0.037272
8;0.050518;0.034771
8;0.044011;0.033968
8;0.041274;0.035743
8;0.042000;0.034723
8;0.052309;0.039459
8;0.043849;0.034015
8;0.042945;0.034590
8;0.043061;0.035038
8;0.046604;0.034495
8;0.041340;0.032735
8;0.041749;0.033867
8;0.041295;0.035592
8;0.041836;0.034298
8;0.042280;0.033885
8;0.042461;0.037251
8;0.041653;0.035081
8;0.042635;0.033389
