nThread;timeInit;timeCount
1;0.143430;0.050947
1;0.142639;0.053647
1;0.143715;0.052033
1;0.141361;0.051548
1;0.140594;0.054721
1;0.138374;0.051410
1;0.137907;0.050760
1;0.136794;0.050344
1;0.135832;0.050870
1;0.136812;0.050694
1;0.136002;0.052349
1;0.141433;0.050517
1;0.136725;0.051332
1;0.161141;0.053077
1;0.135845;0.051047
1;0.137858;0.050971
1;0.138560;0.051500
1;0.136615;0.050383
1;0.138524;0.050156
1;0.138229;0.051839
