nThread;timeInit;timeCount
16;0.496803;1.035764
16;0.468023;0.490427
16;0.207506;0.974957
16;0.427749;1.055558
16;0.427676;0.905502
16;0.566949;0.865544
16;0.796757;1.275526
16;0.636890;0.645896
16;0.217028;0.995136
16;0.807918;0.666072
16;0.678087;0.795363
16;0.477115;1.125619
16;0.429758;0.745353
16;0.767450;0.445580
16;0.077389;0.364762
16;0.477010;0.955555
16;0.368141;0.803525
16;0.517357;0.705562
16;0.387340;0.775317
16;0.417779;0.934561
