nThread;timeInit;timeCount
1;0.127066;0.034201
1;0.119860;0.033927
1;0.122187;0.033188
1;0.130212;0.035183
1;0.122124;0.033751
1;0.121328;0.034356
1;0.125363;0.033931
1;0.123301;0.033269
1;0.122035;0.033791
1;0.122594;0.034245
1;0.123347;0.033417
1;0.132917;0.034252
1;0.121348;0.033995
1;0.121356;0.033470
1;0.121633;0.034191
1;0.121627;0.034866
1;0.131519;0.033880
1;0.126066;0.033684
1;0.123222;0.034210
1;0.122740;0.033102
