nThread;timeInit;timeCount
4;0.008163;0.036556
4;0.008976;0.033035
4;0.007455;0.033402
4;0.007510;0.034537
4;0.007466;0.033319
4;0.007564;0.034131
4;0.007184;0.036314
4;0.007254;0.032311
4;0.007194;0.032843
4;0.007323;0.034081
4;0.007733;0.032794
4;0.007839;0.032319
4;0.006953;0.031500
4;0.007260;0.032893
4;0.006114;0.032842
4;0.007785;0.033579
4;0.007987;0.034675
4;0.008518;0.032710
4;0.008661;0.033900
4;0.007787;0.036485
