nThread;timeInit;timeCount
2;0.009231;0.026490
2;0.008323;0.028795
2;0.008018;0.021434
2;0.008609;0.024426
2;0.008708;0.021098
2;0.008432;0.024228
2;0.009089;0.027148
2;0.008670;0.022157
2;0.010676;0.024119
2;0.008498;0.022044
2;0.009451;0.023121
2;0.008539;0.021420
2;0.008409;0.023059
2;0.013536;0.026091
2;0.008984;0.022860
2;0.008242;0.022171
2;0.008947;0.026841
2;0.010149;0.029452
2;0.009071;0.031162
2;0.008915;0.028789
