nThread;timeInit;timeCount
1;0.014819;0.023274
1;0.016144;0.022331
1;0.016043;0.023562
1;0.018836;0.029453
1;0.013916;0.022457
1;0.014519;0.023427
1;0.018584;0.025037
1;0.016237;0.024603
1;0.017419;0.029022
1;0.014295;0.023878
1;0.015103;0.026747
1;0.015591;0.021614
1;0.015416;0.022697
1;0.014105;0.020737
1;0.016396;0.026347
1;0.015113;0.021981
1;0.017644;0.022138
1;0.015072;0.022953
1;0.014815;0.020898
1;0.014517;0.024059
