nThread;timeInit;timeCount
16;0.037952;0.723355
16;0.029160;0.993134
16;0.028494;0.714385
16;0.038238;0.793400
16;0.038216;0.693713
16;0.077024;0.673909
16;0.067097;1.203906
16;0.039020;0.483611
16;0.066497;0.614116
16;0.066939;0.753803
16;0.020794;0.489665
16;0.032950;1.093440
16;0.066516;1.013967
16;0.038206;0.563742
16;0.077660;0.534035
16;0.058306;0.784172
16;0.038313;0.683277
16;0.020799;0.589503
16;0.077273;0.823725
16;0.076533;0.934339
