nThread;timeInit;timeCount
1;0.015867;0.022920
1;0.014766;0.020203
1;0.014738;0.020315
1;0.015065;0.020316
1;0.014048;0.020649
1;0.014419;0.020609
1;0.014497;0.021389
1;0.015876;0.021279
1;0.015841;0.021193
1;0.014390;0.020359
1;0.015383;0.020663
1;0.014434;0.020802
1;0.015545;0.021821
1;0.015592;0.021463
1;0.016074;0.021717
1;0.015722;0.026541
1;0.014823;0.022599
1;0.014913;0.021368
1;0.015900;0.022615
1;0.014149;0.020948
