nThread;timeInit;timeCount
8;0.013467;0.059712
8;0.006110;0.055900
8;0.007168;0.058290
8;0.009884;0.063321
8;0.007749;0.067285
8;0.006067;0.055094
8;0.009106;0.055883
8;0.012065;0.058307
8;0.007807;0.054946
8;0.009117;0.060395
8;0.005507;0.060954
8;0.013652;0.061317
8;0.010585;0.049923
8;0.011066;0.193480
8;0.011596;0.059711
8;0.008860;0.056662
8;0.008631;0.049951
8;0.006557;0.056360
8;0.009109;0.056283
8;0.009975;0.056781
