nThread;timeInit;timeCount
4;0.080398;0.059289
4;0.073978;0.047420
4;0.077737;0.048017
4;0.078524;0.043711
4;0.075950;0.043962
4;0.073353;0.045622
4;0.083973;0.041932
4;0.078864;0.041349
4;0.076184;0.043613
4;0.078021;0.044100
4;0.079194;0.043384
4;0.075784;0.045996
4;0.078738;0.042451
4;0.086837;0.065034
4;0.075695;0.043661
4;0.076892;0.047412
4;0.078987;0.045174
4;0.086237;0.047022
4;0.077863;0.045583
4;0.085092;0.044363
