nThread;timeInit;timeCount
16;0.769233;0.885220
16;0.898473;1.040286
16;0.917548;1.167399
16;0.890100;0.932049
16;0.886800;0.994445
16;0.669256;0.705498
16;0.847359;1.030306
16;0.936095;0.771379
16;0.974003;1.126007
16;0.927951;0.796839
16;0.753438;0.838999
16;0.604273;1.021024
16;0.689769;1.096779
16;0.855275;1.120934
16;0.705817;0.721389
16;0.606471;1.107221
16;0.841284;0.970355
16;0.851994;1.026969
16;0.948723;0.884242
16;0.590166;0.860425
