nThread;timeInit;timeCount
1;0.143066;0.050372
1;0.132054;0.047810
1;0.137120;0.050635
1;0.132776;0.049037
1;0.135177;0.057486
1;0.170244;0.058837
1;0.144391;0.050585
1;0.132342;0.048639
1;0.133628;0.048780
1;0.132678;0.047449
1;0.147475;0.048519
1;0.136251;0.047255
1;0.133147;0.048553
1;0.137770;0.049016
1;0.133680;0.048926
1;0.132810;0.051363
1;0.135521;0.048072
1;0.134081;0.048641
1;0.133633;0.049290
1;0.134055;0.049727
