nThread;timeInit;timeCount
2;0.102075;0.043986
2;0.096723;0.044736
2;0.097589;0.059287
2;0.100252;0.041934
2;0.096656;0.051738
2;0.097130;0.054713
2;0.102142;0.040995
2;0.096985;0.041470
2;0.100100;0.041523
2;0.096931;0.043061
2;0.100253;0.042059
2;0.124934;0.047688
2;0.096004;0.042336
2;0.100049;0.044131
2;0.114986;0.051973
2;0.107244;0.043403
2;0.102734;0.042825
2;0.111824;0.048295
2;0.114543;0.052989
2;0.095366;0.042662
