nThread;timeInit;timeCount
8;0.074339;0.059868
8;0.104028;0.107977
8;0.108507;0.043203
8;0.067927;0.043832
8;0.067776;0.045032
8;0.067331;0.043920
8;0.065340;0.043774
8;0.073243;0.058012
8;0.068396;0.048551
8;0.067382;0.043268
8;0.067861;0.043293
8;0.072500;0.044955
8;0.070038;0.045353
8;0.070054;0.044651
8;0.071467;0.045670
8;0.079315;0.046516
8;0.080844;0.045206
8;0.081438;0.063196
8;0.073519;0.045254
8;0.130267;0.102208
