nThread;timeInit;timeCount
1;0.147082;0.054506
1;0.145556;0.053413
1;0.162558;0.053784
1;0.145856;0.054111
1;0.146274;0.054653
1;0.144168;0.055207
1;0.145405;0.054686
1;0.145358;0.057596
1;0.148584;0.055398
1;0.150927;0.054195
1;0.144975;0.055963
1;0.147860;0.055678
1;0.152095;0.055280
1;0.151038;0.053713
1;0.146591;0.055283
1;0.147508;0.065369
1;0.151708;0.054779
1;0.145693;0.055074
1;0.146061;0.055445
1;0.147863;0.054841
