nThread;timeInit;timeCount
1;0.000274;0.000069
1;0.000183;0.000053
1;0.000172;0.000048
1;0.000170;0.000050
1;0.000238;0.000063
1;0.000187;0.000044
1;0.000179;0.000046
1;0.000174;0.000048
1;0.000263;0.000067
1;0.000168;0.000046
1;0.000266;0.000064
1;0.000174;0.000048
1;0.000207;0.000050
1;0.000186;0.000048
1;0.000171;0.000046
1;0.000187;0.000083
1;0.000210;0.000063
1;0.000168;0.000047
1;0.000175;0.000048
1;0.000259;0.000070
