nThread;timeInit;timeCount
8;0.004118;0.009629
8;0.002149;0.007418
8;0.002218;0.000175
8;0.001973;0.013930
8;0.000385;0.000129
8;0.000118;0.000154
8;0.000257;0.000149
8;0.000085;0.000197
8;0.000078;0.000120
8;0.000475;0.000142
8;0.000095;0.011377
8;0.013352;0.035754
8;0.003618;0.004727
8;0.000087;0.000127
8;0.002544;0.010688
8;0.000507;0.000139
8;0.000412;0.008935
8;0.002859;0.004089
8;0.001540;0.009247
8;0.000093;0.009896
