nThread;timeInit;timeCount
4;0.000474;0.000200
4;0.000225;0.000089
4;0.000454;0.000080
4;0.000956;0.000091
4;0.001121;0.000092
4;0.000540;0.000098
4;0.000442;0.000109
4;0.000979;0.000086
4;0.000097;0.000090
4;0.000472;0.000099
4;0.000815;0.000119
4;0.000130;0.000113
4;0.000092;0.000100
4;0.000962;0.000086
4;0.000107;0.000107
4;0.000446;0.000093
4;0.000477;0.000097
4;0.000420;0.000095
4;0.000095;0.000205
4;0.000104;0.000133
