nThread;timeInit;timeCount
1;0.000156;0.000072
1;0.000183;0.000093
1;0.000214;0.000081
1;0.000237;0.000092
1;0.000146;0.000059
1;0.000127;0.000054
1;0.000130;0.000055
1;0.000143;0.000054
1;0.000139;0.000056
1;0.000141;0.000070
1;0.000266;0.000100
1;0.000182;0.000086
1;0.000136;0.000054
1;0.000135;0.000050
1;0.000128;0.000051
1;0.000139;0.000072
1;0.000143;0.000061
1;0.000142;0.000069
1;0.000179;0.000078
1;0.000141;0.000058
