nThread;timeInit;timeCount
2;0.000117;0.000090
2;0.000125;0.000078
2;0.000100;0.000143
2;0.000090;0.000071
2;0.000098;0.000097
2;0.000147;0.000133
2;0.000282;0.000066
2;0.000086;0.000067
2;0.000973;0.000081
2;0.000670;0.000098
2;0.000077;0.000060
2;0.000138;0.000138
2;0.000109;0.000078
2;0.000608;0.000097
2;0.000104;0.000068
2;0.000086;0.000076
2;0.000144;0.000103
2;0.000504;0.000066
2;0.000101;0.000089
2;0.000096;0.000097
