nThread;timeInit;timeCount
16;0.026555;0.269982
16;0.026564;0.259114
16;0.019444;0.277430
16;0.028417;0.203053
16;0.000543;0.206854
16;0.019671;0.207809
16;0.027267;0.239793
16;0.019727;0.247683
16;0.036478;0.310009
16;0.014424;0.174347
16;0.027366;0.239992
16;0.025518;0.197326
16;0.026768;0.229974
16;0.010200;0.147771
16;0.028334;0.187705
16;0.001045;0.268181
16;0.037688;0.209992
16;0.026963;0.210011
16;0.026717;0.279989
16;0.046792;0.200011
