nThread;timeInit;timeCount
2;0.001553;0.000610
2;0.001649;0.000806
2;0.001344;0.000629
2;0.001540;0.000823
2;0.001914;0.000954
2;0.001476;0.000660
2;0.002278;0.000961
2;0.001600;0.000864
2;0.001536;0.000695
2;0.001448;0.000662
2;0.001657;0.000664
2;0.002052;0.000680
2;0.002458;0.000648
2;0.001520;0.000832
2;0.001549;0.000655
2;0.001472;0.000631
2;0.001523;0.000628
2;0.001544;0.000633
2;0.001952;0.000653
2;0.001648;0.000842
