nThread;timeInit;timeCount
8;0.031269;0.009508
8;0.004754;0.015441
8;0.039848;0.025645
8;0.026906;0.048011
8;0.038059;0.002871
8;0.004355;0.010151
8;0.031590;0.016242
8;0.045616;0.035566
8;0.008869;0.035282
8;0.038974;0.022402
8;0.039229;0.012066
8;0.025445;0.010213
8;0.038746;0.024350
8;0.042437;0.041152
8;0.037231;0.036506
8;0.001323;0.000645
8;0.022217;0.016654
8;0.029074;0.025772
8;0.041601;0.026175
8;0.013485;0.017336
