nThread;timeInit;timeCount
1;0.001980;0.000543
1;0.002108;0.000516
1;0.002351;0.000670
1;0.002326;0.000545
1;0.001962;0.000537
1;0.001973;0.000629
1;0.002671;0.000814
1;0.002426;0.000897
1;0.001967;0.000593
1;0.002095;0.000532
1;0.002302;0.000698
1;0.001985;0.000547
1;0.002163;0.000675
1;0.002026;0.000743
1;0.001971;0.000570
1;0.002022;0.000663
1;0.002021;0.000516
1;0.002129;0.000659
1;0.002103;0.000692
1;0.002021;0.000533
