nThread;timeInit;timeCount
4;0.001771;0.000584
4;0.001331;0.000811
4;0.001460;0.000716
4;0.003984;0.001311
4;0.002240;0.001079
4;0.001644;0.000743
4;0.001435;0.000640
4;0.001297;0.000847
4;0.002168;0.000652
4;0.001226;0.000574
4;0.001626;0.000967
4;0.001354;0.000571
4;0.001520;0.000568
4;0.001632;0.000659
4;0.001335;0.000838
4;0.001664;0.000763
4;0.001416;0.000559
4;0.002176;0.000539
4;0.002214;0.000636
4;0.002375;0.000631
