nThread;timeInit;timeCount
1;0.001777;0.000543
1;0.001865;0.000593
1;0.001742;0.000600
1;0.001766;0.000543
1;0.001844;0.000530
1;0.001738;0.000553
1;0.001806;0.000539
1;0.001872;0.000555
1;0.001878;0.000546
1;0.001858;0.000653
1;0.001863;0.000555
1;0.001818;0.000555
1;0.001919;0.000546
1;0.001837;0.000548
1;0.001819;0.000559
1;0.001957;0.000590
1;0.001829;0.000568
1;0.001820;0.000560
1;0.001803;0.000556
1;0.001861;0.000629
