nThread;timeInit;timeCount
16;0.857689;1.030770
16;0.688700;1.039731
16;0.685802;0.889791
16;0.776859;0.760516
16;0.746428;0.889975
16;0.517994;1.050097
16;0.712217;0.904706
16;0.608045;0.867461
16;0.737853;0.825604
16;0.686439;0.779980
16;0.735806;0.752268
16;0.709507;1.101915
16;0.897655;0.720424
16;0.586916;0.800448
16;0.556602;0.510509
16;0.865249;0.989893
16;0.787843;0.789987
16;0.744319;0.909971
16;0.886261;1.009970
16;0.624010;0.974407
