nThread;timeInit;timeCount
4;0.007635;0.056796
4;0.008574;0.045862
4;0.007601;0.046843
4;0.007860;0.047384
4;0.007504;0.052394
4;0.008174;0.049778
4;0.007192;0.049217
4;0.008476;0.053769
4;0.008742;0.048181
4;0.007404;0.052653
4;0.008292;0.048694
4;0.006399;0.046878
4;0.007909;0.052015
4;0.007761;0.046519
4;0.008115;0.050815
4;0.015624;0.052256
4;0.008147;0.045070
4;0.007174;0.047382
4;0.008622;0.050332
4;0.007167;0.052246
