nThread;timeInit;timeCount
1;0.015704;0.030120
1;0.014659;0.026502
1;0.012761;0.026256
1;0.013025;0.029946
1;0.011824;0.025444
1;0.011985;0.025761
1;0.013301;0.026371
1;0.011810;0.025410
1;0.013432;0.029592
1;0.012756;0.024875
1;0.012892;0.028351
1;0.014537;0.026360
1;0.012353;0.027467
1;0.011974;0.026542
1;0.012987;0.041558
1;0.014002;0.026732
1;0.013071;0.026713
1;0.012527;0.026777
1;0.013586;0.026953
1;0.012102;0.025657
