nThread;timeInit;timeCount
16;0.066557;0.623664
16;0.076744;0.913684
16;0.077415;0.603910
16;0.077346;0.574524
16;0.021800;0.640072
16;0.037957;1.323823
16;0.028191;0.763034
16;0.066711;0.619256
16;0.075992;0.933615
16;0.038513;0.973507
16;0.037741;0.761299
16;0.020792;1.060182
16;0.067597;0.552971
16;0.047946;0.603346
16;0.047196;0.825703
16;0.038631;1.204129
16;0.038376;0.674445
16;0.036893;0.683574
16;0.039172;0.853491
16;0.021801;0.808532
