nThread;timeInit;timeCount
1;0.000974;0.000197
1;0.000831;0.000162
1;0.000459;0.001444
1;0.000545;0.000133
1;0.000560;0.000124
1;0.000466;0.000135
1;0.001088;0.000468
1;0.000987;0.000296
1;0.000510;0.000130
1;0.000494;0.000143
1;0.000607;0.000185
1;0.000543;0.000131
1;0.000833;0.000196
1;0.000501;0.000282
1;0.000509;0.000129
1;0.001374;0.000164
1;0.000519;0.000132
1;0.001573;0.000334
1;0.001136;0.000705
1;0.000472;0.000118
