nThread;timeInit;timeCount
8;0.011808;0.000276
8;0.021691;0.032114
8;0.000924;0.000523
8;0.000645;0.000515
8;0.000690;0.000267
8;0.002015;0.000546
8;0.000886;0.000229
8;0.001813;0.000376
8;0.010869;0.004277
8;0.053734;0.038213
8;0.026773;0.035909
8;0.007575;0.026423
8;0.038055;0.021867
8;0.017206;0.000409
8;0.045463;0.036083
8;0.031887;0.009950
8;0.078812;0.035092
8;0.011938;0.031060
8;0.033452;0.047630
8;0.022697;0.029353
