nThread;timeInit;timeCount
16;0.556448;0.758499
16;0.786637;0.849935
16;0.506602;0.909929
16;0.572985;0.765558
16;0.637308;0.769180
16;0.618626;0.900010
16;0.776807;0.989965
16;0.808721;0.849969
16;0.546348;0.793326
16;0.586760;0.753346
16;0.496802;0.619934
16;0.887549;1.029958
16;0.696466;0.805362
16;0.706232;0.640137
16;0.773025;0.969977
16;0.587529;0.789974
16;0.566736;0.960169
16;0.818358;0.850110
16;0.657192;1.080155
16;0.778352;0.900088
