nThread;timeInit;timeCount
4;0.000570;0.001188
4;0.000993;0.000188
4;0.001251;0.000150
4;0.001100;0.001005
4;0.000400;0.000142
4;0.000437;0.000171
4;0.001331;0.000293
4;0.001327;0.000186
4;0.000859;0.000182
4;0.000967;0.000184
4;0.000450;0.000180
4;0.000764;0.000206
4;0.000970;0.000211
4;0.000988;0.000301
4;0.000579;0.000185
4;0.001498;0.000208
4;0.000965;0.000221
4;0.000519;0.000202
4;0.000706;0.000205
4;0.001410;0.000342
