nThread;timeInit;timeCount
1;0.001017;0.000838
1;0.000786;0.000720
1;0.000736;0.000564
1;0.000694;0.000636
1;0.001033;0.000797
1;0.000790;0.000703
1;0.001096;0.000841
1;0.000648;0.000749
1;0.000691;0.000693
1;0.000718;0.000606
1;0.000692;0.000674
1;0.000987;0.000871
1;0.000865;0.000719
1;0.000582;0.000624
1;0.000732;0.000519
1;0.000961;0.000871
1;0.000810;0.001016
1;0.001155;0.000642
1;0.000621;0.000743
1;0.000747;0.000542
