nThread;timeInit;timeCount
2;0.000829;0.000174
2;0.001344;0.000415
2;0.000489;0.000207
2;0.000650;0.000193
2;0.001036;0.000171
2;0.000546;0.000154
2;0.001320;0.000272
2;0.001026;0.000320
2;0.000409;0.000150
2;0.000727;0.000182
2;0.001151;0.000153
2;0.000795;0.000172
2;0.000609;0.000150
2;0.000725;0.000209
2;0.000769;0.000199
2;0.000718;0.000294
2;0.000510;0.000384
2;0.000975;0.000162
2;0.000518;0.000150
2;0.000492;0.000147
