nThread;timeInit;timeCount
16;0.027408;0.269946
16;0.019398;0.157386
16;0.001045;0.227836
16;0.037853;0.240074
16;0.026868;0.229863
16;0.035225;0.209926
16;0.026668;0.199903
16;0.037013;0.239987
16;0.039508;0.236115
16;0.010817;0.276998
16;0.000971;0.256918
16;0.056605;0.160093
16;0.029851;0.247869
16;0.003043;0.215552
16;0.029889;0.177790
16;0.026521;0.239909
16;0.036489;0.240010
16;0.025440;0.256089
16;0.009200;0.238545
16;0.016210;0.217453
