nThread;timeInit;timeCount
1;0.001388;0.000288
1;0.001791;0.000318
1;0.002067;0.000335
1;0.001615;0.000210
1;0.001932;0.000284
1;0.001329;0.000197
1;0.001836;0.000290
1;0.001256;0.000263
1;0.001175;0.000175
1;0.001359;0.000225
1;0.001325;0.000232
1;0.001452;0.000269
1;0.001371;0.000217
1;0.001401;0.000229
1;0.001488;0.000238
1;0.001210;0.000203
1;0.001288;0.000194
1;0.001385;0.000241
1;0.001467;0.000257
1;0.001628;0.000286
