nThread;timeInit;timeCount
8;0.000645;0.000518
8;0.000737;0.000513
8;0.001253;0.000493
8;0.000594;0.000462
8;0.000522;0.000400
8;0.025692;0.017736
8;0.007329;0.008341
8;0.002877;0.010512
8;0.002989;0.007877
8;0.004908;0.009121
8;0.002163;0.008024
8;0.005496;0.015011
8;0.001560;0.011200
8;0.003547;0.010777
8;0.003011;0.000548
8;0.000680;0.009640
8;0.004843;0.007801
8;0.000756;0.011572
8;0.002779;0.007087
8;0.003914;0.000504
