nThread;timeInit;timeCount
2;0.162846;0.251509
2;0.142331;0.266584
2;0.135339;0.223408
2;0.165960;0.260790
2;0.154569;0.241258
2;0.173812;0.216574
2;0.158958;0.219590
2;0.135831;0.255580
2;0.153657;0.242679
2;0.169776;0.243767
2;0.158823;0.282626
2;0.151316;0.224276
2;0.157413;0.233458
2;0.157356;0.225567
2;0.144668;0.231931
2;0.150850;0.216989
2;0.152204;0.249859
2;0.158511;0.256495
2;0.152732;0.234946
2;0.153554;0.237252
