nThread;timeInit;timeCount
4;0.165141;0.298772
4;0.158371;0.298962
4;0.157756;0.302716
4;0.159973;0.315383
4;0.158146;0.296703
4;0.159335;0.298877
4;0.154994;0.298505
4;0.157116;0.304475
4;0.159143;0.314596
4;0.168472;0.299685
4;0.158345;0.299060
4;0.157017;0.293493
4;0.156137;0.299099
4;0.155385;0.303788
4;0.156218;0.301265
4;0.167960;0.309370
4;0.168090;0.296100
4;0.156732;0.299564
4;0.157252;0.296027
4;0.155226;0.303529
