nThread;timeInit;timeCount
8;0.284000;1.198978
8;0.264564;0.874903
8;0.330850;1.044647
8;0.293335;0.978102
8;0.381314;0.927800
8;0.288012;0.911987
8;0.521433;1.219493
8;0.353172;1.224423
8;0.409095;0.986783
8;0.314968;1.080182
8;0.399881;0.949045
8;0.323097;1.129293
8;0.336457;0.968485
8;0.248608;1.011174
8;0.349357;0.915272
8;0.283501;1.142748
8;0.436758;0.996604
8;0.369671;0.988805
8;0.344237;0.919672
8;0.550221;0.996902
