nThread;timeInit;timeCount
1;0.194603;0.275428
1;0.193325;0.271395
1;0.190603;0.273308
1;0.189396;0.262141
1;0.192382;0.265120
1;0.191282;0.264943
1;0.192657;0.264875
1;0.189142;0.265503
1;0.192295;0.264888
1;0.192652;0.273893
1;0.192502;0.264942
1;0.190322;0.265544
1;0.190002;0.263543
1;0.196086;0.263365
1;0.191307;0.263474
1;0.191108;0.265966
1;0.190514;0.269394
1;0.189553;0.268860
1;0.188343;0.269827
1;0.190448;0.264368
