nThread;timeInit;timeCount
2;0.001508;0.000528
2;0.000987;0.000377
2;0.001013;0.000359
2;0.001377;0.000355
2;0.001048;0.000347
2;0.001003;0.000361
2;0.000995;0.000326
2;0.001378;0.000395
2;0.001021;0.000477
2;0.001331;0.000381
2;0.001563;0.000352
2;0.001013;0.000371
2;0.001133;0.000405
2;0.001413;0.000385
2;0.001039;0.000325
2;0.001211;0.000335
2;0.001067;0.000356
2;0.001032;0.000349
2;0.001431;0.000365
2;0.001043;0.000335
