nThread;timeInit;timeCount
4;0.001910;0.000337
4;0.001398;0.000268
4;0.001276;0.000241
4;0.001247;0.000271
4;0.001446;0.000279
4;0.001679;0.000275
4;0.001205;0.000288
4;0.001619;0.000268
4;0.001886;0.000247
4;0.001160;0.000239
4;0.001115;0.000487
4;0.001233;0.000285
4;0.001092;0.000321
4;0.001202;0.000243
4;0.001184;0.000227
4;0.001060;0.000350
4;0.001101;0.000274
4;0.001162;0.000280
4;0.000986;0.000281
4;0.001342;0.000228
