nThread;timeInit;timeCount
1;0.001634;0.000384
1;0.001330;0.000330
1;0.001342;0.000337
1;0.001547;0.000386
1;0.001350;0.000349
1;0.001341;0.000527
1;0.001504;0.000374
1;0.002574;0.000545
1;0.001672;0.000491
1;0.001617;0.000382
1;0.001679;0.000431
1;0.002817;0.000620
1;0.001709;0.000458
1;0.002602;0.000721
1;0.001442;0.000345
1;0.001473;0.000394
1;0.002109;0.000456
1;0.002035;0.000430
1;0.001832;0.000446
1;0.001626;0.000366
