nThread;timeInit;timeCount
2;0.010535;0.008531
2;0.011735;0.008439
2;0.010008;0.007181
2;0.012756;0.008157
2;0.009524;0.007695
2;0.008983;0.005816
2;0.008512;0.005573
2;0.008852;0.005870
2;0.008620;0.005764
2;0.012714;0.005596
2;0.008424;0.005716
2;0.008701;0.006055
2;0.008585;0.006038
2;0.008532;0.005638
2;0.008641;0.005756
2;0.008851;0.005742
2;0.008474;0.005608
2;0.012201;0.005673
2;0.012759;0.005651
2;0.008447;0.005712
