nThread;timeInit;timeCount
8;0.007306;0.016652
8;0.008070;0.020411
8;0.011616;0.019179
8;0.010887;0.022033
8;0.006156;0.027947
8;0.006779;0.008513
8;0.007869;0.019542
8;0.014058;0.036028
8;0.007735;0.023639
8;0.012051;0.016791
8;0.006691;0.020937
8;0.013371;0.016107
8;0.007581;0.019806
8;0.009282;0.027103
8;0.009851;0.020067
8;0.010868;0.020148
8;0.008622;0.018659
8;0.009586;0.015910
8;0.012840;0.021002
8;0.007830;0.011966
