nThread;timeInit;timeCount
16;0.076763;0.454666
16;0.067681;0.321531
16;0.076644;0.352493
16;0.077262;0.391986
16;0.047378;0.322155
16;0.029423;0.251814
16;0.023883;0.265208
16;0.067320;0.351810
16;0.068077;0.281868
16;0.022401;0.317540
16;0.067452;0.372665
16;0.077684;0.282379
16;0.065501;0.401710
16;0.038488;0.301986
16;0.038294;0.431745
16;0.037864;0.232342
16;0.020236;0.288232
16;0.077119;0.362434
16;0.037682;0.358158
16;0.067162;0.372015
