nThread;timeInit;timeCount
1;0.015621;0.006859
1;0.013105;0.005484
1;0.014728;0.005641
1;0.013692;0.005744
1;0.013076;0.005629
1;0.015118;0.005786
1;0.015030;0.005653
1;0.013634;0.005390
1;0.012989;0.005685
1;0.014276;0.005845
1;0.014170;0.005646
1;0.013584;0.006469
1;0.014387;0.005652
1;0.014880;0.005651
1;0.013185;0.005409
1;0.013056;0.005504
1;0.014367;0.005633
1;0.013694;0.005470
1;0.013129;0.005534
1;0.013731;0.005599
