nThread;timeInit;timeCount
1;0.011709;0.004958
1;0.013157;0.004811
1;0.012529;0.005309
1;0.012406;0.004004
1;0.011858;0.003799
1;0.011332;0.003691
1;0.012849;0.004922
1;0.012085;0.004712
1;0.011936;0.003802
1;0.013727;0.003643
1;0.013328;0.004176
1;0.013426;0.004694
1;0.013031;0.005356
1;0.011999;0.004065
1;0.011924;0.003696
1;0.011399;0.003636
1;0.012422;0.005013
1;0.012665;0.004884
1;0.011877;0.003821
1;0.012320;0.003936
