nThread;timeInit;timeCount
4;0.080100;0.152136
4;0.078348;0.157309
4;0.075196;0.180384
4;0.080805;0.162094
4;0.083518;0.161444
4;0.081761;0.162313
4;0.076277;0.160997
4;0.084863;0.164558
4;0.074682;0.164281
4;0.082853;0.162900
4;0.088074;0.180266
4;0.096582;0.181928
4;0.091734;0.182272
4;0.092043;0.194727
4;0.085400;0.158300
4;0.078433;0.159672
4;0.080827;0.187222
4;0.085464;0.157120
4;0.080605;0.156558
4;0.077684;0.153902
