nThread;timeInit;timeCount
2;0.098227;0.107285
2;0.098074;0.107071
2;0.108007;0.110244
2;0.099140;0.112334
2;0.104787;0.105887
2;0.097617;0.115392
2;0.093942;0.100398
2;0.102607;0.101898
2;0.115766;0.121093
2;0.103439;0.105744
2;0.099300;0.098914
2;0.105361;0.107816
2;0.097746;0.109986
2;0.101114;0.104366
2;0.095357;0.097083
2;0.165420;0.178442
2;0.114861;0.113600
2;0.101000;0.096770
2;0.108499;0.121887
2;0.114652;0.133521
