nThread;timeInit;timeCount
1;0.133053;0.095474
1;0.133592;0.089804
1;0.134648;0.097061
1;0.133420;0.087811
1;0.134793;0.091875
1;0.136950;0.125552
1;0.147215;0.088566
1;0.133718;0.088293
1;0.134886;0.090789
1;0.132006;0.089209
1;0.135193;0.089916
1;0.134371;0.089806
1;0.131115;0.086781
1;0.135455;0.089670
1;0.133848;0.090294
1;0.134983;0.094820
1;0.133797;0.091354
1;0.134178;0.101598
1;0.152064;0.118983
1;0.144188;0.101055
