nThread;timeInit;timeCount
1;0.150985;0.091382
1;0.163304;0.114970
1;0.164063;0.098968
1;0.157157;0.097573
1;0.162699;0.092888
1;0.156984;0.099264
1;0.162316;0.094244
1;0.157846;0.097254
1;0.162306;0.095274
1;0.162239;0.090038
1;0.157825;0.088735
1;0.157044;0.091197
1;0.160825;0.091652
1;0.173395;0.093592
1;0.163763;0.092571
1;0.165087;0.094981
1;0.156149;0.092084
1;0.165273;0.094191
1;0.163631;0.093186
1;0.161748;0.091851
