nThread;timeInit;timeCount
16;0.806889;1.248857
16;0.806662;1.999388
16;0.861489;1.323074
16;0.726203;2.220316
16;0.836583;1.376640
16;0.886062;2.160139
16;0.756373;1.910314
16;0.796576;1.876828
16;0.846324;1.610686
16;0.656849;1.140126
16;0.549197;1.549059
16;0.838243;1.556132
16;0.806487;2.238079
16;0.609569;1.689276
16;0.653527;1.138844
16;0.818615;1.230296
16;0.766727;1.600297
16;0.679815;1.380146
16;0.516679;1.260342
16;0.788979;1.393083
