nThread;timeInit;timeCount
8;0.068912;0.210816
8;0.071122;0.204763
8;0.069556;0.202951
8;0.070214;0.204610
8;0.067344;0.210968
8;0.072431;0.201317
8;0.068794;0.240835
8;0.128196;0.301748
8;0.085358;0.199864
8;0.069094;0.200533
8;0.072582;0.220075
8;0.101546;0.239674
8;0.092089;0.241485
8;0.101474;0.242202
8;0.100897;0.255556
8;0.098272;0.252805
8;0.126298;0.341516
8;0.154165;0.294944
8;0.108006;0.234184
8;0.105051;0.279305
