nThread;timeInit;timeCount
16;0.027213;0.287934
16;0.037358;0.259981
16;0.037670;0.220099
16;0.019189;0.167685
16;0.034681;0.190014
16;0.026765;0.199963
16;0.017890;0.299966
16;0.036434;0.330022
16;0.001002;0.236923
16;0.036757;0.239989
16;0.026984;0.309934
16;0.027015;0.239907
16;0.027123;0.279914
16;0.019753;0.207262
16;0.026840;0.239922
16;0.027066;0.239902
16;0.027062;0.239360
16;0.046491;0.240062
16;0.009567;0.277619
16;0.046516;0.210054
