nThread;timeInit;timeCount
8;0.014514;0.000230
8;0.024248;0.030481
8;0.023009;0.021863
8;0.016608;0.019406
8;0.034463;0.026423
8;0.038942;0.033640
8;0.023069;0.026688
8;0.047761;0.049463
8;0.030155;0.010009
8;0.045013;0.000285
8;0.027796;0.022660
8;0.039361;0.024324
8;0.002501;0.000441
8;0.026048;0.006502
8;0.002495;0.011849
8;0.002799;0.000388
8;0.000794;0.000230
8;0.027117;0.000285
8;0.019021;0.001359
8;0.033438;0.029071
