nThread;timeInit;timeCount
1;0.000474;0.000105
1;0.000485;0.000114
1;0.000503;0.000117
1;0.000576;0.000118
1;0.000590;0.000117
1;0.000798;0.000129
1;0.000697;0.000166
1;0.000647;0.000178
1;0.000666;0.000155
1;0.000573;0.000193
1;0.000756;0.000137
1;0.000707;0.000307
1;0.000671;0.000159
1;0.001266;0.000149
1;0.000647;0.000116
1;0.000686;0.000154
1;0.000523;0.000156
1;0.000661;0.000134
1;0.000473;0.000117
1;0.000679;0.000116
