nThread;timeInit;timeCount
1;0.000965;0.000772
1;0.001266;0.001089
1;0.001023;0.000718
1;0.000733;0.000844
1;0.001101;0.000724
1;0.000671;0.000714
1;0.000792;0.000846
1;0.000742;0.000636
1;0.000856;0.000756
1;0.001158;0.000986
1;0.000870;0.000830
1;0.000779;0.000736
1;0.000717;0.000686
1;0.000731;0.000680
1;0.000729;0.000672
1;0.001162;0.000943
1;0.001310;0.000866
1;0.000709;0.000909
1;0.001037;0.000820
1;0.000731;0.000753
