nThread;timeInit;timeCount
16;0.835295;1.049982
16;0.764924;0.959115
16;0.676496;0.819945
16;0.756556;0.692326
16;0.537748;0.709606
16;0.755433;0.914810
16;0.916332;0.829965
16;0.587183;0.630005
16;0.836514;1.039945
16;0.600369;0.784904
16;0.705984;0.679985
16;0.757077;0.819878
16;0.766852;0.809917
16;0.754678;0.609939
16;0.746576;0.699987
16;0.496856;0.739996
16;0.796494;0.859957
16;0.755915;0.679982
16;0.704125;0.838114
16;0.656827;0.696247
