nThread;timeInit;timeCount
4;0.000888;0.000184
4;0.000491;0.000190
4;0.001486;0.000439
4;0.001215;0.000277
4;0.001215;0.000216
4;0.001287;0.000231
4;0.001392;0.000200
4;0.001036;0.000181
4;0.000834;0.000196
4;0.000965;0.000256
4;0.000723;0.000456
4;0.000674;0.000251
4;0.000605;0.000205
4;0.000661;0.000181
4;0.000567;0.000198
4;0.000864;0.000242
4;0.000780;0.000209
4;0.000514;0.000189
4;0.000527;0.000188
4;0.001649;0.000209
