nThread;timeInit;timeCount
2;0.000586;0.000170
2;0.000788;0.000263
2;0.000473;0.000192
2;0.000536;0.000146
2;0.000433;0.000175
2;0.001071;0.000350
2;0.000413;0.000149
2;0.000631;0.000333
2;0.000516;0.000667
2;0.000645;0.000138
2;0.000495;0.000139
2;0.000493;0.000181
2;0.000775;0.000277
2;0.000762;0.000148
2;0.000911;0.000157
2;0.000396;0.000146
2;0.000699;0.000208
2;0.000517;0.000292
2;0.000679;0.000167
2;0.000526;0.000141
