nThread;timeInit;timeCount
8;0.044363;0.041513
8;0.045107;0.036516
8;0.042317;0.036558
8;0.042804;0.035631
8;0.048764;0.038139
8;0.043799;0.037149
8;0.045239;0.038072
8;0.043966;0.039457
8;0.044418;0.034576
8;0.043742;0.039225
8;0.044712;0.036372
8;0.044138;0.037641
8;0.044213;0.054879
8;0.042875;0.037333
8;0.047260;0.040053
8;0.043000;0.037984
8;0.043772;0.039548
8;0.044140;0.034577
8;0.045215;0.037997
8;0.042920;0.037449
