nThread;timeInit;timeCount
16;0.447372;0.849876
16;0.586457;0.669490
16;0.537947;0.730112
16;0.238739;0.750444
16;0.407931;0.481522
16;0.567479;0.540090
16;0.707091;0.870271
16;0.207645;0.819860
16;0.718076;0.549786
16;0.187878;0.689893
16;0.497419;0.779367
16;0.408778;0.548000
16;0.436284;0.733130
16;0.467891;0.549742
16;0.278769;0.479650
16;0.448013;1.029889
16;0.496754;0.878764
16;0.707406;0.631302
16;0.079302;0.338118
16;0.497300;0.809514
