nThread;timeInit;timeCount
2;0.085497;0.038116
2;0.087999;0.038543
2;0.097672;0.039490
2;0.082514;0.039097
2;0.101859;0.039927
2;0.087480;0.039490
2;0.084690;0.039293
2;0.085268;0.039128
2;0.077373;0.036884
2;0.111879;0.035555
2;0.070035;0.033411
2;0.081570;0.037494
2;0.088197;0.036331
2;0.080298;0.054889
2;0.094863;0.039283
2;0.078688;0.042972
2;0.085793;0.038669
2;0.078647;0.039144
2;0.089929;0.054548
2;0.077111;0.038922
