nThread;timeInit;timeCount
1;0.102529;0.028328
1;0.096824;0.027276
1;0.113311;0.034560
1;0.129685;0.033973
1;0.120207;0.033351
1;0.118193;0.032949
1;0.114827;0.034001
1;0.120783;0.032575
1;0.120135;0.035546
1;0.122721;0.033627
1;0.118351;0.032741
1;0.108857;0.029064
1;0.098638;0.029839
1;0.096755;0.028284
1;0.110336;0.032662
1;0.117357;0.033060
1;0.119952;0.033628
1;0.124842;0.033351
1;0.118187;0.033600
1;0.120603;0.033915
