nThread;timeInit;timeCount
4;0.062376;0.041628
4;0.070323;0.046607
4;0.061352;0.036723
4;0.070045;0.042583
4;0.060136;0.037725
4;0.058181;0.039347
4;0.059445;0.041348
4;0.068732;0.038124
4;0.062241;0.040925
4;0.066178;0.037627
4;0.058885;0.038803
4;0.056576;0.040710
4;0.055001;0.036057
4;0.052294;0.035875
4;0.069289;0.038066
4;0.081383;0.047271
4;0.073205;0.043098
4;0.066890;0.035572
4;0.058430;0.039757
4;0.064559;0.037674
