nThread;timeInit;timeCount
1;0.106549;0.044397
1;0.105138;0.052217
1;0.125871;0.052330
1;0.127790;0.053161
1;0.140788;0.052289
1;0.128402;0.054480
1;0.131263;0.052749
1;0.153111;0.055954
1;0.141491;0.046750
1;0.105778;0.047383
1;0.102359;0.063781
1;0.126935;0.054320
1;0.130382;0.052386
1;0.126232;0.053204
1;0.139648;0.051614
1;0.125967;0.051280
1;0.127641;0.053394
1;0.125417;0.046699
1;0.102305;0.048689
1;0.103186;0.043676
