nThread;timeInit;timeCount
2;0.002179;0.000429
2;0.001960;0.000614
2;0.001344;0.000453
2;0.001488;0.000492
2;0.001086;0.000432
2;0.001076;0.000426
2;0.001087;0.000422
2;0.001106;0.000398
2;0.001093;0.000419
2;0.001201;0.000402
2;0.001072;0.000446
2;0.001588;0.000419
2;0.001173;0.000399
2;0.001079;0.000428
2;0.001065;0.000400
2;0.001192;0.000458
2;0.001137;0.000447
2;0.001265;0.000398
2;0.001426;0.000667
2;0.001192;0.000391
