nThread;timeInit;timeCount
1;0.001704;0.000372
1;0.001710;0.000473
1;0.001925;0.000386
1;0.001643;0.000358
1;0.001754;0.000400
1;0.001618;0.000391
1;0.001640;0.000474
1;0.001622;0.000447
1;0.001598;0.000400
1;0.001640;0.000378
1;0.001658;0.000349
1;0.001668;0.000476
1;0.001600;0.000398
1;0.001746;0.000357
1;0.001714;0.000647
1;0.001754;0.000387
1;0.001781;0.000389
1;0.001680;0.000442
1;0.001606;0.000371
1;0.001599;0.000401
