nThread;timeInit;timeCount
8;0.005971;0.017188
8;0.000695;0.006524
8;0.001954;0.005450
8;0.001106;0.000533
8;0.008001;0.006789
8;0.001922;0.000484
8;0.000551;0.006560
8;0.013532;0.019448
8;0.004041;0.009498
8;0.002844;0.014558
8;0.006276;0.011027
8;0.000551;0.000489
8;0.000542;0.000455
8;0.003631;0.004830
8;0.004350;0.014084
8;0.001129;0.003274
8;0.005749;0.009435
8;0.006488;0.008757
8;0.000965;0.014367
8;0.006131;0.008132
