nThread;timeInit;timeCount
16;0.000955;0.167222
16;0.027369;0.339952
16;0.011153;0.357513
16;0.022238;0.284261
16;0.028133;0.210007
16;0.018173;0.267488
16;0.036034;0.210001
16;0.001000;0.206845
16;0.026820;0.319775
16;0.039159;0.217471
16;0.018683;0.247716
16;0.036777;0.239974
16;0.027169;0.239931
16;0.019414;0.207670
16;0.018845;0.237612
16;0.036996;0.180092
16;0.001023;0.227737
16;0.037110;0.229956
16;0.001085;0.224812
16;0.026938;0.259903
