nThread;timeInit;timeCount
4;0.001182;0.000385
4;0.001164;0.000402
4;0.001348;0.000358
4;0.001366;0.000366
4;0.001283;0.000369
4;0.001246;0.000512
4;0.001164;0.000375
4;0.001150;0.000404
4;0.001153;0.000360
4;0.001227;0.000417
4;0.001125;0.000428
4;0.001062;0.000308
4;0.000952;0.000330
4;0.001076;0.000823
4;0.001173;0.000401
4;0.001223;0.000393
4;0.001596;0.000379
4;0.001143;0.000418
4;0.000804;0.000345
4;0.000782;0.000293
