nThread;timeInit;timeCount
1;0.001513;0.000468
1;0.001766;0.000552
1;0.001543;0.000603
1;0.001582;0.000608
1;0.001723;0.000504
1;0.001530;0.000467
1;0.001713;0.000458
1;0.001516;0.000449
1;0.001547;0.000453
1;0.001487;0.000453
1;0.001487;0.000462
1;0.001488;0.000499
1;0.001692;0.000631
1;0.001601;0.000529
1;0.001669;0.000569
1;0.001915;0.000547
1;0.001572;0.000481
1;0.001899;0.000527
1;0.001560;0.000590
1;0.001549;0.000503
