nThread;timeInit;timeCount
4;0.000523;0.030462
4;0.000098;0.027720
4;0.000380;0.024790
4;0.000410;0.025705
4;0.000113;0.027509
4;0.000337;0.024705
4;0.000987;0.026624
4;0.000410;0.025121
4;0.000095;0.027792
4;0.000437;0.028186
4;0.000094;0.026364
4;0.000529;0.024166
4;0.000464;0.026717
4;0.000445;0.027397
4;0.000098;0.028245
4;0.000303;0.024828
4;0.000718;0.025201
4;0.000092;0.030100
4;0.001099;0.027051
4;0.000111;0.028557
