nThread;timeInit;timeCount
1;0.000264;0.012184
1;0.000343;0.012978
1;0.000188;0.012188
1;0.000324;0.011678
1;0.000183;0.011908
1;0.000192;0.011803
1;0.000191;0.012087
1;0.000190;0.012336
1;0.000189;0.011824
1;0.000290;0.011654
1;0.000264;0.012104
1;0.000188;0.011349
1;0.000186;0.011084
1;0.000171;0.012381
1;0.000203;0.011804
1;0.000290;0.011758
1;0.000180;0.012412
1;0.000201;0.011486
1;0.000261;0.011093
1;0.000243;0.011357
