nThread;timeInit;timeCount
16;0.028491;1.072483
16;0.027675;0.736947
16;0.036661;0.578246
16;0.000551;0.688381
16;0.009842;0.737527
16;0.021260;0.377041
16;0.048400;1.090251
16;0.026500;0.701638
16;0.036216;1.427225
16;0.028682;0.645557
16;0.018945;0.595502
16;0.029625;0.746318
16;0.000824;0.665792
16;0.009834;0.995662
16;0.037996;0.707757
16;0.009202;1.046918
16;0.036865;0.667705
16;0.009922;1.055891
16;0.036934;0.764481
16;0.007782;0.847567
