nThread;timeInit;timeCount
2;0.000113;0.022431
2;0.000094;0.015731
2;0.000090;0.018704
2;0.000641;0.016271
2;0.000457;0.015480
2;0.000087;0.015863
2;0.000097;0.015516
2;0.000088;0.015610
2;0.000099;0.015954
2;0.000128;0.015404
2;0.000434;0.015842
2;0.000515;0.015021
2;0.000090;0.015260
2;0.000214;0.015244
2;0.000791;0.015437
2;0.000092;0.015924
2;0.000135;0.016251
2;0.000540;0.019686
2;0.000089;0.015481
2;0.000087;0.017537
