nThread;timeInit;timeCount
1;0.000149;0.013526
1;0.000150;0.011102
1;0.000164;0.012219
1;0.000133;0.011657
1;0.000135;0.011679
1;0.000145;0.012084
1;0.000136;0.012165
1;0.000142;0.010963
1;0.000134;0.013716
1;0.000165;0.011532
1;0.000154;0.011009
1;0.000129;0.012615
1;0.000158;0.011285
1;0.000208;0.011955
1;0.000133;0.011120
1;0.000152;0.011010
1;0.000139;0.013034
1;0.000134;0.011521
1;0.000324;0.012499
1;0.000247;0.012860
