nThread;timeInit;timeCount
8;0.000942;0.054116
8;0.004349;0.054737
8;0.001167;0.047182
8;0.002959;0.057861
8;0.002687;0.043918
8;0.003791;0.056618
8;0.004208;0.058703
8;0.004406;0.043967
8;0.000258;0.039637
8;0.000098;0.041154
8;0.000083;0.040037
8;0.000146;0.045353
8;0.007446;0.053078
8;0.001973;0.048445
8;0.000089;0.053396
8;0.000082;0.044559
8;0.001029;0.050008
8;0.001453;0.046612
8;0.004915;0.051496
8;0.003235;0.056337
