nThread;timeInit;timeCount
1;0.001543;0.002191
1;0.001405;0.002134
1;0.001606;0.002092
1;0.002039;0.002109
1;0.001475;0.001696
1;0.001345;0.001894
1;0.001349;0.001672
1;0.001312;0.001826
1;0.001314;0.001880
1;0.001392;0.002096
1;0.002215;0.002140
1;0.001867;0.002099
1;0.001399;0.001707
1;0.002027;0.002327
1;0.001229;0.001801
1;0.001565;0.002018
1;0.001308;0.001787
1;0.001349;0.001695
1;0.001193;0.001463
1;0.001172;0.001415
