nThread;timeInit;timeCount
8;0.034896;0.064280
8;0.030968;0.054309
8;0.007793;0.033431
8;0.025517;0.070487
8;0.033366;0.052487
8;0.022283;0.057032
8;0.049761;0.093239
8;0.036015;0.071685
8;0.045432;0.055127
8;0.027709;0.043485
8;0.034242;0.051972
8;0.030366;0.055934
8;0.018017;0.064427
8;0.038088;0.039951
8;0.000901;0.032009
8;0.000831;0.032374
8;0.001193;0.031667
8;0.001035;0.072661
8;0.027709;0.055086
8;0.030139;0.068042
