nThread;timeInit;timeCount
16;0.720778;1.549989
16;0.806134;1.459987
16;0.748323;1.219984
16;0.548451;1.289987
16;0.617532;1.090056
16;0.677844;1.509985
16;0.826698;1.809978
16;0.526415;1.255935
16;0.597306;1.453168
16;0.856319;1.563004
16;0.777109;1.429971
16;0.718257;0.932410
16;0.686314;1.199946
16;0.785938;1.441167
16;0.727294;1.449980
16;0.478456;1.079984
16;0.684543;1.449979
16;0.684699;1.394783
16;0.736085;1.239988
16;0.893295;1.499988
