nThread;timeInit;timeCount
1;0.000752;0.004519
1;0.000465;0.004467
1;0.000457;0.004964
1;0.000665;0.004910
1;0.000618;0.004214
1;0.000486;0.003568
1;0.000720;0.004527
1;0.000530;0.003604
1;0.000496;0.003730
1;0.000450;0.004134
1;0.000431;0.004777
1;0.000634;0.004880
1;0.000553;0.003391
1;0.000488;0.003968
1;0.000458;0.008297
1;0.000686;0.004397
1;0.000496;0.003464
1;0.000431;0.003543
1;0.000446;0.004081
1;0.000662;0.005233
