nThread;timeInit;timeCount
2;0.000499;0.008818
2;0.000890;0.007322
2;0.000484;0.007331
2;0.000548;0.007969
2;0.000576;0.009082
2;0.000628;0.007571
2;0.000383;0.006876
2;0.000428;0.007174
2;0.000665;0.007612
2;0.000450;0.007386
2;0.000506;0.008149
2;0.000495;0.008358
2;0.000496;0.007164
2;0.000509;0.007732
2;0.000491;0.007278
2;0.001032;0.007054
2;0.000424;0.007458
2;0.000729;0.009302
2;0.000502;0.007754
2;0.000582;0.006916
