nThread;timeInit;timeCount
1;0.000303;0.003914
1;0.000396;0.003839
1;0.000338;0.003878
1;0.000381;0.003563
1;0.000332;0.003855
1;0.000333;0.003654
1;0.000352;0.003732
1;0.000332;0.003666
1;0.000344;0.003756
1;0.000427;0.003764
1;0.000413;0.004535
1;0.000459;0.004381
1;0.000382;0.004644
1;0.000387;0.005358
1;0.000562;0.005177
1;0.000508;0.005316
1;0.000463;0.005655
1;0.000385;0.004675
1;0.000439;0.004556
1;0.000372;0.004797
