nThread;timeInit;timeCount
4;0.001568;0.021872
4;0.001162;0.015337
4;0.000975;0.015746
4;0.000480;0.016296
4;0.001014;0.015988
4;0.000907;0.016315
4;0.000991;0.014961
4;0.000583;0.015512
4;0.000527;0.015177
4;0.000643;0.017632
4;0.000813;0.015546
4;0.000960;0.014501
4;0.001015;0.013922
4;0.000677;0.015088
4;0.000767;0.014997
4;0.000766;0.014581
4;0.001237;0.014915
4;0.001201;0.015966
4;0.001374;0.015935
4;0.001405;0.021410
