nThread;timeInit;timeCount
2;0.000226;0.019038
2;0.000549;0.015692
2;0.000088;0.016224
2;0.000096;0.014957
2;0.000122;0.018058
2;0.000174;0.016142
2;0.000268;0.015835
2;0.000127;0.016179
2;0.000716;0.015382
2;0.000158;0.019489
2;0.000249;0.015854
2;0.000091;0.015416
2;0.000100;0.015063
2;0.000092;0.015497
2;0.000498;0.017083
2;0.000088;0.015965
2;0.000096;0.019137
2;0.000092;0.015744
2;0.000504;0.016261
2;0.000088;0.018133
