nThread;timeInit;timeCount
1;0.015728;0.005150
1;0.015049;0.004457
1;0.024858;0.005361
1;0.014549;0.004469
1;0.015560;0.004394
1;0.014395;0.004396
1;0.013945;0.004248
1;0.015017;0.004602
1;0.015556;0.004249
1;0.014856;0.004281
1;0.014211;0.004474
1;0.014234;0.005317
1;0.015642;0.004430
1;0.014872;0.004343
1;0.014340;0.004250
1;0.015178;0.005178
1;0.015106;0.004564
1;0.014500;0.004244
1;0.016412;0.004246
1;0.014149;0.004486
