nThread;timeInit;timeCount
16;0.022112;0.205662
16;0.067678;0.301558
16;0.030603;0.216920
16;0.018489;0.206352
16;0.047153;0.190034
16;0.040277;0.320504
16;0.066520;0.270540
16;0.066373;0.240493
16;0.048044;0.260743
16;0.077177;0.290260
16;0.038255;0.300222
16;0.076622;0.240153
16;0.020835;0.246691
16;0.077270;0.210311
16;0.021018;0.256358
16;0.037937;0.210256
16;0.038300;0.270265
16;0.057356;0.240732
16;0.086927;0.210764
16;0.077689;0.240599
