nThread;timeInit;timeCount
1;0.012942;0.005736
1;0.015788;0.004862
1;0.014569;0.003845
1;0.013796;0.003958
1;0.014427;0.003628
1;0.013836;0.003974
1;0.015211;0.003954
1;0.014523;0.004070
1;0.016675;0.003606
1;0.015096;0.003702
1;0.015325;0.003372
1;0.015828;0.003468
1;0.015281;0.003656
1;0.015436;0.003765
1;0.015680;0.003765
1;0.015269;0.005254
1;0.015687;0.004153
1;0.015242;0.003761
1;0.015359;0.003860
1;0.016359;0.003481
