nThread;timeInit;timeCount
8;0.009134;0.011886
8;0.027337;0.013068
8;0.006774;0.017068
8;0.012569;0.017680
8;0.008268;0.024319
8;0.006668;0.015647
8;0.008709;0.007124
8;0.006494;0.003466
8;0.016295;0.038747
8;0.012918;0.028333
8;0.011308;0.013285
8;0.006991;0.013735
8;0.015073;0.012326
8;0.006279;0.008765
8;0.016774;0.013191
8;0.007852;0.009501
8;0.013716;0.012439
8;0.009920;0.014141
8;0.006917;0.013968
8;0.009032;0.016043
