nThread;timeInit;timeCount
2;0.008678;0.005399
2;0.008430;0.003918
2;0.010986;0.003848
2;0.008497;0.003801
2;0.009008;0.003669
2;0.010580;0.005695
2;0.008248;0.003577
2;0.009388;0.003684
2;0.008492;0.003571
2;0.008252;0.003582
2;0.008088;0.003901
2;0.008187;0.003745
2;0.009239;0.003893
2;0.013750;0.003989
2;0.008347;0.003730
2;0.010437;0.005721
2;0.008349;0.003603
2;0.008519;0.003671
2;0.008123;0.003603
2;0.008287;0.003773
