nThread;timeInit;timeCount
4;0.064229;0.038773
4;0.064559;0.039228
4;0.062768;0.038651
4;0.071368;0.041967
4;0.062856;0.041650
4;0.063925;0.040714
4;0.072358;0.043243
4;0.062381;0.043542
4;0.070147;0.046399
4;0.080153;0.042691
4;0.081470;0.047030
4;0.072543;0.040250
4;0.070774;0.041693
4;0.067390;0.041461
4;0.066956;0.041395
4;0.072577;0.039989
4;0.066797;0.041749
4;0.076832;0.046794
4;0.074818;0.044503
4;0.066187;0.037316
