nThread;timeInit;timeCount
2;0.080054;0.035095
2;0.087416;0.037570
2;0.085004;0.033556
2;0.089362;0.034480
2;0.084778;0.035125
2;0.074117;0.033784
2;0.084776;0.033384
2;0.072985;0.035026
2;0.088866;0.033600
2;0.075999;0.033417
2;0.074489;0.038128
2;0.091605;0.033716
2;0.084925;0.034559
2;0.077267;0.032566
2;0.075540;0.032248
2;0.083226;0.034312
2;0.071674;0.036766
2;0.087101;0.032826
2;0.076944;0.033386
2;0.078399;0.035638
