nThread;timeInit;timeCount
8;0.038865;0.053540
8;0.036478;0.046552
8;0.048014;0.046561
8;0.033300;0.018597
8;0.032268;0.033230
8;0.060188;0.043008
8;0.034753;0.037256
8;0.035170;0.047599
8;0.033894;0.040987
8;0.026532;0.026132
8;0.042457;0.048590
8;0.036374;0.040110
8;0.029846;0.049678
8;0.047962;0.048395
8;0.019815;0.018084
8;0.037822;0.037691
8;0.036713;0.065196
8;0.037180;0.055311
8;0.010359;0.027619
8;0.041831;0.047282
