nThread;timeInit;timeCount
1;0.016509;0.008596
1;0.015251;0.007528
1;0.016319;0.007736
1;0.015143;0.007632
1;0.014357;0.007370
1;0.013257;0.007399
1;0.015917;0.007502
1;0.014097;0.007544
1;0.015495;0.007377
1;0.014132;0.008003
1;0.015283;0.007405
1;0.014397;0.007694
1;0.013986;0.007649
1;0.015448;0.007347
1;0.015175;0.007523
1;0.013551;0.007450
1;0.014564;0.007458
1;0.013699;0.008107
1;0.015462;0.007932
1;0.013729;0.007571
