nThread;timeInit;timeCount
2;0.010658;0.008682
2;0.009530;0.008069
2;0.010184;0.007535
2;0.009478;0.007466
2;0.010123;0.007551
2;0.009218;0.007560
2;0.009815;0.007871
2;0.009954;0.008149
2;0.012892;0.008509
2;0.009361;0.007461
2;0.009645;0.007663
2;0.009776;0.007669
2;0.010253;0.010172
2;0.009573;0.008164
2;0.009694;0.007927
2;0.014555;0.007687
2;0.010541;0.009205
2;0.012285;0.010106
2;0.011472;0.010282
2;0.010999;0.008387
