nThread;timeInit;timeCount
16;0.757184;0.939993
16;0.554685;0.940012
16;0.687487;1.040029
16;0.756238;1.076388
16;0.746534;0.830026
16;0.581696;0.940240
16;0.746565;0.839946
16;0.708619;0.996798
16;0.726876;0.790081
16;0.587877;0.946881
16;0.626526;0.832484
16;0.674262;0.873199
16;0.807619;0.878551
16;0.756694;1.009999
16;0.756864;1.120474
16;0.837721;0.917593
16;0.676694;1.079754
16;0.816494;0.980088
16;0.809259;1.026651
16;0.837934;0.979730
