nThread;timeInit;timeCount
1;0.062443;0.056533
1;0.062166;0.057126
1;0.056178;0.051003
1;0.057650;0.052492
1;0.063168;0.051257
1;0.064117;0.054124
1;0.061779;0.053541
1;0.054857;0.054551
1;0.063520;0.050104
1;0.053608;0.073781
1;0.052187;0.052476
1;0.056660;0.052749
1;0.057156;0.054284
1;0.053761;0.051598
1;0.077136;0.054113
1;0.055765;0.054270
1;0.053861;0.052806
1;0.053520;0.059448
1;0.052156;0.054211
1;0.056668;0.050791
