nThread;timeInit;timeCount
4;0.009119;0.008369
4;0.009629;0.009363
4;0.010078;0.009853
4;0.009269;0.009973
4;0.007962;0.009665
4;0.010095;0.009047
4;0.008021;0.009827
4;0.009494;0.008241
4;0.008413;0.009841
4;0.009727;0.009760
4;0.012372;0.009637
4;0.009957;0.010879
4;0.010683;0.008466
4;0.008734;0.009045
4;0.008830;0.009190
4;0.009820;0.009567
4;0.008411;0.008738
4;0.009764;0.009385
4;0.009817;0.009462
4;0.008745;0.008022
