nThread;timeInit;timeCount
8;0.007976;0.011701
8;0.010034;0.015469
8;0.008890;0.005698
8;0.008883;0.011576
8;0.008759;0.009893
8;0.007126;0.013347
8;0.008525;0.013605
8;0.008488;0.008795
8;0.009193;0.011294
8;0.007643;0.007577
8;0.010464;0.013432
8;0.007781;0.013381
8;0.012743;0.013210
8;0.011345;0.006286
8;0.014800;0.007211
8;0.007659;0.011068
8;0.006280;0.015474
8;0.006940;0.005699
8;0.008616;0.015314
8;0.015037;0.021476
