nThread;timeInit;timeCount
1;0.015549;0.004396
1;0.015082;0.003757
1;0.014000;0.004081
1;0.013165;0.003624
1;0.013599;0.003990
1;0.014271;0.004379
1;0.013565;0.004198
1;0.013383;0.003521
1;0.013479;0.003803
1;0.013580;0.003679
1;0.013278;0.003388
1;0.013139;0.003845
1;0.013125;0.003578
1;0.013247;0.003575
1;0.013135;0.003911
1;0.013265;0.003695
1;0.014578;0.003904
1;0.013848;0.003854
1;0.014449;0.004034
1;0.014495;0.003705
