nThread;timeInit;timeCount
4;0.008113;0.003636
4;0.008107;0.003705
4;0.007287;0.004170
4;0.008440;0.004031
4;0.007982;0.004220
4;0.006137;0.003782
4;0.008556;0.003835
4;0.008244;0.003884
4;0.007674;0.004179
4;0.008100;0.003989
4;0.008462;0.003674
4;0.008228;0.004036
4;0.007334;0.003639
4;0.008554;0.003772
4;0.008436;0.003320
4;0.011044;0.004423
4;0.009604;0.005004
4;0.009014;0.004478
4;0.007501;0.003326
4;0.007801;0.003881
