nThread;timeInit;timeCount
16;0.047718;0.310443
16;0.075734;0.260160
16;0.057556;0.230186
16;0.047997;0.290285
16;0.086336;0.240633
16;0.047451;0.270077
16;0.037827;0.170435
16;0.066930;0.200474
16;0.074486;0.253302
16;0.067286;0.251107
16;0.029421;0.196069
16;0.067359;0.290514
16;0.058283;0.270296
16;0.086904;0.240764
16;0.028107;0.270686
16;0.021296;0.206191
16;0.048113;0.260357
16;0.048856;0.320647
16;0.037947;0.220710
16;0.077039;0.251076
