nThread;timeInit;timeCount
1;0.014995;0.002478
1;0.013249;0.001947
1;0.011935;0.001810
1;0.012362;0.002717
1;0.012846;0.001851
1;0.011608;0.001856
1;0.011124;0.002185
1;0.013816;0.002198
1;0.011312;0.001878
1;0.012524;0.001908
1;0.011312;0.001702
1;0.012462;0.002319
1;0.012766;0.001836
1;0.011495;0.001928
1;0.011907;0.001832
1;0.011445;0.001881
1;0.012189;0.002398
1;0.012164;0.001763
1;0.011526;0.002148
1;0.013090;0.001756
