nThread;timeInit;timeCount
2;0.010051;0.003555
2;0.008669;0.003530
2;0.008572;0.004166
2;0.009358;0.004622
2;0.008737;0.003412
2;0.009102;0.003614
2;0.008836;0.004712
2;0.012103;0.005066
2;0.011108;0.003897
2;0.008532;0.003423
2;0.008935;0.003666
2;0.008680;0.003873
2;0.009745;0.003680
2;0.008603;0.003671
2;0.008579;0.003602
2;0.008638;0.003722
2;0.008547;0.003745
2;0.008842;0.003782
2;0.012424;0.003730
2;0.008719;0.003515
