nThread;timeInit;timeCount
16;0.030232;0.333526
16;0.038331;0.326639
16;0.067819;0.285880
16;0.038297;0.476474
16;0.068099;0.326591
16;0.021874;0.371836
16;0.021043;0.302422
16;0.075476;0.299437
16;0.046608;0.456739
16;0.030327;0.363117
16;0.067011;0.376960
16;0.066719;0.166203
16;0.038225;0.326297
16;0.076872;0.336641
16;0.067363;0.396469
16;0.038406;0.296167
16;0.067974;0.422378
16;0.020708;0.342205
16;0.067088;0.366215
16;0.077900;0.326279
