nThread;timeInit;timeCount
4;0.008462;0.015932
4;0.007876;0.013626
4;0.008184;0.014086
4;0.008210;0.013596
4;0.006800;0.012682
4;0.008509;0.013172
4;0.006976;0.014929
4;0.009083;0.015394
4;0.007197;0.014391
4;0.007148;0.014207
4;0.006050;0.013225
4;0.006605;0.013978
4;0.006747;0.013158
4;0.007730;0.013991
4;0.008145;0.013836
4;0.007696;0.013403
4;0.007641;0.014226
4;0.009227;0.014334
4;0.007350;0.013059
4;0.007721;0.014149
