nThread;timeInit;timeCount
8;0.008877;0.026579
8;0.009758;0.029681
8;0.010350;0.027525
8;0.008297;0.023847
8;0.008759;0.017610
8;0.010792;0.030969
8;0.009961;0.034560
8;0.010360;0.023766
8;0.010456;0.026106
8;0.012496;0.026614
8;0.007991;0.020291
8;0.006582;0.023491
8;0.006667;0.023614
8;0.008344;0.027998
8;0.007959;0.024999
8;0.008981;0.025616
8;0.010309;0.017239
8;0.010352;0.018997
8;0.006460;0.026362
8;0.013531;0.031385
