nThread;timeInit;timeCount
1;0.015860;0.016036
1;0.014607;0.016284
1;0.016024;0.015923
1;0.015310;0.015510
1;0.014620;0.016019
1;0.014620;0.015224
1;0.014589;0.015057
1;0.014122;0.015364
1;0.014876;0.015667
1;0.015454;0.015683
1;0.016034;0.015810
1;0.015113;0.015485
1;0.014735;0.015205
1;0.014067;0.014808
1;0.014178;0.015146
1;0.014526;0.015671
1;0.017314;0.021207
1;0.015314;0.015685
1;0.014189;0.015297
1;0.015189;0.015244
