nThread;timeInit;timeCount
1;0.015622;0.018134
1;0.016019;0.017257
1;0.014976;0.018987
1;0.014875;0.017333
1;0.014923;0.017404
1;0.015046;0.018061
1;0.017553;0.017566
1;0.014977;0.017080
1;0.014898;0.018064
1;0.015341;0.018169
1;0.014836;0.017194
1;0.017380;0.017348
1;0.014135;0.016354
1;0.015006;0.017779
1;0.014909;0.016549
1;0.014382;0.016490
1;0.016145;0.017643
1;0.014614;0.017963
1;0.014714;0.018268
1;0.014337;0.016001
