nThread;timeInit;timeCount
2;0.008751;0.015527
2;0.008421;0.012835
2;0.008377;0.012941
2;0.008870;0.014692
2;0.008095;0.013495
2;0.009342;0.013001
2;0.008482;0.012529
2;0.008085;0.012389
2;0.008168;0.012167
2;0.008055;0.012138
2;0.008390;0.016722
2;0.008786;0.013385
2;0.008379;0.014404
2;0.008327;0.012722
2;0.008515;0.015864
2;0.009280;0.013007
2;0.008393;0.012860
2;0.008038;0.012642
2;0.008249;0.016195
2;0.008480;0.012170
