nThread;timeInit;timeCount
16;0.676847;1.449990
16;0.714565;1.348572
16;0.688576;1.309173
16;0.536500;1.122409
16;0.616913;1.232332
16;0.798386;1.679979
16;0.820265;1.463291
16;0.576702;0.960100
16;0.642611;1.039965
16;0.706889;1.509979
16;0.708005;1.318264
16;0.666988;1.189988
16;0.596283;1.469993
16;0.806795;1.412287
16;0.656432;1.809987
16;0.626753;1.499978
16;0.766330;1.805111
16;0.594066;0.989161
16;0.706727;1.375397
16;0.553266;1.303000
