nThread;timeInit;timeCount
4;0.000544;0.017112
4;0.000982;0.015538
4;0.001240;0.015182
4;0.001367;0.015205
4;0.000913;0.014517
4;0.000974;0.014800
4;0.000937;0.017618
4;0.000634;0.015247
4;0.000758;0.015385
4;0.000570;0.016507
4;0.000739;0.015933
4;0.000542;0.015328
4;0.001319;0.016228
4;0.000936;0.015471
4;0.001558;0.015599
4;0.001145;0.016157
4;0.000598;0.016636
4;0.000515;0.016261
4;0.001438;0.016535
4;0.000526;0.016402
