nThread;timeInit;timeCount
8;0.000650;0.032968
8;0.004333;0.031540
8;0.032131;0.127358
8;0.020217;0.051950
8;0.039756;0.058483
8;0.031303;0.088635
8;0.054748;0.072235
8;0.029800;0.071242
8;0.002979;0.061788
8;0.031851;0.076536
8;0.032839;0.069848
8;0.013332;0.065205
8;0.019572;0.037997
8;0.007461;0.063177
8;0.040889;0.059015
8;0.000807;0.032235
8;0.000800;0.039349
8;0.001635;0.032645
8;0.026865;0.078661
8;0.021143;0.069026
