nThread;timeInit;timeCount
1;0.000371;0.005572
1;0.000496;0.005849
1;0.000382;0.004965
1;0.000383;0.006235
1;0.000404;0.005538
1;0.000417;0.006216
1;0.000367;0.005876
1;0.000625;0.005694
1;0.000410;0.005750
1;0.000492;0.005464
1;0.000454;0.005781
1;0.000393;0.004992
1;0.000386;0.005044
1;0.000371;0.004910
1;0.000385;0.004891
1;0.000379;0.004765
1;0.000353;0.007869
1;0.000466;0.006006
1;0.000349;0.005924
1;0.000382;0.006176
