nThread;timeInit;timeCount
2;0.000483;0.010266
2;0.000399;0.008322
2;0.000537;0.010467
2;0.000754;0.008585
2;0.001028;0.011508
2;0.001329;0.009511
2;0.000479;0.008986
2;0.000922;0.009140
2;0.000940;0.010034
2;0.000470;0.008880
2;0.000735;0.009037
2;0.000470;0.008854
2;0.000934;0.008795
2;0.000445;0.008866
2;0.000926;0.009371
2;0.000528;0.009326
2;0.000576;0.009013
2;0.000415;0.008629
2;0.000903;0.009172
2;0.000934;0.008427
