nThread;timeInit;timeCount
1;0.000587;0.006165
1;0.000814;0.006562
1;0.000535;0.005861
1;0.000444;0.005426
1;0.000459;0.006696
1;0.000648;0.005666
1;0.000493;0.004893
1;0.000593;0.005177
1;0.000449;0.006336
1;0.000633;0.018734
1;0.000448;0.005620
1;0.000464;0.005546
1;0.000522;0.006902
1;0.000602;0.005334
1;0.000454;0.005383
1;0.000447;0.006491
1;0.000661;0.005841
1;0.000441;0.004967
1;0.000492;0.005947
1;0.000796;0.006381
