nThread;timeInit;timeCount
4;0.000194;0.113494
4;0.000254;0.089413
4;0.000188;0.089996
4;0.000182;0.089655
4;0.009611;0.090126
4;0.000183;0.091363
4;0.000183;0.096087
4;0.000418;0.091564
4;0.000186;0.088787
4;0.000481;0.111558
4;0.000494;0.088377
4;0.000390;0.090853
4;0.000201;0.089188
4;0.000178;0.095213
4;0.001442;0.123418
4;0.000192;0.099674
4;0.000198;0.088138
4;0.000232;0.089166
4;0.000255;0.087573
4;0.000186;0.088919
