nThread;timeInit;timeCount
1;0.000199;0.019087
1;0.000201;0.018891
1;0.000208;0.021185
1;0.000205;0.018698
1;0.000208;0.018970
1;0.000371;0.019731
1;0.000287;0.018879
1;0.000200;0.018938
1;0.000199;0.018938
1;0.000208;0.018760
1;0.000202;0.018568
1;0.000215;0.019120
1;0.000201;0.018910
1;0.000206;0.020650
1;0.000200;0.018929
1;0.000275;0.018903
1;0.000199;0.018759
1;0.000199;0.019083
1;0.000200;0.018820
1;0.000198;0.019135
