nThread;timeInit;timeCount
8;0.000217;0.557661
8;0.000174;0.586426
8;0.042692;0.668306
8;0.053221;0.594354
8;0.041870;0.632900
8;0.039020;0.582207
8;0.038513;0.616213
8;0.035478;0.635475
8;0.000198;0.634415
8;0.027911;0.720413
8;0.000616;0.673252
8;0.000981;0.599277
8;0.044864;0.525203
8;0.043657;0.516153
8;0.022789;0.559415
8;0.000182;0.511322
8;0.000213;0.726884
8;0.033543;0.652257
8;0.046176;0.738383
8;0.042773;0.630149
