nThread;timeInit;timeCount
2;0.000255;0.051270
2;0.000168;0.048489
2;0.000254;0.054169
2;0.000170;0.042448
2;0.000166;0.041185
2;0.000172;0.048755
2;0.000251;0.042753
2;0.001494;0.051311
2;0.000169;0.046909
2;0.000169;0.042515
2;0.000254;0.049778
2;0.000173;0.043478
2;0.000170;0.048330
2;0.000198;0.052886
2;0.000167;0.041999
2;0.000167;0.054978
2;0.000252;0.050833
2;0.000168;0.048352
2;0.000342;0.048369
2;0.000166;0.041648
