nThread;timeInit;timeCount
16;0.725842;0.704207
16;0.688312;1.026421
16;0.897078;0.820335
16;1.007557;1.234380
16;0.939338;0.878547
16;0.559982;1.134814
16;0.792403;1.094170
16;0.816627;0.970048
16;0.866621;0.980312
16;0.657866;0.730599
16;1.062121;0.830335
16;0.760601;1.277453
16;0.712421;1.196017
16;0.820310;1.322939
16;0.608630;0.913170
16;0.579540;0.953971
16;1.036789;1.245720
16;1.034831;1.116753
16;0.873204;1.146118
16;0.750395;0.766846
