nThread;timeInit;timeCount
4;0.075905;0.046200
4;0.073724;0.049406
4;0.082576;0.045031
4;0.076699;0.044767
4;0.082386;0.051470
4;0.082001;0.047571
4;0.075852;0.049581
4;0.074091;0.047184
4;0.077472;0.049756
4;0.077649;0.047416
4;0.080803;0.046711
4;0.086074;0.051669
4;0.078669;0.050612
4;0.087651;0.045385
4;0.077146;0.044289
4;0.083890;0.046921
4;0.076780;0.051076
4;0.086280;0.051038
4;0.080572;0.047370
4;0.077416;0.050680
