nThread;timeInit;timeCount
1;0.149129;0.063370
1;0.141614;0.052646
1;0.142200;0.055324
1;0.141947;0.057161
1;0.153025;0.053142
1;0.141850;0.053184
1;0.142590;0.053965
1;0.143210;0.057171
1;0.153227;0.051922
1;0.142931;0.054053
1;0.155010;0.055948
1;0.142453;0.053415
1;0.145199;0.051561
1;0.142836;0.052720
1;0.141729;0.052461
1;0.141463;0.053755
1;0.143709;0.054906
1;0.144295;0.052701
1;0.143989;0.052324
1;0.142071;0.063603
