nThread;timeInit;timeCount
2;0.110566;0.047051
2;0.109448;0.047269
2;0.104048;0.047196
2;0.102463;0.052011
2;0.113336;0.050323
2;0.111456;0.057083
2;0.118135;0.060402
2;0.114672;0.056954
2;0.116594;0.046393
2;0.107168;0.050004
2;0.102698;0.053169
2;0.110959;0.047380
2;0.102415;0.049489
2;0.124925;0.064613
2;0.099815;0.049407
2;0.122071;0.063113
2;0.109165;0.055516
2;0.107547;0.060294
2;0.123655;0.060094
2;0.151823;0.054784
