nThread;timeInit;timeCount
8;0.111403;0.100345
8;0.100106;0.091948
8;0.104018;0.099640
8;0.101592;0.079041
8;0.086019;0.056965
8;0.118042;0.081809
8;0.098439;0.140735
8;0.091950;0.086513
8;0.195209;0.120288
8;0.134900;0.137104
8;0.084166;0.048995
8;0.076517;0.056403
8;0.077756;0.045327
8;0.071181;0.080944
8;0.070590;0.047922
8;0.071236;0.046302
8;0.073955;0.050529
8;0.071310;0.048847
8;0.071288;0.047079
8;0.071812;0.048567
