nThread;timeInit;timeCount
1;0.138113;0.055629
1;0.137048;0.053020
1;0.134877;0.054060
1;0.132715;0.053487
1;0.137544;0.054935
1;0.134190;0.054330
1;0.133997;0.054203
1;0.135472;0.054340
1;0.135102;0.053824
1;0.134465;0.052914
1;0.133587;0.054937
1;0.134385;0.053916
1;0.132972;0.058670
1;0.170671;0.054614
1;0.135653;0.054633
1;0.135131;0.053545
1;0.136711;0.053862
1;0.154266;0.054212
1;0.134906;0.053690
1;0.133898;0.053559
