nThread;timeInit;timeCount
4;0.082273;0.250833
4;0.083141;0.262688
4;0.097850;0.282072
4;0.098243;0.232070
4;0.090461;0.238668
4;0.090310;0.243014
4;0.084996;0.234966
4;0.083946;0.255989
4;0.086431;0.243409
4;0.084084;0.244468
4;0.082475;0.242830
4;0.090106;0.251269
4;0.084553;0.237575
4;0.085488;0.242642
4;0.087374;0.235477
4;0.081257;0.265997
4;0.098226;0.269852
4;0.108598;0.318414
4;0.109476;0.255464
4;0.097600;0.237808
