nThread;timeInit;timeCount
1;0.158591;0.180328
1;0.168895;0.188324
1;0.159081;0.181563
1;0.156291;0.179690
1;0.152447;0.181159
1;0.155979;0.176264
1;0.153402;0.180480
1;0.153067;0.178447
1;0.153815;0.175289
1;0.152641;0.179792
1;0.153384;0.177177
1;0.156687;0.176619
1;0.154041;0.177708
1;0.152755;0.183968
1;0.159703;0.182498
1;0.154402;0.178144
1;0.157574;0.176981
1;0.160482;0.179928
1;0.153532;0.180545
1;0.156031;0.181912
