nThread;timeInit;timeCount
1;0.154471;0.198399
1;0.154891;0.187751
1;0.152892;0.186016
1;0.156057;0.185342
1;0.147269;0.184071
1;0.155374;0.187333
1;0.157747;0.179510
1;0.151797;0.186281
1;0.152072;0.179310
1;0.156780;0.188525
1;0.148328;0.178469
1;0.150981;0.184925
1;0.148618;0.181290
1;0.151169;0.181316
1;0.164458;0.188556
1;0.143433;0.174932
1;0.150521;0.181610
1;0.151128;0.186096
1;0.144079;0.173812
1;0.151637;0.181888
