nThread;timeInit;timeCount
16;0.615856;1.688933
16;0.948384;1.730546
16;0.796330;2.234013
16;0.567782;1.332453
16;0.645583;1.880311
16;0.915425;2.000407
16;0.770754;1.836654
16;0.806391;1.610135
16;0.616261;1.551141
16;0.799107;2.105293
16;0.819491;2.080294
16;0.987574;1.821933
16;0.807752;2.065684
16;0.778390;1.700294
16;0.798543;1.991512
16;0.878161;1.947627
16;0.597245;1.618939
16;0.615952;1.725223
16;0.776638;1.800284
16;0.794372;1.554829
