nThread;timeInit;timeCount
2;0.115692;0.183227
2;0.105553;0.185825
2;0.125429;0.193663
2;0.117093;0.197438
2;0.111708;0.223274
2;0.114972;0.231468
2;0.102467;0.212603
2;0.106187;0.190273
2;0.098053;0.186068
2;0.096873;0.237002
2;0.099901;0.190200
2;0.099863;0.182762
2;0.098369;0.240744
2;0.101283;0.217654
2;0.134202;0.228553
2;0.116932;0.288618
2;0.132429;0.200807
2;0.141181;0.314970
2;0.114733;0.194104
2;0.113926;0.191027
