nThread;timeInit;timeCount
8;0.093494;0.371414
8;0.072866;0.279300
8;0.073900;0.285872
8;0.070546;0.279606
8;0.071600;0.278440
8;0.075136;0.292523
8;0.072718;0.303930
8;0.074764;0.286752
8;0.072856;0.306511
8;0.073363;0.281006
8;0.073879;0.283709
8;0.071163;0.279052
8;0.070665;0.280572
8;0.076580;0.298293
8;0.071774;0.276857
8;0.072356;0.279844
8;0.071884;0.284042
8;0.074036;0.279804
8;0.073593;0.304509
8;0.089422;0.281310
