nThread;timeInit;timeCount
4;0.085080;0.064973
4;0.091681;0.061861
4;0.084566;0.058733
4;0.073616;0.057826
4;0.079842;0.063291
4;0.088069;0.057333
4;0.077242;0.064326
4;0.084194;0.062083
4;0.077066;0.064226
4;0.083813;0.058064
4;0.074843;0.056906
4;0.077890;0.058920
4;0.083050;0.063375
4;0.081288;0.055638
4;0.081587;0.056942
4;0.078743;0.053868
4;0.090572;0.054244
4;0.082680;0.062411
4;0.074866;0.057055
4;0.079357;0.076102
