nThread;timeInit;timeCount
8;0.068260;0.052027
8;0.065684;0.051248
8;0.069327;0.057634
8;0.070020;0.069390
8;0.067982;0.059845
8;0.066694;0.053054
8;0.067276;0.051586
8;0.067007;0.065487
8;0.067021;0.053101
8;0.068956;0.052671
8;0.069668;0.052704
8;0.065315;0.054192
8;0.069081;0.051596
8;0.068245;0.054421
8;0.079983;0.067358
8;0.068951;0.057226
8;0.066908;0.052498
8;0.074078;0.052672
8;0.070179;0.055509
8;0.069839;0.056114
