nThread;timeInit;timeCount
1;0.594924;0.598545
1;0.589315;0.572303
1;0.577464;0.574738
1;0.631807;0.724652
1;0.543587;0.560398
1;0.576241;0.591223
1;0.567449;0.556101
1;0.600102;0.633103
1;0.601295;0.550998
1;0.546765;0.539486
1;0.564396;0.554974
1;0.564193;0.587547
1;0.665221;0.591959
1;0.520808;0.528227
1;0.541791;0.535727
1;0.548540;0.532375
1;0.618338;0.686155
1;0.537493;0.566596
1;0.539691;0.525218
1;0.525852;0.523568
