nThread;timeInit;timeCount
16;0.549062;1.070123
16;0.517491;1.137035
16;0.866401;0.850256
16;0.824882;1.090286
16;0.656161;1.180550
16;0.917844;1.140292
16;0.821880;0.975076
16;0.796216;0.810090
16;0.857801;1.133442
16;0.807671;1.039682
16;0.987718;1.060158
16;0.527458;1.020324
16;0.766754;1.178203
16;0.737996;0.939849
16;0.556072;0.844476
16;0.986745;1.152016
16;0.786620;1.260350
16;0.649071;0.820272
16;0.844202;1.014004
16;0.827025;1.251561
