nThread;timeInit;timeCount
2;0.104703;0.055039
2;0.100950;0.060364
2;0.107315;0.052136
2;0.130201;0.054675
2;0.101480;0.060215
2;0.097465;0.055128
2;0.101231;0.057813
2;0.110633;0.071098
2;0.112909;0.054044
2;0.099277;0.054976
2;0.107604;0.058674
2;0.098919;0.055165
2;0.119962;0.058527
2;0.099751;0.053916
2;0.104614;0.053654
2;0.099554;0.055197
2;0.103742;0.066418
2;0.109693;0.054555
2;0.106623;0.063932
2;0.098429;0.057740
