nThread;timeInit;timeCount
1;0.137742;0.067598
1;0.137098;0.067764
1;0.131737;0.066530
1;0.131664;0.065876
1;0.133624;0.066603
1;0.131567;0.066403
1;0.134029;0.068353
1;0.131834;0.065435
1;0.133045;0.064976
1;0.130298;0.066081
1;0.132192;0.066600
1;0.130791;0.064744
1;0.130833;0.064670
1;0.162530;0.074142
1;0.149377;0.066101
1;0.149333;0.074461
1;0.157338;0.071592
1;0.135722;0.086424
1;0.146403;0.069065
1;0.148874;0.068875
