nThread;timeInit;timeCount
2;0.010399;0.025071
2;0.008311;0.023579
2;0.008163;0.020706
2;0.011101;0.022781
2;0.007921;0.023438
2;0.008420;0.021898
2;0.009314;0.021442
2;0.007808;0.022021
2;0.010440;0.023721
2;0.008041;0.020775
2;0.009064;0.021928
2;0.008285;0.022794
2;0.007981;0.020752
2;0.008567;0.020463
2;0.008311;0.021698
2;0.008772;0.021512
2;0.009509;0.025533
2;0.008060;0.021508
2;0.008593;0.024694
2;0.008278;0.021443
