nThread;timeInit;timeCount
16;0.077455;0.443551
16;0.047984;0.653391
16;0.033970;1.098177
16;0.037492;1.170888
16;0.067321;0.614850
16;0.040985;0.719192
16;0.056579;0.524716
16;0.061052;0.919210
16;0.038649;0.670842
16;0.030437;0.520094
16;0.067843;0.504267
16;0.077175;1.015056
16;0.021366;0.560153
16;0.028311;0.823535
16;0.079764;0.492518
16;0.038463;1.124708
16;0.029868;0.730619
16;0.038020;0.573439
16;0.076741;1.113180
16;0.066442;0.478154
