nThread;timeInit;timeCount
1;0.017979;0.024404
1;0.014392;0.021837
1;0.015488;0.022253
1;0.013758;0.016445
1;0.013887;0.016785
1;0.012971;0.017760
1;0.012598;0.016424
1;0.012216;0.015856
1;0.014637;0.016940
1;0.014542;0.018186
1;0.013768;0.016190
1;0.014164;0.015751
1;0.013384;0.016620
1;0.013105;0.015987
1;0.013507;0.016072
1;0.012765;0.016142
1;0.012493;0.016380
1;0.013697;0.019251
1;0.013514;0.017998
1;0.014688;0.017109
