nThread;timeInit;timeCount
16;0.107616;0.489377
16;0.067873;0.329255
16;0.096178;0.362696
16;0.567728;1.069988
16;0.496602;0.750639
16;0.140100;0.720197
16;0.084225;0.693631
16;0.518658;0.709306
16;0.576841;0.831357
16;0.356963;0.861037
16;0.128966;0.750557
16;0.476811;0.860992
16;0.462579;0.685673
16;0.447134;0.730542
16;0.368670;0.960749
16;0.488282;0.940517
16;0.446396;0.770520
16;0.437765;0.830542
16;0.542044;0.574451
16;0.686916;0.830086
