nThread;timeInit;timeCount
2;0.082194;0.035729
2;0.080925;0.035421
2;0.084063;0.033631
2;0.077256;0.033064
2;0.078176;0.032810
2;0.081645;0.033556
2;0.078081;0.033627
2;0.095966;0.034923
2;0.085443;0.033021
2;0.076865;0.033093
2;0.076711;0.032667
2;0.078544;0.035984
2;0.079182;0.033623
2;0.108463;0.033609
2;0.081262;0.033064
2;0.091074;0.035175
2;0.096246;0.036554
2;0.082955;0.044418
2;0.081645;0.037052
2;0.087455;0.036774
