nThread;timeInit;timeCount
1;0.124082;0.037606
1;0.127937;0.033059
1;0.120673;0.033255
1;0.147343;0.036062
1;0.125955;0.036224
1;0.121635;0.034199
1;0.124132;0.037871
1;0.120294;0.033416
1;0.121887;0.033429
1;0.122607;0.034007
1;0.124953;0.035562
1;0.124376;0.033262
1;0.123237;0.033859
1;0.122669;0.033169
1;0.123736;0.034184
1;0.123525;0.033648
1;0.122768;0.033368
1;0.123660;0.033911
1;0.118213;0.033731
1;0.118865;0.033297
