nThread;timeInit;timeCount
4;0.092614;0.045922
4;0.068233;0.047760
4;0.060224;0.039493
4;0.068595;0.042028
4;0.072076;0.046373
4;0.079402;0.036039
4;0.070297;0.047206
4;0.064190;0.041994
4;0.068107;0.044640
4;0.058416;0.035793
4;0.059383;0.040120
4;0.059628;0.041704
4;0.063407;0.038907
4;0.062415;0.038112
4;0.063896;0.045742
4;0.062649;0.041787
4;0.063236;0.041948
4;0.079511;0.038101
4;0.067084;0.044882
4;0.066073;0.040426
