nThread;timeInit;timeCount
8;0.132846;0.108876
8;0.057675;0.080405
8;0.071323;0.059398
8;0.059080;0.063156
8;0.056041;0.053195
8;0.062491;0.107461
8;0.063076;0.048930
8;0.057042;0.057492
8;0.054387;0.063599
8;0.057700;0.055445
8;0.057442;0.066049
8;0.055481;0.050340
8;0.052831;0.053771
8;0.055866;0.053051
8;0.045627;0.038128
8;0.043623;0.038538
8;0.045402;0.036353
8;0.044097;0.037319
8;0.045869;0.034744
8;0.044098;0.036436
