nThread;timeInit;timeCount
4;0.103898;0.252716
4;0.099576;0.243338
4;0.090869;0.261033
4;0.092428;0.258999
4;0.095595;0.246784
4;0.097592;0.299582
4;0.107494;0.262306
4;0.094798;0.245144
4;0.090090;0.249800
4;0.098512;0.245847
4;0.097229;0.316612
4;0.089160;0.241406
4;0.098992;0.258691
4;0.099653;0.247597
4;0.091359;0.252274
4;0.096124;0.260969
4;0.091123;0.257179
4;0.083503;0.250121
4;0.091671;0.241708
4;0.084393;0.241902
