nThread;timeInit;timeCount
1;0.625618;0.789726
1;0.651647;0.822779
1;0.739748;0.814877
1;0.605772;0.759228
1;0.594064;0.723829
1;0.590494;0.951978
1;0.636110;0.691558
1;0.573472;0.752088
1;0.561396;0.673234
1;0.614691;0.885598
1;0.605286;0.681011
1;0.591906;0.682954
1;0.555420;0.698520
1;0.638417;0.857925
1;0.577331;0.673559
1;0.585465;0.702890
1;0.552055;0.659248
1;0.685530;0.776690
1;0.577764;0.658967
1;0.537719;0.669473
