nThread;timeInit;timeCount
16;0.867647;2.344898
16;0.696173;1.448267
16;0.775813;1.818891
16;0.644768;1.810980
16;0.656763;1.610299
16;0.836709;1.340262
16;0.615093;1.368326
16;0.776170;1.893996
16;0.487786;1.202490
16;0.746402;1.333198
16;0.637564;1.640632
16;0.906551;2.170971
16;0.917143;1.903446
16;0.906219;1.810290
16;0.735917;1.840312
16;0.726753;1.904248
16;0.758623;2.283438
16;0.707307;1.990346
16;0.836256;1.543211
16;0.776450;1.720267
