nThread;timeInit;timeCount
8;0.072480;0.281679
8;0.070076;0.287366
8;0.087360;0.279243
8;0.068965;0.275785
8;0.070884;0.274737
8;0.079491;0.277808
8;0.087376;0.289443
8;0.068162;0.277631
8;0.071174;0.275702
8;0.074783;0.278123
8;0.071975;0.275626
8;0.071898;0.289280
8;0.071232;0.304316
8;0.072144;0.279936
8;0.068832;0.276593
8;0.072064;0.274179
8;0.070816;0.294388
8;0.074536;0.274594
8;0.070549;0.274035
8;0.070798;0.281057
