nThread;timeInit;timeCount
1;0.187225;0.194416
1;0.158395;0.192372
1;0.160142;0.193345
1;0.150603;0.184656
1;0.161449;0.196942
1;0.165090;0.187982
1;0.153986;0.188260
1;0.160767;0.191525
1;0.148947;0.184382
1;0.157259;0.211707
1;0.164738;0.186982
1;0.152921;0.185403
1;0.153872;0.186712
1;0.155550;0.189381
1;0.154167;0.184040
1;0.151629;0.184720
1;0.153390;0.184937
1;0.151435;0.179574
1;0.152272;0.188000
1;0.152622;0.184124
