nThread;timeInit;timeCount
2;0.099359;0.176239
2;0.128628;0.177288
2;0.103660;0.195755
2;0.097845;0.189026
2;0.102726;0.179229
2;0.099685;0.169707
2;0.096833;0.173208
2;0.116583;0.175716
2;0.122700;0.176936
2;0.100222;0.170468
2;0.093666;0.180621
2;0.096610;0.185243
2;0.094209;0.180107
2;0.099996;0.172848
2;0.105339;0.217811
2;0.113111;0.187179
2;0.099902;0.173688
2;0.094401;0.178229
2;0.098174;0.183455
2;0.095039;0.187428
