nThread;timeInit;timeCount
2;0.072618;0.069678
2;0.078492;0.070816
2;0.073434;0.070944
2;0.082224;0.072081
2;0.072716;0.071742
2;0.071877;0.072521
2;0.077342;0.069842
2;0.087245;0.069583
2;0.079477;0.070117
2;0.075317;0.070361
2;0.076422;0.070504
2;0.084690;0.069106
2;0.081644;0.070595
2;0.072685;0.074112
2;0.073743;0.072932
2;0.072329;0.071176
2;0.081988;0.088308
2;0.072591;0.071002
2;0.073543;0.069052
2;0.084779;0.071255
