nThread;timeInit;timeCount
1;0.104429;0.064928
1;0.100185;0.068885
1;0.100076;0.063075
1;0.112413;0.078491
1;0.100281;0.066143
1;0.119093;0.075234
1;0.104655;0.068555
1;0.102566;0.066481
1;0.101014;0.067358
1;0.099346;0.064794
1;0.103895;0.066610
1;0.101872;0.066095
1;0.100476;0.067539
1;0.117181;0.068676
1;0.122108;0.075015
1;0.108303;0.067286
1;0.104179;0.070680
1;0.101695;0.064452
1;0.104822;0.064834
1;0.103727;0.065739
