nThread;timeInit;timeCount
8;0.050680;0.090116
8;0.048253;0.095016
8;0.055742;0.096162
8;0.066442;0.125235
8;0.062849;0.101368
8;0.051446;0.085016
8;0.049655;0.110807
8;0.047827;0.095968
8;0.050441;0.092232
8;0.054904;0.094032
8;0.048908;0.088442
8;0.077827;0.105364
8;0.048858;0.096069
8;0.050054;0.093094
8;0.063650;0.116124
8;0.070581;0.113841
8;0.053284;0.115987
8;0.048659;0.094549
8;0.054717;0.091332
8;0.058688;0.108750
