nThread;timeInit;timeCount
16;0.437112;0.792681
16;0.440339;0.796606
16;0.637622;0.538269
16;0.148912;0.627769
16;0.118330;0.751214
16;0.455982;0.727680
16;0.196714;0.615728
16;0.648962;0.691790
16;0.557688;0.668732
16;0.097492;0.291253
16;0.069435;0.711123
16;0.077565;0.267237
16;0.458036;0.958889
16;0.526364;0.881043
16;0.446883;0.778468
16;0.437001;0.597243
16;0.456661;0.658623
16;0.406892;0.958863
16;0.117402;0.328466
16;0.467681;0.759156
