nThread;timeInit;timeCount
4;0.060087;0.082268
4;0.061309;0.069908
4;0.061160;0.085715
4;0.061481;0.084204
4;0.066078;0.081818
4;0.059455;0.084203
4;0.055758;0.085612
4;0.056307;0.081693
4;0.073377;0.076825
4;0.059583;0.083448
4;0.063705;0.076705
4;0.055834;0.074369
4;0.063026;0.082209
4;0.055656;0.072700
4;0.061123;0.089389
4;0.071131;0.088011
4;0.056513;0.079867
4;0.059749;0.080483
4;0.064329;0.081916
4;0.058718;0.077899
