nThread;timeInit;timeCount
1;0.152676;0.115309
1;0.136304;0.113830
1;0.136003;0.114336
1;0.138415;0.112660
1;0.135325;0.114924
1;0.142359;0.113155
1;0.136134;0.113834
1;0.142685;0.115891
1;0.139525;0.119219
1;0.140592;0.113092
1;0.150870;0.115929
1;0.138724;0.114635
1;0.140366;0.118660
1;0.140087;0.118127
1;0.139966;0.114708
1;0.137507;0.117480
1;0.140978;0.115420
1;0.145882;0.120412
1;0.141080;0.116577
1;0.136060;0.113826
