nThread;timeInit;timeCount
1;0.018305;0.024109
1;0.015836;0.024790
1;0.015204;0.024431
1;0.016419;0.022471
1;0.016230;0.030468
1;0.017173;0.021757
1;0.014537;0.020515
1;0.013229;0.019685
1;0.018036;0.023767
1;0.015690;0.020336
1;0.013724;0.019456
1;0.015453;0.023453
1;0.014002;0.020367
1;0.014328;0.019782
1;0.014548;0.019873
1;0.013374;0.019399
1;0.015929;0.020148
1;0.012989;0.019006
1;0.015561;0.020612
1;0.013483;0.019430
