nThread;timeInit;timeCount
2;0.011058;0.026938
2;0.008520;0.023194
2;0.009248;0.023226
2;0.008550;0.022745
2;0.009185;0.025826
2;0.008471;0.023082
2;0.009204;0.026661
2;0.008953;0.025627
2;0.010207;0.022670
2;0.008761;0.026094
2;0.009562;0.023985
2;0.008723;0.023030
2;0.010896;0.023629
2;0.009199;0.025683
2;0.009384;0.025404
2;0.008691;0.023587
2;0.009867;0.023432
2;0.010166;0.023138
2;0.010204;0.023996
2;0.008711;0.023612
