nThread;timeInit;timeCount
8;0.012373;0.062082
8;0.007523;0.060672
8;0.010280;0.059310
8;0.005750;0.067591
8;0.006380;0.055709
8;0.010477;0.054990
8;0.008842;0.055532
8;0.008563;0.063076
8;0.011728;0.064426
8;0.013071;0.080199
8;0.008136;0.077352
8;0.013769;0.090488
8;0.009823;0.066825
8;0.010779;0.065378
8;0.007101;0.058924
8;0.009908;0.056787
8;0.014030;0.061675
8;0.006997;0.061235
8;0.009888;0.057945
8;0.013711;0.068409
