nThread;timeInit;timeCount
1;0.012737;0.016499
1;0.010942;0.016031
1;0.012223;0.015292
1;0.014233;0.014432
1;0.010944;0.015693
1;0.013998;0.013055
1;0.011235;0.014474
1;0.013547;0.012926
1;0.010822;0.016163
1;0.013360;0.014053
1;0.010965;0.024890
1;0.013165;0.015808
1;0.013767;0.017055
1;0.013562;0.020568
1;0.014809;0.019649
1;0.015049;0.018473
1;0.017138;0.017003
1;0.014250;0.023295
1;0.014384;0.018573
1;0.014425;0.016737
