nThread;timeInit;timeCount
16;0.074012;0.526176
16;0.076468;0.596452
16;0.068855;0.737285
16;0.056780;1.206942
16;0.028791;0.871498
16;0.022864;1.161248
16;0.030742;0.553298
16;0.030500;0.792980
16;0.047982;0.546602
16;0.029624;0.673414
16;0.038794;0.666571
16;0.037683;0.480970
16;0.077610;0.696884
16;0.038179;0.626408
16;0.078645;0.897528
16;0.077730;0.808680
16;0.057907;0.651826
16;0.067168;0.736346
16;0.057123;0.636442
16;0.021140;0.522415
