nThread;timeInit;timeCount
4;0.007729;0.043856
4;0.008681;0.032147
4;0.008569;0.034842
4;0.007714;0.031666
4;0.008083;0.036795
4;0.006676;0.032253
4;0.008500;0.031779
4;0.007257;0.035210
4;0.006715;0.032718
4;0.007658;0.034836
4;0.006375;0.031192
4;0.009104;0.035336
4;0.008121;0.032383
4;0.007243;0.032251
4;0.008491;0.033577
4;0.006905;0.032346
4;0.007502;0.033390
4;0.007907;0.031544
4;0.008283;0.035300
4;0.006238;0.034847
