nThread;timeInit;timeCount
8;0.008130;0.025762
8;0.008139;0.020173
8;0.007493;0.017914
8;0.009182;0.023549
8;0.009183;0.022110
8;0.009909;0.018140
8;0.006109;0.019271
8;0.010866;0.023654
8;0.012159;0.020622
8;0.009397;0.017775
8;0.012169;0.024949
8;0.007547;0.018777
8;0.008447;0.015018
8;0.009250;0.007390
8;0.010841;0.019101
8;0.008067;0.011311
8;0.013852;0.009858
8;0.010848;0.017204
8;0.010460;0.019365
8;0.010374;0.027856
