nThread;timeInit;timeCount
4;0.007763;0.006997
4;0.008762;0.007499
4;0.008001;0.007987
4;0.007713;0.007167
4;0.007985;0.007964
4;0.008715;0.007255
4;0.013090;0.007045
4;0.009098;0.008445
4;0.007850;0.007612
4;0.007995;0.007567
4;0.006984;0.007156
4;0.007831;0.007762
4;0.009173;0.007908
4;0.009499;0.008342
4;0.009287;0.007805
4;0.008592;0.006955
4;0.008524;0.007985
4;0.008600;0.007545
4;0.008393;0.007462
4;0.007710;0.007938
