nThread;timeInit;timeCount
1;0.012089;0.004600
1;0.012664;0.006218
1;0.012067;0.004699
1;0.011755;0.003727
1;0.011135;0.003671
1;0.017509;0.004988
1;0.013521;0.004866
1;0.016199;0.007169
1;0.015336;0.006869
1;0.020255;0.006132
1;0.017187;0.004399
1;0.013016;0.004038
1;0.013186;0.004909
1;0.014522;0.004913
1;0.015283;0.004978
1;0.014459;0.004537
1;0.014476;0.004894
1;0.016014;0.005523
1;0.015168;0.007365
1;0.013174;0.004307
