nThread;timeInit;timeCount
2;0.009616;0.006629
2;0.008420;0.006000
2;0.012945;0.008449
2;0.010341;0.007744
2;0.008952;0.005919
2;0.009717;0.008255
2;0.009322;0.008821
2;0.015241;0.010381
2;0.008753;0.005799
2;0.008188;0.005904
2;0.008470;0.005828
2;0.008470;0.006257
2;0.008514;0.005892
2;0.008420;0.005920
2;0.009093;0.005881
2;0.008390;0.006008
2;0.008655;0.005923
2;0.012437;0.005909
2;0.008099;0.005997
2;0.009350;0.006413
