nThread;timeInit;timeCount
16;0.653865;1.040609
16;0.803136;0.689967
16;0.786092;0.829268
16;0.918988;1.045224
16;0.687792;0.710529
16;0.583714;0.699984
16;0.716613;0.760627
16;0.767060;0.770551
16;0.716761;0.799973
16;0.666245;1.149941
16;0.677442;0.949996
16;0.576954;0.690395
16;0.668939;0.769278
16;0.628804;0.719967
16;0.755271;0.809960
16;0.497623;0.880496
16;0.881451;0.979972
16;0.567225;0.910690
16;0.726681;1.049994
16;0.772970;0.919971
