nThread;timeInit;timeCount
1;0.007366;0.005577
1;0.008343;0.006366
1;0.007675;0.007146
1;0.010725;0.008582
1;0.009041;0.005601
1;0.007279;0.006572
1;0.006924;0.005731
1;0.007166;0.009623
1;0.008483;0.005866
1;0.008959;0.008068
1;0.007095;0.005725
1;0.011218;0.008819
1;0.007413;0.007064
1;0.006726;0.005855
1;0.007244;0.005567
1;0.006280;0.005550
1;0.007197;0.006626
1;0.006456;0.006057
1;0.006213;0.005874
1;0.006727;0.006847
