nThread;timeInit;timeCount
4;0.002236;0.000846
4;0.001903;0.000590
4;0.001699;0.000534
4;0.001739;0.000529
4;0.001584;0.000554
4;0.002196;0.000589
4;0.002627;0.000638
4;0.001834;0.001754
4;0.002206;0.000675
4;0.001231;0.000496
4;0.001270;0.000582
4;0.001688;0.000590
4;0.001604;0.000498
4;0.001256;0.000654
4;0.001653;0.000673
4;0.001260;0.000603
4;0.002087;0.000521
4;0.001408;0.000496
4;0.002101;0.000516
4;0.001317;0.000770
