nThread;timeInit;timeCount
1;0.002352;0.000678
1;0.001957;0.000609
1;0.002474;0.000639
1;0.002190;0.000693
1;0.002216;0.000708
1;0.002397;0.000604
1;0.001966;0.000621
1;0.002285;0.001039
1;0.002418;0.000770
1;0.002244;0.000874
1;0.001997;0.000748
1;0.002112;0.000643
1;0.002151;0.000702
1;0.002154;0.000825
1;0.002056;0.000734
1;0.002488;0.001044
1;0.002180;0.000665
1;0.002080;0.000652
1;0.002661;0.000707
1;0.002188;0.000648
