nThread;timeInit;timeCount
8;0.030068;0.045242
8;0.032055;0.037638
8;0.025741;0.011299
8;0.025046;0.043530
8;0.034767;0.042790
8;0.112583;0.051791
8;0.035421;0.011806
8;0.028537;0.036970
8;0.048349;0.054159
8;0.058758;0.053286
8;0.075028;0.088582
8;0.050625;0.051506
8;0.091619;0.011676
8;0.057847;0.008082
8;0.035437;0.012513
8;0.034908;0.028114
8;0.009060;0.039396
8;0.035268;0.013065
8;0.032793;0.033942
8;0.032108;0.020823
