nThread;timeInit;timeCount
2;0.002058;0.000748
2;0.001505;0.000828
2;0.003252;0.000987
2;0.001619;0.000764
2;0.001372;0.000754
2;0.001498;0.000648
2;0.001505;0.000743
2;0.001815;0.000777
2;0.001454;0.000853
2;0.002446;0.000661
2;0.001463;0.000804
2;0.001515;0.000825
2;0.001518;0.000770
2;0.001673;0.000827
2;0.001980;0.000763
2;0.001486;0.000616
2;0.001482;0.000624
2;0.001957;0.001077
2;0.001657;0.000773
2;0.001544;0.000626
