nThread;timeInit;timeCount
1;0.121347;0.023101
1;0.119609;0.023125
1;0.130413;0.024503
1;0.124712;0.022588
1;0.119276;0.023489
1;0.123549;0.022954
1;0.130252;0.023368
1;0.105876;0.020529
1;0.098437;0.019257
1;0.097437;0.025763
1;0.122114;0.022117
1;0.118811;0.022426
1;0.118489;0.021968
1;0.134368;0.022328
1;0.118386;0.022133
1;0.117840;0.021995
1;0.118571;0.021999
1;0.118518;0.022086
1;0.119346;0.022045
1;0.109551;0.021263
