nThread;timeInit;timeCount
16;0.417069;0.629461
16;0.807778;0.718761
16;0.696994;0.709530
16;0.536917;0.670776
16;0.567122;0.718646
16;0.496909;0.389093
16;0.497549;0.418782
16;0.378265;0.538189
16;1.066414;0.718452
16;0.663411;0.661750
16;0.328428;0.328411
16;0.387918;0.717968
16;0.556794;0.608322
16;0.099579;0.896702
16;0.378686;0.678604
16;0.378077;0.757993
16;0.427627;0.678299
16;0.188855;0.658211
16;0.306424;0.548507
16;0.447986;0.958181
