nThread;timeInit;timeCount
4;0.061007;0.031639
4;0.063342;0.031076
4;0.064525;0.028596
4;0.057006;0.031140
4;0.061358;0.030727
4;0.070622;0.031277
4;0.059849;0.030991
4;0.063383;0.032047
4;0.065115;0.030278
4;0.057508;0.031896
4;0.058014;0.026912
4;0.062614;0.031835
4;0.063341;0.033187
4;0.064389;0.028686
4;0.058259;0.027546
4;0.069011;0.028252
4;0.052950;0.027533
4;0.061733;0.031592
4;0.059232;0.031943
4;0.061249;0.031341
