nThread;timeInit;timeCount
8;0.043141;0.031678
8;0.043469;0.028826
8;0.044118;0.029801
8;0.045085;0.029984
8;0.044712;0.029721
8;0.053855;0.035564
8;0.044175;0.030962
8;0.047086;0.028122
8;0.044564;0.030298
8;0.043869;0.029715
8;0.043031;0.028791
8;0.080905;0.046639
8;0.060723;0.055832
8;0.043476;0.028283
8;0.043990;0.028710
8;0.042928;0.027763
8;0.042766;0.030453
8;0.042416;0.030089
8;0.042821;0.026049
8;0.055085;0.036003
