nThread;timeInit;timeCount
1;0.104427;0.035413
1;0.107417;0.035804
1;0.139867;0.040176
1;0.129114;0.041202
1;0.133373;0.040598
1;0.127348;0.041606
1;0.133304;0.040926
1;0.126943;0.040961
1;0.127225;0.040642
1;0.109990;0.035851
1;0.106183;0.034465
1;0.102324;0.040145
1;0.127994;0.041622
1;0.138505;0.041646
1;0.126148;0.041033
1;0.127148;0.039628
1;0.127294;0.041066
1;0.127558;0.040363
1;0.143162;0.042561
1;0.110887;0.038656
