nThread;timeInit;timeCount
2;0.092520;0.027290
2;0.066424;0.027231
2;0.076245;0.026943
2;0.081461;0.031790
2;0.091832;0.030596
2;0.077605;0.029912
2;0.078134;0.029722
2;0.084964;0.030077
2;0.082093;0.029410
2;0.092708;0.029763
2;0.083838;0.037808
2;0.078315;0.030916
2;0.079335;0.037294
2;0.093884;0.030665
2;0.080745;0.027790
2;0.079747;0.028092
2;0.066079;0.026490
2;0.071190;0.035563
2;0.080335;0.041028
2;0.076209;0.030637
