nThread;timeInit;timeCount
1;0.126793;0.153330
1;0.123347;0.157036
1;0.127239;0.162488
1;0.123246;0.154874
1;0.121623;0.156893
1;0.122919;0.153845
1;0.128191;0.161327
1;0.126287;0.164999
1;0.151970;0.182266
1;0.129045;0.163747
1;0.127615;0.162242
1;0.128130;0.159176
1;0.127495;0.161066
1;0.125921;0.160886
1;0.126826;0.165296
1;0.131961;0.163562
1;0.124474;0.160309
1;0.124000;0.163283
1;0.128368;0.169977
1;0.134749;0.157495
