nThread;timeInit;timeCount
2;0.085879;0.168656
2;0.091570;0.186275
2;0.074933;0.176289
2;0.085169;0.196871
2;0.086497;0.195075
2;0.076878;0.169736
2;0.076775;0.194279
2;0.075170;0.179982
2;0.088776;0.183680
2;0.095173;0.230095
2;0.079351;0.169633
2;0.080216;0.179119
2;0.076016;0.182882
2;0.078325;0.196269
2;0.078354;0.177815
2;0.079379;0.179778
2;0.082880;0.180981
2;0.077319;0.193112
2;0.079602;0.168925
2;0.075752;0.175150
