nThread;timeInit;timeCount
1;0.103927;0.079371
1;0.117230;0.084751
1;0.101892;0.080666
1;0.101326;0.082049
1;0.106228;0.083237
1;0.098530;0.080517
1;0.100629;0.082828
1;0.099942;0.083552
1;0.102511;0.082387
1;0.101288;0.084796
1;0.099898;0.081863
1;0.101680;0.078958
1;0.102096;0.081736
1;0.103363;0.082325
1;0.102410;0.083070
1;0.102519;0.080624
1;0.101702;0.082188
1;0.096920;0.079877
1;0.099834;0.080891
1;0.097745;0.080876
