nThread;timeInit;timeCount
4;0.067163;0.103264
4;0.061685;0.086460
4;0.057277;0.099435
4;0.055951;0.093548
4;0.057544;0.094713
4;0.056129;0.117049
4;0.054186;0.094156
4;0.071377;0.093281
4;0.064567;0.100969
4;0.060698;0.093151
4;0.066298;0.101398
4;0.061052;0.104621
4;0.062490;0.095844
4;0.066460;0.102922
4;0.063581;0.100915
4;0.077694;0.099768
4;0.092764;0.119004
4;0.060655;0.100961
4;0.060269;0.098172
4;0.067861;0.090686
