nThread;timeInit;timeCount
8;0.050811;0.125001
8;0.062598;0.134442
8;0.052752;0.119836
8;0.054231;0.128771
8;0.064358;0.128880
8;0.058600;0.107257
8;0.056054;0.108470
8;0.049938;0.114791
8;0.055044;0.107815
8;0.054396;0.109306
8;0.063387;0.108980
8;0.050435;0.115470
8;0.054444;0.113514
8;0.055206;0.098344
8;0.061878;0.119904
8;0.045690;0.123146
8;0.055588;0.100450
8;0.050485;0.127703
8;0.061646;0.123799
8;0.049855;0.112610
