nThread;timeInit;timeCount
1;0.142990;0.142932
1;0.141447;0.143093
1;0.135083;0.138487
1;0.136865;0.140829
1;0.135931;0.140404
1;0.136414;0.141956
1;0.137174;0.139387
1;0.137022;0.138295
1;0.134423;0.138998
1;0.138853;0.141768
1;0.136976;0.140888
1;0.135050;0.145278
1;0.135401;0.138309
1;0.135128;0.138094
1;0.138207;0.140250
1;0.137475;0.141455
1;0.135586;0.140637
1;0.137300;0.139732
1;0.134750;0.139592
1;0.136083;0.135708
