nThread;timeInit;timeCount
2;0.077245;0.093432
2;0.073751;0.084703
2;0.082369;0.084769
2;0.076553;0.087276
2;0.072169;0.086328
2;0.073951;0.084668
2;0.072050;0.090264
2;0.082094;0.083481
2;0.084327;0.103506
2;0.092599;0.085855
2;0.079089;0.084332
2;0.072119;0.083245
2;0.073359;0.090723
2;0.074108;0.088590
2;0.072025;0.089910
2;0.091929;0.088633
2;0.072693;0.083879
2;0.079761;0.087097
2;0.072724;0.084115
2;0.080341;0.090128
