nThread;timeInit;timeCount
16;0.466702;0.773098
16;0.508754;0.919721
16;0.514314;0.750525
16;0.657809;0.471490
16;0.087545;0.580489
16;0.287263;0.821875
16;0.506736;0.791771
16;0.090389;0.362958
16;0.437878;0.710886
16;0.407089;1.171029
16;0.415789;0.735645
16;0.608669;0.483907
16;0.628977;1.206444
16;0.428978;1.037012
16;0.538829;1.045964
16;0.197607;1.156312
16;0.248489;0.726394
16;0.426411;0.979257
16;0.657897;0.847498
16;0.437155;0.684042
