nThread;timeInit;timeCount
1;0.016461;0.011759
1;0.013444;0.010491
1;0.014663;0.010273
1;0.012654;0.010310
1;0.013791;0.011425
1;0.013249;0.010140
1;0.016756;0.011028
1;0.014462;0.010368
1;0.013215;0.010536
1;0.013699;0.010333
1;0.014105;0.015038
1;0.019284;0.011052
1;0.015886;0.010150
1;0.014766;0.015118
1;0.015439;0.013743
1;0.015577;0.012115
1;0.012900;0.010175
1;0.014118;0.010507
1;0.012748;0.010166
1;0.013439;0.010094
