nThread;timeInit;timeCount
16;0.029498;0.286250
16;0.090640;0.237879
16;0.046605;0.256956
16;0.036169;0.268954
16;0.067251;0.244418
16;0.038161;0.283687
16;0.028318;0.245452
16;0.067688;0.233869
16;0.066849;0.294098
16;0.038748;0.232645
16;0.074347;0.193861
16;0.046004;0.303336
16;0.071406;0.274541
16;0.040029;0.182354
16;0.077225;0.224208
16;0.067381;0.212744
16;0.077019;0.295198
16;0.075687;0.293566
16;0.029877;0.283335
16;0.065965;0.365831
