nThread;timeInit;timeCount
8;0.033601;0.037206
8;0.017166;0.028320
8;0.012030;0.040621
8;0.038336;0.030839
8;0.041324;0.004189
8;0.031591;0.027029
8;0.040082;0.063682
8;0.038409;0.042515
8;0.018488;0.023270
8;0.043723;0.036228
8;0.015040;0.040943
8;0.032306;0.005278
8;0.031162;0.038283
8;0.032402;0.021252
8;0.038865;0.032423
8;0.015610;0.015507
8;0.028946;0.027186
8;0.033923;0.039232
8;0.044185;0.005566
8;0.032856;0.030764
