nThread;timeInit;timeCount
2;0.011345;0.004637
2;0.009675;0.004600
2;0.010051;0.004447
2;0.012339;0.006606
2;0.010164;0.004488
2;0.012880;0.006065
2;0.009793;0.004467
2;0.013021;0.006390
2;0.009372;0.004364
2;0.010465;0.005365
2;0.013368;0.006133
2;0.013544;0.004868
2;0.010313;0.004331
2;0.009763;0.004730
2;0.009374;0.004385
2;0.009416;0.004637
2;0.009717;0.004384
2;0.009984;0.004620
2;0.010138;0.006172
2;0.009513;0.005429
