nThread;timeInit;timeCount
16;0.674879;0.931892
16;0.773073;0.833404
16;0.646579;0.763397
16;0.708708;0.928170
16;0.674522;0.823979
16;0.618776;0.933453
16;0.756482;0.879998
16;0.631920;0.789976
16;0.818243;0.931423
16;0.784370;0.943312
16;0.685360;0.813066
16;0.686619;0.846355
16;0.556452;0.769964
16;0.648351;1.013263
16;0.857491;0.953356
16;0.727820;0.859999
16;0.907368;0.742761
16;0.757380;0.873143
16;0.636785;0.930155
16;0.767298;0.839993
