nThread;timeInit;timeCount
1;0.015505;0.004467
1;0.016111;0.004897
1;0.015152;0.006674
1;0.014805;0.006934
1;0.016211;0.005435
1;0.016595;0.004586
1;0.016172;0.004744
1;0.016329;0.003733
1;0.013829;0.004054
1;0.013336;0.005243
1;0.013871;0.004169
1;0.012799;0.003611
1;0.013068;0.004257
1;0.012917;0.004263
1;0.014617;0.003953
1;0.012702;0.003778
1;0.012986;0.003799
1;0.013384;0.003938
1;0.013873;0.003339
1;0.013877;0.004315
