nThread;timeInit;timeCount
1;0.014020;0.004642
1;0.015381;0.004503
1;0.014193;0.004649
1;0.014110;0.004822
1;0.014449;0.004920
1;0.016277;0.004563
1;0.014134;0.004539
1;0.013749;0.004803
1;0.013901;0.004712
1;0.013881;0.005028
1;0.013997;0.004812
1;0.015123;0.004663
1;0.015278;0.004672
1;0.014119;0.004721
1;0.014007;0.004613
1;0.014074;0.004755
1;0.014130;0.004882
1;0.015832;0.004706
1;0.014342;0.004683
1;0.014755;0.004526
