nThread;timeInit;timeCount
4;0.010726;0.005459
4;0.010358;0.004380
4;0.010153;0.005354
4;0.010787;0.005163
4;0.008875;0.005540
4;0.011738;0.006094
4;0.010175;0.005182
4;0.010277;0.004744
4;0.011137;0.005191
4;0.010343;0.005183
4;0.009284;0.005433
4;0.011373;0.005213
4;0.010520;0.005021
4;0.009820;0.005286
4;0.010261;0.006224
4;0.008965;0.005396
4;0.009428;0.005326
4;0.010312;0.005499
4;0.009574;0.005215
4;0.010762;0.005050
