nThread;timeInit;timeCount
8;0.131126;0.087437
8;0.076768;0.054820
8;0.079102;0.079921
8;0.102916;0.093932
8;0.127751;0.077722
8;0.076133;0.058380
8;0.075534;0.058887
8;0.075272;0.055689
8;0.074459;0.052350
8;0.080978;0.053547
8;0.070330;0.057806
8;0.072392;0.053405
8;0.073779;0.060927
8;0.071303;0.054644
8;0.078073;0.075324
8;0.075320;0.060759
8;0.075266;0.054517
8;0.074695;0.063489
8;0.078484;0.064192
8;0.093729;0.088866
