nThread;timeInit;timeCount
2;0.096961;0.050114
2;0.103262;0.050182
2;0.099025;0.054060
2;0.099470;0.061159
2;0.112526;0.048493
2;0.108036;0.082626
2;0.114839;0.056134
2;0.111898;0.062720
2;0.112160;0.071246
2;0.111488;0.056564
2;0.103393;0.058300
2;0.115364;0.058867
2;0.098061;0.049186
2;0.096315;0.053257
2;0.099519;0.050263
2;0.102070;0.072315
2;0.099108;0.050804
2;0.121389;0.050839
2;0.100715;0.050337
2;0.101964;0.050712
