nThread;timeInit;timeCount
1;0.151854;0.069887
1;0.162403;0.067182
1;0.150061;0.069273
1;0.150014;0.066779
1;0.149676;0.066293
1;0.145418;0.069828
1;0.157768;0.070051
1;0.148032;0.066964
1;0.154432;0.067388
1;0.146946;0.065716
1;0.149508;0.065709
1;0.146982;0.068258
1;0.147620;0.069338
1;0.150542;0.069955
1;0.149523;0.066466
1;0.151229;0.065512
1;0.164524;0.077887
1;0.175198;0.078174
1;0.149884;0.067275
1;0.145739;0.065719
