nThread;timeInit;timeCount
4;0.080048;0.057585
4;0.079193;0.057546
4;0.079831;0.050582
4;0.078231;0.051112
4;0.076931;0.054872
4;0.079257;0.069950
4;0.080117;0.054012
4;0.091144;0.064666
4;0.107086;0.063996
4;0.087894;0.057603
4;0.089301;0.062935
4;0.089324;0.046999
4;0.077142;0.057351
4;0.076749;0.060746
4;0.083638;0.058810
4;0.082599;0.055286
4;0.086709;0.074132
4;0.083515;0.054000
4;0.075966;0.054651
4;0.074981;0.052865
