nThread;timeInit;timeCount
16;0.753508;0.977254
16;0.857483;1.012122
16;0.816725;1.183195
16;0.667812;1.130026
16;0.746644;0.922461
16;0.846141;1.060327
16;0.937373;1.300313
16;0.852709;1.280954
16;0.801405;1.179990
16;0.858226;1.160238
16;0.736593;0.813160
16;0.921465;1.219724
16;0.878656;0.959033
16;0.724835;0.863763
16;0.916937;1.060268
16;0.779436;1.099797
16;0.767230;0.977362
16;0.905795;1.010286
16;0.750115;0.910162
16;0.857300;0.970263
