nThread;timeInit;timeCount
1;0.132867;0.061064
1;0.139020;0.064478
1;0.131717;0.060691
1;0.137859;0.060430
1;0.131948;0.061196
1;0.137366;0.060939
1;0.130001;0.059592
1;0.136646;0.061065
1;0.133521;0.066058
1;0.137547;0.061566
1;0.137010;0.061331
1;0.130773;0.059577
1;0.132364;0.059733
1;0.133024;0.060578
1;0.133384;0.060683
1;0.136585;0.061836
1;0.129163;0.056893
1;0.144794;0.065296
1;0.138936;0.061108
1;0.140833;0.062516
