nThread;timeInit;timeCount
4;0.087650;0.043671
4;0.086371;0.060704
4;0.089240;0.045969
4;0.080994;0.050187
4;0.083215;0.049314
4;0.086601;0.045301
4;0.089741;0.050652
4;0.086345;0.050186
4;0.082546;0.046175
4;0.083990;0.047447
4;0.089008;0.045502
4;0.089043;0.046380
4;0.089528;0.060441
4;0.093669;0.048702
4;0.085543;0.047344
4;0.084779;0.049823
4;0.081371;0.044068
4;0.085809;0.048826
4;0.090695;0.045846
4;0.090140;0.047099
