nThread;timeInit;timeCount
16;0.747337;1.060300
16;0.925546;0.943958
16;0.766828;1.148426
16;0.638232;0.935403
16;1.010954;0.966628
16;0.724660;0.961414
16;0.707283;0.860289
16;0.637754;1.022518
16;0.926910;1.010320
16;0.816461;0.820324
16;0.771106;1.067126
16;0.826530;1.172538
16;0.797693;0.968411
16;0.846548;1.070375
16;0.907919;1.150711
16;0.635859;0.907361
16;0.622324;0.780688
16;0.626126;0.910319
16;0.719998;0.802399
16;0.701438;1.003332
