nThread;timeInit;timeCount
1;0.539732;0.516933
1;0.574333;0.638921
1;0.558519;0.524042
1;0.552824;0.528671
1;0.515257;0.497886
1;0.517268;0.523686
1;0.645813;0.606433
1;0.525682;0.530503
1;0.523076;0.532444
1;0.526779;0.509709
1;0.504154;0.589983
1;0.616529;0.519423
1;0.539517;0.505300
1;0.496680;0.495239
1;0.513773;0.488223
1;0.538016;0.655328
1;0.557496;0.493231
1;0.529527;0.505379
1;0.491105;0.500752
1;0.509596;0.501460
