nThread;timeInit;timeCount
1;0.141481;0.049504
1;0.133796;0.048655
1;0.144264;0.051281
1;0.139584;0.053064
1;0.137266;0.054755
1;0.146703;0.051590
1;0.138480;0.049885
1;0.139515;0.049665
1;0.141444;0.049664
1;0.142810;0.050338
1;0.140877;0.048403
1;0.139405;0.050807
1;0.144490;0.050202
1;0.137347;0.050263
1;0.137413;0.050255
1;0.138169;0.050441
1;0.142470;0.049636
1;0.151915;0.048690
1;0.136641;0.048202
1;0.134726;0.048708
