nThread;timeInit;timeCount
2;0.096396;0.039448
2;0.087318;0.043591
2;0.089982;0.039819
2;0.085718;0.038870
2;0.089277;0.039940
2;0.091217;0.040503
2;0.094885;0.039566
2;0.095761;0.040868
2;0.097664;0.041546
2;0.098580;0.053872
2;0.092152;0.043333
2;0.089947;0.040502
2;0.108524;0.041758
2;0.096935;0.041273
2;0.102003;0.039911
2;0.102296;0.041060
2;0.097696;0.044277
2;0.093075;0.042473
2;0.089033;0.040741
2;0.094678;0.046874
