nThread;timeInit;timeCount
8;0.066796;0.043190
8;0.066589;0.043221
8;0.070910;0.057524
8;0.066680;0.048782
8;0.068344;0.053441
8;0.079936;0.044016
8;0.064740;0.042597
8;0.066738;0.046057
8;0.069339;0.042734
8;0.066033;0.042290
8;0.071408;0.043151
8;0.069121;0.043059
8;0.069361;0.045247
8;0.069313;0.061832
8;0.067405;0.046124
8;0.065719;0.050736
8;0.066608;0.044443
8;0.068422;0.043597
8;0.067367;0.046396
8;0.069937;0.042606
