nThread;timeInit;timeCount
1;0.014356;0.020267
1;0.013733;0.014823
1;0.014136;0.014842
1;0.014153;0.016376
1;0.014404;0.017687
1;0.013987;0.018380
1;0.013452;0.018313
1;0.013849;0.018690
1;0.013869;0.018569
1;0.013722;0.018303
1;0.013743;0.018247
1;0.014205;0.014134
1;0.014977;0.015012
1;0.012927;0.014749
1;0.013825;0.018243
1;0.013763;0.017676
1;0.013913;0.018160
1;0.014252;0.017864
1;0.013416;0.018133
1;0.013744;0.018943
