nThread;timeInit;timeCount
8;0.009129;0.060507
8;0.008986;0.054647
8;0.007750;0.054996
8;0.012297;0.062114
8;0.005705;0.051572
8;0.007241;0.057952
8;0.016132;0.061876
8;0.010144;0.056208
8;0.014436;0.064616
8;0.007119;0.056212
8;0.005798;0.061826
8;0.010865;0.054985
8;0.007227;0.055653
8;0.037842;0.062427
8;0.008617;0.054607
8;0.015934;0.050196
8;0.007577;0.070342
8;0.007083;0.059044
8;0.009196;0.054541
8;0.006730;0.053407
