nThread;timeInit;timeCount
4;0.008001;0.039829
4;0.008030;0.035207
4;0.008302;0.032607
4;0.006603;0.034036
4;0.007997;0.034585
4;0.007998;0.033151
4;0.008921;0.034206
4;0.007734;0.033490
4;0.007824;0.033629
4;0.008621;0.034182
4;0.006486;0.033962
4;0.007724;0.032716
4;0.007427;0.032427
4;0.007632;0.037415
4;0.008370;0.034335
4;0.007826;0.034427
4;0.007201;0.033295
4;0.007508;0.034982
4;0.006801;0.031967
4;0.006841;0.034170
