nThread;timeInit;timeCount
1;0.595552;0.546347
1;0.604357;0.579435
1;0.696258;0.588850
1;0.553205;0.564646
1;0.539287;0.604785
1;0.594782;0.581960
1;0.666790;0.746482
1;0.569846;0.588262
1;0.558069;0.620506
1;0.560470;0.637148
1;0.917624;0.792174
1;0.594801;0.579401
1;0.606537;0.641065
1;0.611619;0.598193
1;0.744970;0.826668
1;0.634374;0.607612
1;0.616094;0.695942
1;0.642932;0.646835
1;0.746426;0.768157
1;0.583050;0.606406
