nThread;timeInit;timeCount
4;0.080295;0.159404
4;0.080337;0.153827
4;0.071147;0.158629
4;0.075570;0.162344
4;0.078367;0.160129
4;0.081513;0.183750
4;0.072248;0.162271
4;0.085443;0.158400
4;0.080245;0.154997
4;0.075603;0.157889
4;0.074932;0.156668
4;0.075877;0.150536
4;0.073875;0.154222
4;0.072157;0.181574
4;0.084224;0.174803
4;0.079319;0.154406
4;0.073853;0.161724
4;0.076429;0.156363
4;0.210342;0.147179
4;0.079583;0.181900
