nThread;timeInit;timeCount
1;0.134953;0.087714
1;0.130410;0.099475
1;0.141061;0.085972
1;0.131325;0.086811
1;0.132042;0.086124
1;0.130363;0.086868
1;0.130550;0.088362
1;0.132077;0.100870
1;0.141959;0.087470
1;0.132102;0.100154
1;0.135829;0.085058
1;0.131132;0.094723
1;0.132691;0.087970
1;0.129729;0.087503
1;0.132387;0.086173
1;0.132313;0.086228
1;0.131819;0.086152
1;0.141898;0.100241
1;0.140868;0.086241
1;0.131847;0.085620
