nThread;timeInit;timeCount
2;0.109422;0.106989
2;0.103255;0.112720
2;0.106035;0.108911
2;0.105107;0.104468
2;0.106260;0.098091
2;0.102511;0.119685
2;0.104940;0.108143
2;0.106550;0.102557
2;0.114637;0.106317
2;0.100955;0.107011
2;0.105448;0.102368
2;0.104093;0.102830
2;0.109220;0.122569
2;0.098212;0.107187
2;0.123427;0.179300
2;0.110140;0.114266
2;0.114892;0.103958
2;0.109642;0.107552
2;0.108584;0.129172
2;0.129699;0.108208
