nThread;timeInit;timeCount
8;0.065625;0.208506
8;0.068957;0.205943
8;0.070520;0.203583
8;0.068879;0.200665
8;0.068881;0.211366
8;0.066226;0.201344
8;0.069826;0.200584
8;0.072950;0.200651
8;0.065862;0.203709
8;0.068475;0.199796
8;0.069796;0.205634
8;0.065504;0.199876
8;0.066801;0.202694
8;0.075817;0.204047
8;0.075211;0.222442
8;0.073559;0.201096
8;0.067799;0.202657
8;0.070367;0.203212
8;0.065775;0.197688
8;0.068523;0.198979
