nThread;timeInit;timeCount
16;0.557995;1.392851
16;0.946585;1.786069
16;0.836815;1.295326
16;0.717983;1.148849
16;1.077706;1.593172
16;0.896443;1.490321
16;0.786778;1.960872
16;0.708303;1.470313
16;0.597809;1.670496
16;0.745372;1.540461
16;0.770687;1.535831
16;0.897690;1.626625
16;0.876808;1.480279
16;0.537010;1.511998
16;0.952181;1.717105
16;0.758772;1.361381
16;0.839324;1.532079
16;0.837785;1.661160
16;0.898044;2.110227
16;0.976460;1.973241
