nThread;timeInit;timeCount
4;0.000877;0.000084
4;0.000969;0.000121
4;0.000518;0.000095
4;0.000457;0.000085
4;0.000106;0.000102
4;0.000587;0.000102
4;0.000815;0.000090
4;0.001003;0.000101
4;0.000300;0.000069
4;0.000857;0.000090
4;0.000072;0.000098
4;0.000117;0.000138
4;0.000188;0.000103
4;0.000067;0.000110
4;0.000936;0.000102
4;0.000608;0.000099
4;0.001206;0.000110
4;0.000096;0.000109
4;0.000104;0.000090
4;0.000097;0.000110
