nThread;timeInit;timeCount
1;0.000223;0.000073
1;0.000174;0.000068
1;0.000172;0.000052
1;0.000257;0.000097
1;0.000227;0.000077
1;0.000243;0.000076
1;0.000283;0.000083
1;0.000171;0.000054
1;0.000154;0.000054
1;0.000144;0.000054
1;0.000143;0.000052
1;0.000136;0.000049
1;0.000147;0.000058
1;0.000207;0.000069
1;0.000222;0.000062
1;0.000146;0.000054
1;0.000136;0.000050
1;0.000158;0.000066
1;0.000142;0.000057
1;0.000139;0.000048
