nThread;timeInit;timeCount
1;0.000229;0.000046
1;0.000171;0.000035
1;0.000303;0.000053
1;0.000233;0.000065
1;0.000199;0.000038
1;0.000226;0.000052
1;0.000179;0.000039
1;0.000201;0.000036
1;0.000285;0.000070
1;0.000263;0.000065
1;0.000170;0.000036
1;0.000169;0.000036
1;0.000223;0.000041
1;0.000248;0.000036
1;0.000175;0.000035
1;0.000186;0.000052
1;0.000266;0.000053
1;0.000236;0.000046
1;0.000184;0.000038
1;0.000236;0.000097
