nThread;timeInit;timeCount
8;0.000159;0.000350
8;0.001371;0.014003
8;0.000120;0.004232
8;0.007069;0.006825
8;0.002632;0.006643
8;0.003128;0.013289
8;0.004685;0.007430
8;0.004284;0.011813
8;0.003473;0.000160
8;0.006941;0.009731
8;0.004944;0.015224
8;0.000325;0.000148
8;0.004246;0.008400
8;0.001372;0.000152
8;0.003350;0.024285
8;0.004628;0.015740
8;0.000135;0.007182
8;0.003844;0.011122
8;0.003482;0.005812
8;0.003975;0.008642
