nThread;timeInit;timeCount
16;0.036378;0.239976
16;0.009852;0.308037
16;0.036834;0.190006
16;0.000578;0.151639
16;0.037870;0.220038
16;0.010973;0.276850
16;0.019401;0.287964
16;0.009385;0.217904
16;0.036600;0.229992
16;0.026124;0.214195
16;0.010610;0.267299
16;0.026229;0.192334
16;0.018893;0.227546
16;0.009461;0.235962
16;0.036288;0.239959
16;0.056879;0.230045
16;0.036368;0.270008
16;0.019689;0.206803
16;0.023634;0.149975
16;0.028481;0.237743
