nThread;timeInit;timeCount
4;0.002006;0.004558
4;0.002019;0.004673
4;0.002553;0.004540
4;0.001554;0.005422
4;0.001601;0.004544
4;0.001882;0.005502
4;0.001776;0.004385
4;0.001961;0.005862
4;0.001642;0.004888
4;0.001698;0.005022
4;0.001524;0.004909
4;0.001796;0.005566
4;0.001667;0.005403
4;0.001610;0.005243
4;0.001808;0.005250
4;0.002668;0.009235
4;0.001628;0.005287
4;0.002017;0.004853
4;0.002330;0.005147
4;0.002395;0.005095
