nThread;timeInit;timeCount
2;0.001578;0.003837
2;0.002008;0.003781
2;0.001537;0.003875
2;0.002106;0.003869
2;0.001545;0.003826
2;0.001643;0.003797
2;0.001670;0.003861
2;0.001626;0.003846
2;0.002030;0.003937
2;0.001468;0.004043
2;0.002368;0.004900
2;0.001585;0.004423
2;0.002651;0.004538
2;0.002306;0.005369
2;0.001574;0.004022
2;0.002012;0.003696
2;0.001994;0.004173
2;0.003966;0.005753
2;0.002194;0.005452
2;0.001701;0.004187
