nThread;timeInit;timeCount
1;0.002835;0.004602
1;0.002726;0.004934
1;0.002304;0.005050
1;0.004120;0.004862
1;0.002496;0.004421
1;0.002225;0.004411
1;0.002270;0.004707
1;0.002266;0.004726
1;0.003146;0.004812
1;0.002372;0.004390
1;0.002285;0.004500
1;0.002347;0.004711
1;0.002690;0.005557
1;0.002660;0.004608
1;0.002245;0.004265
1;0.002126;0.004234
1;0.002103;0.004278
1;0.002156;0.004273
1;0.002213;0.004706
1;0.002344;0.004960
