nThread;timeInit;timeCount
1;0.002100;0.004100
1;0.002233;0.004427
1;0.002178;0.003970
1;0.001972;0.004023
1;0.002107;0.004162
1;0.002178;0.003802
1;0.002224;0.003889
1;0.001936;0.003844
1;0.001938;0.004003
1;0.002049;0.004238
1;0.002059;0.003809
1;0.001935;0.003761
1;0.001943;0.003894
1;0.002080;0.004130
1;0.002496;0.003850
1;0.001986;0.003832
1;0.001924;0.003984
1;0.006433;0.004010
1;0.001931;0.003904
1;0.002049;0.004021
