nThread;timeInit;timeCount
8;0.004897;0.041920
8;0.032809;0.039562
8;0.030491;0.027975
8;0.023981;0.035259
8;0.036071;0.022320
8;0.043159;0.060616
8;0.004948;0.014141
8;0.007160;0.019490
8;0.033084;0.041793
8;0.032773;0.035243
8;0.031465;0.060726
8;0.005588;0.045125
8;0.021870;0.034180
8;0.026920;0.032049
8;0.021825;0.008637
8;0.027033;0.005628
8;0.038005;0.043861
8;0.007123;0.031302
8;0.035451;0.036383
8;0.035973;0.041136
