nThread;timeInit;timeCount
16;0.614467;0.952204
16;0.752969;1.003387
16;0.716375;0.939986
16;0.926489;1.150003
16;0.492249;1.055767
16;0.886712;0.883532
16;0.886731;1.249987
16;0.788478;0.959969
16;0.616740;1.081554
16;0.746158;0.869889
16;0.817363;0.979977
16;0.950831;1.220005
16;0.496634;0.581094
16;0.705445;0.825415
16;0.777365;1.149988
16;1.017968;0.829979
16;0.626559;1.006653
16;0.583829;1.152961
16;0.636490;1.139976
16;0.699726;1.142183
