nThread;timeInit;timeCount
2;0.000135;0.000175
2;0.000113;0.000129
2;0.000097;0.000136
2;0.000087;0.000122
2;0.000128;0.000135
2;0.000096;0.000125
2;0.000121;0.000134
2;0.000104;0.000125
2;0.000095;0.000158
2;0.000095;0.000130
2;0.000120;0.000143
2;0.000097;0.000222
2;0.000100;0.000143
2;0.000094;0.000130
2;0.000096;0.000132
2;0.000084;0.000153
2;0.000477;0.000170
2;0.000082;0.000123
2;0.000434;0.000105
2;0.000100;0.000101
