nThread;timeInit;timeCount
8;0.003898;0.008248
8;0.001943;0.007951
8;0.002635;0.012275
8;0.009538;0.009056
8;0.006774;0.011879
8;0.001716;0.013891
8;0.005774;0.006859
8;0.005327;0.000215
8;0.002846;0.002709
8;0.001347;0.000199
8;0.000890;0.000189
8;0.000099;0.000189
8;0.000129;0.000214
8;0.000529;0.000240
8;0.003855;0.004399
8;0.006006;0.012535
8;0.003316;0.019370
8;0.004336;0.013481
8;0.003768;0.007515
8;0.002573;0.010695
