nThread;timeInit;timeCount
16;0.026705;0.200005
16;0.037291;0.260046
16;0.002865;0.225444
16;0.026556;0.200028
16;0.026924;0.216773
16;0.035594;0.250052
16;0.026485;0.330027
16;0.036711;0.220071
16;0.024958;0.240003
16;0.002752;0.204300
16;0.035920;0.281169
16;0.019716;0.197940
16;0.036699;0.240031
16;0.026856;0.167548
16;0.030298;0.229399
16;0.025922;0.240038
16;0.032801;0.293702
16;0.027032;0.170065
16;0.000631;0.166813
16;0.000670;0.177049
