nThread;timeInit;timeCount
1;0.156265;0.067219
1;0.162253;0.071182
1;0.178838;0.082077
1;0.172241;0.065079
1;0.154444;0.062973
1;0.152496;0.065661
1;0.159120;0.064303
1;0.150437;0.062615
1;0.165475;0.066073
1;0.152521;0.064221
1;0.158270;0.064558
1;0.154230;0.065271
1;0.161039;0.070757
1;0.158055;0.064174
1;0.153868;0.062987
1;0.162216;0.062642
1;0.151293;0.063912
1;0.153052;0.062880
1;0.158150;0.065545
1;0.157377;0.062793
