nThread;timeInit;timeCount
4;0.080795;0.056176
4;0.081234;0.075030
4;0.081353;0.054360
4;0.083889;0.051993
4;0.085289;0.057057
4;0.082835;0.060588
4;0.098637;0.062871
4;0.093549;0.063847
4;0.093826;0.061384
4;0.091861;0.057440
4;0.075922;0.049771
4;0.079563;0.062100
4;0.089674;0.068894
4;0.080872;0.054795
4;0.085890;0.058973
4;0.083470;0.055783
4;0.082711;0.056435
4;0.077953;0.054675
4;0.081929;0.056710
4;0.084885;0.056298
