nThread;timeInit;timeCount
8;0.065394;0.047996
8;0.069863;0.047425
8;0.068958;0.047307
8;0.069128;0.048139
8;0.071151;0.047733
8;0.068078;0.051516
8;0.069059;0.058130
8;0.070015;0.050426
8;0.073140;0.047937
8;0.067704;0.048865
8;0.070678;0.047719
8;0.071583;0.050123
8;0.068670;0.046952
8;0.071003;0.047565
8;0.071742;0.046165
8;0.070165;0.048477
8;0.069170;0.048238
8;0.071045;0.059438
8;0.068456;0.047899
8;0.070435;0.047770
