nThread;timeInit;timeCount
2;0.129827;0.065966
2;0.126627;0.065619
2;0.120105;0.058117
2;0.105894;0.055412
2;0.108211;0.053343
2;0.102553;0.052543
2;0.119009;0.053112
2;0.116064;0.051991
2;0.108201;0.060405
2;0.121050;0.066079
2;0.105794;0.051263
2;0.094740;0.054405
2;0.129000;0.050974
2;0.105948;0.058554
2;0.124437;0.063264
2;0.116811;0.058010
2;0.109715;0.053323
2;0.106286;0.054787
2;0.104620;0.060166
2;0.107339;0.078413
