nThread;timeInit;timeCount
16;0.818638;1.120286
16;0.617952;0.809901
16;0.796021;0.960202
16;0.749292;1.042102
16;0.968191;0.980317
16;0.746812;0.981394
16;0.878368;1.027550
16;0.825868;1.063014
16;0.705996;0.970428
16;0.776507;0.788768
16;0.707536;1.010287
16;0.633316;1.061337
16;0.736624;0.835924
16;0.846885;1.031917
16;0.832274;0.995986
16;0.847566;1.110297
16;0.878253;1.110288
16;0.609573;0.956538
16;0.587288;1.030343
16;0.810308;1.077386
