nThread;timeInit;timeCount
1;0.138617;0.064375
1;0.138079;0.064116
1;0.137250;0.077105
1;0.144087;0.063600
1;0.139424;0.066013
1;0.132374;0.064460
1;0.132830;0.064473
1;0.137332;0.063670
1;0.133003;0.063460
1;0.133265;0.064041
1;0.133048;0.066554
1;0.138901;0.065590
1;0.133994;0.063441
1;0.134220;0.064402
1;0.132115;0.064226
1;0.133455;0.063911
1;0.135783;0.064544
1;0.135031;0.075143
1;0.131942;0.063523
1;0.133147;0.063198
