nThread;timeInit;timeCount
2;0.001015;0.017676
2;0.001615;0.016764
2;0.001047;0.012682
2;0.001046;0.009630
2;0.001809;0.017154
2;0.001732;0.015077
2;0.001532;0.011139
2;0.001828;0.011174
2;0.001058;0.010775
2;0.001084;0.009979
2;0.001693;0.011210
2;0.001643;0.014291
2;0.001364;0.022680
2;0.001493;0.012738
2;0.001184;0.018375
2;0.001480;0.018218
2;0.001656;0.020985
2;0.001095;0.013199
2;0.001086;0.011265
2;0.001289;0.015283
