nThread;timeInit;timeCount
16;0.000965;0.724097
16;0.002468;0.560576
16;0.027313;0.705847
16;0.026911;0.585752
16;0.000911;0.714029
16;0.018851;0.836929
16;0.036935;0.746588
16;0.036855;0.415926
16;0.019040;0.573878
16;0.046516;0.366469
16;0.000932;1.243139
16;0.009649;0.933048
16;0.027407;0.745947
16;0.001050;1.063269
16;0.010339;0.370092
16;0.001019;0.823422
16;0.001017;0.525920
16;0.008526;1.103822
16;0.027911;0.599504
16;0.026504;0.945791
