nThread;timeInit;timeCount
4;0.000767;0.028038
4;0.001222;0.019448
4;0.001067;0.021775
4;0.001586;0.021438
4;0.001878;0.019503
4;0.001238;0.022919
4;0.001450;0.020076
4;0.001306;0.020011
4;0.000948;0.021555
4;0.001728;0.024794
4;0.001395;0.023445
4;0.001040;0.020820
4;0.001325;0.022571
4;0.001753;0.021178
4;0.000807;0.020172
4;0.001206;0.021692
4;0.000703;0.020301
4;0.001694;0.022722
4;0.001199;0.016869
4;0.001023;0.020623
