nThread;timeInit;timeCount
1;0.001914;0.012323
1;0.002113;0.007541
1;0.001704;0.008260
1;0.001847;0.010990
1;0.001799;0.007653
1;0.001801;0.008423
1;0.001965;0.008548
1;0.002202;0.007964
1;0.001796;0.008342
1;0.001631;0.008870
1;0.001596;0.008332
1;0.001647;0.014749
1;0.001818;0.010919
1;0.001951;0.008667
1;0.001780;0.008282
1;0.001765;0.007617
1;0.001638;0.007232
1;0.001878;0.008551
1;0.001719;0.007944
1;0.002044;0.009391
