nThread;timeInit;timeCount
1;0.001845;0.005148
1;0.001674;0.008277
1;0.002198;0.005338
1;0.001625;0.005726
1;0.001690;0.006926
1;0.002097;0.005235
1;0.001668;0.008034
1;0.001689;0.006098
1;0.001823;0.005176
1;0.001519;0.005346
1;0.001717;0.006386
1;0.001702;0.006081
1;0.001583;0.005141
1;0.001692;0.005588
1;0.001839;0.006572
1;0.001614;0.005594
1;0.001586;0.006049
1;0.002038;0.005833
1;0.001552;0.006675
1;0.002428;0.007108
