nThread;timeInit;timeCount
8;0.008098;0.043769
8;0.009315;0.083766
8;0.000767;0.086534
8;0.004571;0.051968
8;0.003426;0.044498
8;0.005681;0.042823
8;0.004372;0.045588
8;0.002311;0.049028
8;0.004884;0.043896
8;0.002631;0.038450
8;0.002369;0.043834
8;0.004545;0.055096
8;0.002496;0.047727
8;0.007483;0.046236
8;0.002880;0.039328
8;0.007424;0.047942
8;0.004953;0.048660
8;0.002292;0.058086
8;0.003831;0.056104
8;0.001360;0.056422
