nThread;timeInit;timeCount
1;0.000174;0.000780
1;0.000194;0.000740
1;0.000254;0.001206
1;0.000195;0.000717
1;0.000216;0.000624
1;0.000180;0.000792
1;0.000175;0.000872
1;0.000157;0.000666
1;0.000185;0.000669
1;0.000192;0.000864
1;0.000248;0.000742
1;0.000170;0.000638
1;0.000229;0.000719
1;0.000169;0.000675
1;0.000323;0.001014
1;0.000253;0.000763
1;0.000213;0.000743
1;0.000164;0.000633
1;0.000282;0.000830
1;0.000315;0.000902
