nThread;timeInit;timeCount
8;0.001691;0.015205
8;0.001825;0.008493
8;0.006768;0.016949
8;0.004498;0.013417
8;0.001815;0.003057
8;0.002851;0.016191
8;0.002501;0.010376
8;0.000099;0.019019
8;0.004640;0.018680
8;0.000354;0.002357
8;0.003860;0.016327
8;0.000336;0.002275
8;0.000350;0.002752
8;0.000826;0.002630
8;0.000090;0.003134
8;0.000158;0.002272
8;0.000950;0.002134
8;0.008796;0.019178
8;0.002394;0.015517
8;0.004495;0.008481
