nThread;timeInit;timeCount
2;0.000150;0.013254
2;0.000515;0.008795
2;0.000088;0.009092
2;0.000098;0.011267
2;0.000120;0.007643
2;0.000314;0.012343
2;0.000423;0.008636
2;0.000093;0.009757
2;0.000100;0.012278
2;0.000091;0.009353
2;0.000130;0.010396
2;0.000719;0.009534
2;0.000093;0.009426
2;0.000091;0.009768
2;0.000263;0.012299
2;0.000616;0.009532
2;0.000501;0.009938
2;0.000114;0.009168
2;0.000130;0.009564
2;0.000570;0.009807
