nThread;timeInit;timeCount
8;0.105476;0.148786
8;0.106269;0.148502
8;0.123544;0.149002
8;0.086169;0.153882
8;0.097584;0.137988
8;0.100097;0.148020
8;0.098802;0.154645
8;0.107435;0.146510
8;0.113081;0.141133
8;0.100330;0.166532
8;0.191207;0.252629
8;0.180422;0.190899
8;0.100414;0.156554
8;0.116235;0.154499
8;0.111564;0.139754
8;0.101938;0.128901
8;0.096502;0.180225
8;0.112997;0.165595
8;0.106166;0.172518
8;0.098936;0.176224
