nThread;timeInit;timeCount
16;0.709288;1.250323
16;0.642637;0.949072
16;0.746287;1.050120
16;0.825840;1.110297
16;0.686773;0.820308
16;0.826525;1.179980
16;0.747562;1.379461
16;0.715386;1.079715
16;0.746596;1.220304
16;0.726603;1.390421
16;0.791304;1.088683
16;0.847276;1.270305
16;0.873891;1.061191
16;0.666672;1.156859
16;0.817956;0.957014
16;0.776092;0.930149
16;0.526499;1.290313
16;0.806728;1.211737
16;0.751291;1.120739
16;0.993498;1.220314
