nThread;timeInit;timeCount
1;0.163923;0.150479
1;0.151224;0.145477
1;0.152419;0.147136
1;0.169759;0.151369
1;0.151498;0.147512
1;0.157166;0.150417
1;0.151859;0.146382
1;0.151236;0.145329
1;0.158422;0.150078
1;0.151762;0.146581
1;0.153747;0.145489
1;0.155010;0.144933
1;0.151366;0.146318
1;0.156263;0.145765
1;0.152077;0.144298
1;0.157674;0.173706
1;0.162966;0.145583
1;0.152286;0.161410
1;0.154827;0.147155
1;0.155023;0.145438
