nThread;timeInit;timeCount
2;0.199572;0.112233
2;0.108365;0.106270
2;0.116717;0.117596
2;0.103117;0.116025
2;0.097348;0.112768
2;0.112257;0.104356
2;0.102352;0.104892
2;0.106218;0.104646
2;0.105713;0.108348
2;0.109061;0.130476
2;0.119557;0.116693
2;0.109828;0.116693
2;0.105163;0.131612
2;0.122788;0.149693
2;0.122459;0.119603
2;0.131786;0.101956
2;0.100292;0.115900
2;0.111080;0.122176
2;0.123194;0.119987
2;0.098556;0.109890
