nThread;timeInit;timeCount
1;0.127660;0.115452
1;0.153001;0.123803
1;0.145934;0.117448
1;0.128478;0.116458
1;0.132495;0.118374
1;0.126952;0.121860
1;0.126184;0.123427
1;0.127586;0.115636
1;0.185923;0.114622
1;0.145888;0.117137
1;0.142613;0.147573
1;0.131521;0.119091
1;0.126056;0.121191
1;0.127979;0.115464
1;0.128738;0.120640
1;0.152354;0.140763
1;0.150511;0.139227
1;0.154924;0.141833
1;0.155732;0.141851
1;0.159021;0.140532
