nThread;timeInit;timeCount
4;0.089443;0.113846
4;0.090011;0.119295
4;0.089022;0.119902
4;0.087828;0.113557
4;0.085607;0.109631
4;0.090897;0.112719
4;0.081285;0.121403
4;0.087733;0.116479
4;0.081800;0.111501
4;0.089730;0.106519
4;0.085379;0.123203
4;0.090981;0.103830
4;0.086160;0.107478
4;0.084091;0.110206
4;0.087359;0.115030
4;0.083730;0.107234
4;0.087451;0.113459
4;0.086906;0.116498
4;0.088240;0.127329
4;0.076731;0.105781
