nThread;timeInit;timeCount
1;0.171440;0.052691
1;0.148948;0.049264
1;0.149349;0.050493
1;0.144714;0.049064
1;0.148074;0.054813
1;0.165638;0.058311
1;0.154333;0.054419
1;0.151225;0.051335
1;0.150055;0.051949
1;0.168118;0.050863
1;0.142951;0.050017
1;0.151147;0.050071
1;0.142977;0.053292
1;0.149344;0.051637
1;0.151037;0.049374
1;0.150013;0.051646
1;0.142718;0.052178
1;0.149282;0.051195
1;0.163268;0.050438
1;0.149580;0.050240
