nThread;timeInit;timeCount
4;0.007641;0.003780
4;0.006477;0.004118
4;0.007423;0.004550
4;0.006463;0.003893
4;0.006540;0.003987
4;0.008082;0.004500
4;0.006952;0.004108
4;0.007013;0.003656
4;0.007910;0.004202
4;0.008402;0.004430
4;0.007437;0.004144
4;0.007677;0.003440
4;0.008201;0.004220
4;0.007783;0.004141
4;0.008357;0.004357
4;0.007657;0.004183
4;0.008327;0.003839
4;0.007615;0.003907
4;0.008748;0.004193
4;0.006770;0.004002
