nThread;timeInit;timeCount
2;0.013318;0.005546
2;0.008479;0.003214
2;0.007975;0.003198
2;0.008049;0.003384
2;0.007988;0.003140
2;0.008109;0.003224
2;0.010170;0.003431
2;0.008442;0.003412
2;0.008628;0.003616
2;0.008063;0.004220
2;0.010495;0.004155
2;0.008422;0.003312
2;0.008764;0.004712
2;0.007882;0.004206
2;0.008461;0.004853
2;0.010237;0.003585
2;0.007933;0.003330
2;0.011849;0.004232
2;0.008916;0.003620
2;0.008622;0.003566
