nThread;timeInit;timeCount
16;0.020950;0.216540
16;0.056793;0.270051
16;0.076935;0.260317
16;0.057112;0.249848
16;0.076119;0.259988
16;0.034245;0.309601
16;0.058074;0.240293
16;0.067338;0.340148
16;0.030132;0.236602
16;0.038099;0.270385
16;0.057793;0.240235
16;0.032909;0.345056
16;0.086905;0.310451
16;0.038106;0.289941
16;0.048002;0.310216
16;0.038165;0.220010
16;0.038263;0.249996
16;0.023651;0.293546
16;0.066794;0.199950
16;0.038282;0.249909
