nThread;timeInit;timeCount
1;0.014234;0.002764
1;0.016509;0.001960
1;0.015787;0.001915
1;0.015735;0.001920
1;0.015005;0.001975
1;0.018007;0.001880
1;0.015781;0.001849
1;0.014597;0.002274
1;0.013870;0.002928
1;0.013732;0.003079
1;0.016210;0.002989
1;0.013727;0.002936
1;0.013398;0.001905
1;0.014151;0.001875
1;0.014327;0.001882
1;0.014811;0.002056
1;0.016743;0.002090
1;0.014614;0.002178
1;0.014879;0.003003
1;0.013452;0.002767
