nThread;timeInit;timeCount
1;0.006202;0.008003
1;0.006487;0.007498
1;0.006173;0.007837
1;0.006157;0.007876
1;0.006193;0.007384
1;0.006281;0.008067
1;0.005451;0.007539
1;0.006520;0.007710
1;0.006356;0.007053
1;0.005498;0.007383
1;0.006931;0.007596
1;0.006527;0.007447
1;0.005104;0.007536
1;0.007422;0.007902
1;0.006307;0.007843
1;0.006379;0.007361
1;0.005809;0.007607
1;0.006470;0.007907
1;0.006197;0.007487
1;0.007364;0.009609
