nThread;timeInit;timeCount
8;0.020452;0.008870
8;0.036871;0.030834
8;0.009686;0.042418
8;0.019734;0.045570
8;0.013776;0.039566
8;0.032773;0.051091
8;0.037198;0.031107
8;0.035670;0.025749
8;0.035212;0.041830
8;0.008519;0.014183
8;0.017879;0.055594
8;0.003799;0.015547
8;0.029864;0.030468
8;0.025809;0.023796
8;0.014574;0.030646
8;0.028998;0.039341
8;0.033032;0.039518
8;0.032953;0.037430
8;0.018417;0.034920
8;0.032812;0.024207
