nThread;timeInit;timeCount
4;0.002010;0.002747
4;0.001697;0.002154
4;0.001195;0.002994
4;0.001476;0.002401
4;0.001365;0.002429
4;0.002239;0.002619
4;0.001622;0.004546
4;0.001985;0.002924
4;0.001319;0.002355
4;0.002144;0.002534
4;0.001646;0.003043
4;0.001453;0.002729
4;0.001345;0.002551
4;0.004764;0.002604
4;0.001505;0.002791
4;0.001418;0.002861
4;0.001486;0.002582
4;0.001729;0.002615
4;0.001297;0.002488
4;0.001964;0.002621
