nThread;timeInit;timeCount
2;0.002051;0.002265
2;0.001297;0.002058
2;0.001353;0.001961
2;0.001382;0.002100
2;0.001392;0.002033
2;0.001210;0.002208
2;0.001556;0.002330
2;0.001198;0.002021
2;0.001357;0.002015
2;0.001402;0.002088
2;0.001512;0.002107
2;0.001434;0.002105
2;0.002003;0.002713
2;0.001360;0.002017
2;0.001425;0.002003
2;0.001813;0.002164
2;0.001340;0.002072
2;0.001460;0.001990
2;0.001438;0.002396
2;0.001294;0.002147
