nThread;timeInit;timeCount
1;0.002342;0.002187
1;0.002020;0.002179
1;0.002111;0.002514
1;0.002576;0.002462
1;0.002338;0.002202
1;0.002045;0.002344
1;0.002515;0.002320
1;0.002493;0.002196
1;0.002329;0.002345
1;0.002172;0.002475
1;0.002124;0.002319
1;0.002207;0.002201
1;0.002364;0.003041
1;0.002243;0.002413
1;0.002120;0.002511
1;0.002256;0.002586
1;0.002227;0.002299
1;0.002022;0.002228
1;0.006985;0.002174
1;0.002022;0.002138
