nThread;timeInit;timeCount
16;0.426288;0.849631
16;0.765245;0.978088
16;0.665598;0.991891
16;0.565783;0.779117
16;0.665852;0.739985
16;0.588159;0.878007
16;0.626392;0.880004
16;0.706802;0.869923
16;0.768154;1.080022
16;0.937737;1.069985
16;0.706059;1.090010
16;0.719954;0.946489
16;0.886159;0.910611
16;0.745379;1.009960
16;0.606352;0.912920
16;0.606518;0.939986
16;0.477714;0.820663
16;0.556718;0.891248
16;0.727349;1.008881
16;0.727756;0.780660
