nThread;timeInit;timeCount
1;0.000170;0.000909
1;0.000162;0.000684
1;0.000157;0.000680
1;0.000195;0.000816
1;0.000187;0.000834
1;0.000211;0.000862
1;0.000192;0.000834
1;0.000186;0.000705
1;0.000173;0.000902
1;0.000208;0.000912
1;0.000164;0.000758
1;0.000190;0.000738
1;0.000181;0.000872
1;0.000199;0.001010
1;0.000177;0.001076
1;0.000238;0.000913
1;0.000255;0.000897
1;0.000178;0.000784
1;0.000211;0.000785
1;0.000169;0.000897
