nThread;timeInit;timeCount
1;0.000247;0.001080
1;0.000175;0.001055
1;0.000177;0.000925
1;0.000144;0.001160
1;0.000165;0.000758
1;0.000120;0.000776
1;0.000133;0.000695
1;0.000133;0.000731
1;0.000137;0.000743
1;0.000177;0.000723
1;0.000165;0.001049
1;0.000147;0.000807
1;0.000163;0.000780
1;0.000170;0.000832
1;0.000155;0.000815
1;0.000180;0.000845
1;0.000254;0.000781
1;0.000161;0.000777
1;0.000149;0.000915
1;0.000191;0.000905
