nThread;timeInit;timeCount
4;0.000795;0.002337
4;0.000840;0.001769
4;0.000092;0.002043
4;0.000792;0.002409
4;0.000188;0.002270
4;0.000106;0.001929
4;0.000114;0.002315
4;0.000135;0.001924
4;0.000937;0.002111
4;0.000478;0.001707
4;0.000064;0.001544
4;0.000465;0.001706
4;0.000577;0.001360
4;0.000452;0.001547
4;0.000504;0.002239
4;0.000473;0.001338
4;0.000093;0.001864
4;0.000470;0.001728
4;0.000500;0.001557
4;0.000610;0.001768
