nThread;timeInit;timeCount
16;0.029000;0.398302
16;0.026989;0.400265
16;0.000564;0.347715
16;0.027034;0.160591
16;0.018784;0.317657
16;0.024705;0.340276
16;0.000527;0.357746
16;0.027272;0.330287
16;0.026812;0.250244
16;0.001514;0.345598
16;0.027623;0.310288
16;0.027620;0.280247
16;0.000525;0.367907
16;0.038569;0.320335
16;0.027938;0.379107
16;0.026827;0.280312
16;0.011074;0.216693
16;0.007022;0.298497
16;0.019248;0.288016
16;0.036557;0.400309
