nThread;timeInit;timeCount
2;0.000324;0.001284
2;0.000571;0.001509
2;0.000554;0.001343
2;0.000122;0.001426
2;0.000418;0.001504
2;0.000113;0.001263
2;0.000099;0.001341
2;0.000514;0.001280
2;0.000230;0.001577
2;0.000168;0.001391
2;0.000098;0.001203
2;0.000163;0.001586
2;0.000090;0.001120
2;0.000115;0.001146
2;0.000093;0.001160
2;0.000133;0.001652
2;0.000158;0.001463
2;0.000480;0.001161
2;0.000217;0.001471
2;0.000104;0.001492
