nThread;timeInit;timeCount
8;0.001765;0.030194
8;0.000137;0.004796
8;0.004329;0.005832
8;0.005982;0.016122
8;0.004632;0.014860
8;0.008372;0.012652
8;0.005251;0.009474
8;0.003726;0.005874
8;0.000089;0.009283
8;0.000114;0.011607
8;0.003728;0.019201
8;0.009751;0.012905
8;0.004494;0.002668
8;0.004930;0.015673
8;0.004771;0.011479
8;0.004255;0.013342
8;0.010157;0.009528
8;0.003079;0.002555
8;0.002514;0.025177
8;0.001921;0.010530
