nThread;timeInit;timeCount
2;0.098699;0.094735
2;0.107820;0.096165
2;0.079974;0.113995
2;0.092238;0.107679
2;0.081904;0.101852
2;0.092671;0.121188
2;0.083940;0.105398
2;0.086445;0.101562
2;0.106687;0.106388
2;0.105820;0.093249
2;0.079631;0.098965
2;0.076806;0.092816
2;0.079185;0.097786
2;0.077983;0.100487
2;0.076772;0.093964
2;0.085887;0.093078
2;0.082624;0.094130
2;0.077942;0.099176
2;0.082176;0.106055
2;0.086181;0.094515
