nThread;timeInit;timeCount
16;0.446937;0.767951
16;0.349535;0.786631
16;0.437003;0.818997
16;0.508389;0.776565
16;0.507456;0.758198
16;0.109646;0.907885
16;0.597157;1.482126
16;0.127553;0.808273
16;0.647210;0.897114
16;0.517983;0.986919
16;0.437016;0.996480
16;0.597662;0.667292
16;0.516883;0.746889
16;0.078801;0.972589
16;0.446818;0.744870
16;0.425936;1.025399
16;0.541065;0.763932
16;0.457438;0.772692
16;0.677091;0.973007
16;0.482577;0.794038
