nThread;timeInit;timeCount
1;0.130836;0.125789
1;0.124623;0.123887
1;0.125144;0.124487
1;0.126086;0.126292
1;0.125773;0.123636
1;0.125594;0.124111
1;0.124684;0.131136
1;0.133229;0.123469
1;0.126637;0.128847
1;0.127429;0.130536
1;0.125098;0.126796
1;0.122066;0.122081
1;0.123607;0.123788
1;0.125160;0.129098
1;0.139328;0.120620
1;0.122899;0.127524
1;0.124310;0.121454
1;0.123624;0.120273
1;0.122168;0.121144
1;0.122554;0.122840
