nThread;timeInit;timeCount
4;0.056132;0.095528
4;0.077630;0.104088
4;0.069596;0.100541
4;0.068582;0.096058
4;0.059881;0.099518
4;0.058599;0.090362
4;0.057682;0.106311
4;0.063764;0.093201
4;0.064484;0.098272
4;0.064334;0.097047
4;0.064121;0.097185
4;0.081561;0.098593
4;0.065238;0.091243
4;0.065970;0.091363
4;0.057993;0.098011
4;0.060889;0.086504
4;0.065574;0.098005
4;0.058526;0.092071
4;0.061453;0.093994
4;0.062531;0.102342
