nThread;timeInit;timeCount
16;0.708242;0.909533
16;0.826269;0.940020
16;0.656381;0.963650
16;0.764845;0.807092
16;0.947971;1.094412
16;0.808084;1.164841
16;0.556636;0.980014
16;0.726917;0.719956
16;0.616913;0.834207
16;0.678067;0.904286
16;0.676501;1.064028
16;0.878346;0.709608
16;0.693234;0.914315
16;0.486546;0.870001
16;0.627174;0.619989
16;0.776198;1.010027
16;0.676444;0.983968
16;0.736497;0.809984
16;0.717841;0.714925
16;0.487940;0.939956
