nThread;timeInit;timeCount
4;0.009265;0.005321
4;0.009726;0.005205
4;0.008646;0.004980
4;0.008584;0.005385
4;0.009717;0.004347
4;0.010169;0.005068
4;0.010303;0.005461
4;0.009804;0.004900
4;0.010723;0.005019
4;0.009839;0.004755
4;0.009452;0.004772
4;0.009804;0.006309
4;0.009820;0.004341
4;0.008125;0.005349
4;0.009552;0.005036
4;0.009269;0.005149
4;0.010033;0.005435
4;0.011191;0.005286
4;0.009552;0.005616
4;0.008168;0.005029
