nThread;timeInit;timeCount
2;0.009678;0.004576
2;0.009900;0.004396
2;0.009815;0.004413
2;0.009171;0.004744
2;0.009790;0.006552
2;0.009630;0.004855
2;0.010233;0.005075
2;0.009299;0.004553
2;0.009565;0.005668
2;0.009608;0.004601
2;0.012251;0.005276
2;0.009626;0.004640
2;0.010317;0.004598
2;0.009787;0.007997
2;0.010100;0.005171
2;0.009605;0.004753
2;0.010306;0.004369
2;0.009928;0.005607
2;0.009767;0.004497
2;0.009602;0.004689
