nThread;timeInit;timeCount
1;0.017132;0.005017
1;0.013784;0.004593
1;0.014175;0.004653
1;0.014002;0.004677
1;0.012942;0.004846
1;0.014461;0.004428
1;0.013944;0.005183
1;0.012675;0.004526
1;0.013904;0.006259
1;0.014049;0.005465
1;0.014193;0.004836
1;0.014615;0.005094
1;0.014351;0.004886
1;0.014693;0.004893
1;0.014896;0.005757
1;0.014730;0.004298
1;0.015265;0.005041
1;0.014672;0.004555
1;0.013291;0.004257
1;0.014195;0.004425
