nThread;timeInit;timeCount
8;0.041123;0.039608
8;0.034910;0.034873
8;0.044485;0.033498
8;0.052207;0.033245
8;0.010084;0.033314
8;0.031151;0.032383
8;0.037365;0.030103
8;0.042456;0.034364
8;0.023281;0.033083
8;0.026807;0.039836
8;0.033095;0.034394
8;0.021850;0.012705
8;0.047803;0.037531
8;0.031640;0.032629
8;0.036163;0.034379
8;0.039261;0.028126
8;0.042848;0.052280
8;0.046034;0.036763
8;0.023626;0.015812
8;0.058225;0.039977
