nThread;timeInit;timeCount
1;0.015698;0.004411
1;0.014219;0.004819
1;0.013956;0.004564
1;0.013698;0.004238
1;0.013845;0.004326
1;0.013958;0.004665
1;0.015427;0.004790
1;0.014358;0.004363
1;0.014228;0.004403
1;0.014143;0.004314
1;0.013715;0.004299
1;0.013983;0.004148
1;0.014338;0.004498
1;0.013779;0.004881
1;0.015562;0.004375
1;0.015072;0.004265
1;0.014436;0.004116
1;0.014156;0.004414
1;0.013902;0.004307
1;0.014100;0.004295
