nThread;timeInit;timeCount
16;0.698467;0.840176
16;0.586915;0.780572
16;0.697352;0.999929
16;0.798349;0.940596
16;0.698412;0.701155
16;0.804645;1.040557
16;0.746898;0.810406
16;0.526953;0.860654
16;0.777791;1.110556
16;0.956442;0.889921
16;0.571055;0.929957
16;0.986981;0.841826
16;0.676588;1.059985
16;0.787340;0.890023
16;0.749613;0.989002
16;0.767845;1.179958
16;0.536169;0.920531
16;0.601085;0.794401
16;0.826308;1.149864
16;0.698931;0.737697
