nThread;timeInit;timeCount
1;0.005280;0.005369
1;0.004986;0.005447
1;0.005919;0.005380
1;0.004773;0.005352
1;0.005813;0.005257
1;0.005111;0.005155
1;0.006070;0.005161
1;0.005113;0.005429
1;0.006061;0.005230
1;0.005069;0.005340
1;0.006234;0.005427
1;0.005271;0.005416
1;0.006315;0.005981
1;0.006126;0.006143
1;0.006007;0.005423
1;0.005962;0.006186
1;0.005986;0.005852
1;0.007616;0.005473
1;0.005417;0.005901
1;0.006184;0.005654
