nThread;timeInit;timeCount
4;0.001382;0.000592
4;0.001603;0.000637
4;0.002195;0.000582
4;0.003314;0.013031
4;0.002961;0.000515
4;0.002449;0.000522
4;0.001463;0.000566
4;0.001282;0.000577
4;0.001283;0.000584
4;0.001728;0.000498
4;0.001251;0.000808
4;0.002276;0.000523
4;0.001587;0.000474
4;0.001259;0.000602
4;0.001508;0.000519
4;0.001200;0.000810
4;0.001688;0.000494
4;0.001308;0.000770
4;0.001544;0.000647
4;0.001220;0.000568
