nThread;timeInit;timeCount
8;0.035165;0.025066
8;0.029505;0.024617
8;0.037167;0.036540
8;0.039635;0.029125
8;0.034373;0.038777
8;0.019637;0.000579
8;0.033623;0.040313
8;0.039064;0.016428
8;0.029831;0.008688
8;0.029633;0.035527
8;0.009470;0.011641
8;0.041151;0.035770
8;0.035862;0.000699
8;0.029778;0.023332
8;0.020010;0.024864
8;0.026619;0.029803
8;0.013236;0.029189
8;0.034015;0.006912
8;0.027368;0.050923
8;0.033198;0.030322
