nThread;timeInit;timeCount
1;0.002105;0.000529
1;0.002385;0.000521
1;0.002151;0.000521
1;0.001955;0.001142
1;0.002291;0.000515
1;0.002163;0.000562
1;0.002235;0.000572
1;0.002086;0.000545
1;0.002068;0.000734
1;0.002049;0.000791
1;0.002064;0.000548
1;0.001930;0.000564
1;0.002373;0.001160
1;0.002290;0.000603
1;0.002186;0.000595
1;0.002319;0.000616
1;0.001952;0.000525
1;0.002315;0.000615
1;0.003038;0.000665
1;0.002531;0.000597
