nThread;timeInit;timeCount
2;0.001317;0.000559
2;0.001380;0.000541
2;0.002614;0.000752
2;0.001456;0.000581
2;0.001425;0.000582
2;0.002169;0.000556
2;0.001513;0.000562
2;0.001844;0.000716
2;0.001838;0.000598
2;0.001425;0.000575
2;0.001370;0.000755
2;0.001282;0.000674
2;0.001240;0.000544
2;0.001233;0.000534
2;0.001214;0.000525
2;0.001387;0.000603
2;0.001866;0.000580
2;0.001779;0.000562
2;0.001438;0.000547
2;0.002039;0.000578
