nThread;timeInit;timeCount
1;0.019867;0.003166
1;0.019178;0.006448
1;0.017390;0.003512
1;0.016505;0.002778
1;0.017199;0.001825
1;0.016896;0.001713
1;0.016902;0.002539
1;0.020055;0.002434
1;0.015822;0.002443
1;0.014835;0.002432
1;0.017059;0.002371
1;0.019150;0.001877
1;0.017893;0.002157
1;0.021361;0.001755
1;0.015844;0.003020
1;0.015779;0.002852
1;0.016129;0.002638
1;0.017119;0.002068
1;0.016408;0.001898
1;0.014309;0.001810
