nThread;timeInit;timeCount
2;0.009795;0.003828
2;0.008044;0.003401
2;0.007985;0.003597
2;0.008887;0.004618
2;0.009563;0.004277
2;0.009567;0.003708
2;0.008357;0.003798
2;0.008418;0.003512
2;0.008148;0.003516
2;0.008115;0.003402
2;0.008124;0.003440
2;0.008103;0.003509
2;0.010400;0.004705
2;0.008014;0.003942
2;0.007896;0.003684
2;0.010989;0.004594
2;0.008004;0.003566
2;0.008223;0.003676
2;0.007860;0.003472
2;0.011850;0.004651
