nThread;timeInit;timeCount
8;0.008986;0.018945
8;0.007153;0.009361
8;0.006912;0.012855
8;0.016213;0.019853
8;0.009111;0.012916
8;0.005370;0.010332
8;0.011750;0.014856
8;0.008147;0.013679
8;0.006577;0.013521
8;0.008005;0.015352
8;0.008212;0.008912
8;0.006862;0.011235
8;0.010449;0.017533
8;0.009111;0.015686
8;0.010658;0.015908
8;0.009928;0.018914
8;0.008869;0.013789
8;0.008121;0.013015
8;0.009556;0.010233
8;0.006968;0.002976
