nThread;timeInit;timeCount
16;0.031151;0.246660
16;0.038884;0.239051
16;0.067024;0.329975
16;0.037322;0.250217
16;0.077214;0.259552
16;0.067230;0.280021
16;0.021447;0.306116
16;0.037900;0.280278
16;0.086672;0.340267
16;0.085692;0.332488
16;0.058030;0.230176
16;0.029526;0.160066
16;0.076686;0.310253
16;0.027839;0.220205
16;0.030127;0.246669
16;0.067379;0.270048
16;0.038185;0.220101
16;0.096779;0.290477
16;0.038721;0.319595
16;0.068375;0.240475
