nThread;timeInit;timeCount
4;0.006003;0.003858
4;0.006630;0.004048
4;0.007995;0.003909
4;0.008000;0.003659
4;0.008083;0.004400
4;0.007464;0.004271
4;0.006696;0.003886
4;0.007210;0.003863
4;0.008024;0.004018
4;0.007427;0.003966
4;0.008572;0.004095
4;0.008770;0.004185
4;0.009347;0.004229
4;0.006947;0.003638
4;0.007493;0.003855
4;0.008098;0.004098
4;0.007589;0.003561
4;0.007314;0.003963
4;0.007174;0.004358
4;0.007693;0.004115
