nThread;timeInit;timeCount
1;0.014065;0.005241
1;0.018167;0.004864
1;0.012495;0.003745
1;0.012106;0.003778
1;0.012273;0.003466
1;0.012172;0.004030
1;0.012854;0.003707
1;0.012080;0.003662
1;0.012168;0.003646
1;0.013020;0.003463
1;0.015079;0.003819
1;0.015472;0.004660
1;0.013945;0.003892
1;0.013547;0.003698
1;0.013607;0.003897
1;0.013595;0.003588
1;0.013007;0.003721
1;0.014198;0.003760
1;0.013502;0.003595
1;0.013215;0.003771
