nThread;timeInit;timeCount
1;0.081360;0.079927
1;0.070659;0.066860
1;0.063211;0.060364
1;0.057816;0.058548
1;0.062187;0.058356
1;0.056972;0.056820
1;0.059365;0.052643
1;0.054637;0.052056
1;0.054046;0.054117
1;0.056871;0.057776
1;0.055621;0.056416
1;0.054065;0.056212
1;0.052806;0.057571
1;0.051260;0.053460
1;0.051388;0.055311
1;0.051004;0.051745
1;0.057694;0.054718
1;0.051796;0.055815
1;0.055770;0.058186
1;0.047997;0.059615
