nThread;timeInit;timeCount
8;0.044962;0.042598
8;0.045135;0.019946
8;0.041139;0.048038
8;0.011772;0.053902
8;0.057240;0.016027
8;0.024139;0.033876
8;0.043284;0.053297
8;0.033015;0.008659
8;0.035851;0.019120
8;0.034334;0.027424
8;0.027020;0.037408
8;0.030523;0.040484
8;0.022837;0.059368
8;0.043565;0.062520
8;0.044848;0.035299
8;0.023258;0.033368
8;0.039433;0.041228
8;0.032983;0.037237
8;0.067600;0.049442
8;0.037465;0.039760
