nThread;timeInit;timeCount
4;0.009911;0.010040
4;0.009588;0.011026
4;0.010662;0.009752
4;0.011733;0.011484
4;0.022962;0.010916
4;0.010336;0.010355
4;0.011482;0.012928
4;0.010338;0.011327
4;0.010082;0.011297
4;0.011961;0.009956
4;0.010375;0.011265
4;0.012135;0.011561
4;0.008866;0.011287
4;0.013671;0.012243
4;0.011697;0.011515
4;0.010811;0.011523
4;0.010986;0.010850
4;0.010374;0.010212
4;0.009979;0.010588
4;0.009979;0.009065
