nThread;timeInit;timeCount
1;0.017533;0.012224
1;0.016232;0.011201
1;0.017002;0.011257
1;0.015281;0.011270
1;0.015849;0.011461
1;0.016276;0.011209
1;0.015877;0.011217
1;0.016279;0.011263
1;0.017886;0.011571
1;0.014809;0.011136
1;0.015408;0.012469
1;0.016136;0.011404
1;0.015732;0.011094
1;0.016381;0.011057
1;0.016627;0.011072
1;0.017119;0.011770
1;0.014380;0.010806
1;0.015851;0.010891
1;0.015943;0.010781
1;0.016322;0.011169
