nThread;timeInit;timeCount
2;0.011337;0.009556
2;0.012971;0.012340
2;0.011993;0.011216
2;0.010864;0.009309
2;0.009536;0.010353
2;0.009843;0.009115
2;0.010982;0.011641
2;0.012064;0.009168
2;0.011255;0.012408
2;0.010079;0.009281
2;0.015908;0.013299
2;0.015273;0.010887
2;0.011259;0.009345
2;0.010545;0.009369
2;0.010861;0.009704
2;0.009341;0.009466
2;0.010276;0.009740
2;0.010061;0.009211
2;0.010883;0.009691
2;0.010394;0.009667
