nThread;timeInit;timeCount
16;0.847653;0.911821
16;0.615404;0.569993
16;0.598531;0.868075
16;0.818974;1.029011
16;0.808332;1.179949
16;0.674885;0.762086
16;0.662748;0.666692
16;0.536676;0.850009
16;0.580976;0.867213
16;0.692354;0.920902
16;0.686027;0.847030
16;1.016712;0.869981
16;0.711520;0.673251
16;0.720013;0.833960
16;0.707792;0.749997
16;0.686364;0.839991
16;0.467404;0.586787
16;0.796644;0.829968
16;0.670699;0.797842
16;0.586596;0.840015
