nThread;timeInit;timeCount
2;0.002354;0.002520
2;0.003959;0.004402
2;0.002156;0.003159
2;0.002221;0.004280
2;0.003180;0.002877
2;0.004158;0.002714
2;0.001791;0.002819
2;0.002758;0.002978
2;0.002134;0.003146
2;0.002160;0.002958
2;0.002480;0.002536
2;0.001686;0.003007
2;0.002247;0.002606
2;0.002058;0.002554
2;0.001634;0.002604
2;0.001697;0.002557
2;0.001871;0.002579
2;0.001720;0.002397
2;0.001590;0.002321
2;0.001539;0.002278
