nThread;timeInit;timeCount
1;0.001895;0.002090
1;0.001821;0.001949
1;0.001878;0.001875
1;0.001790;0.002454
1;0.001830;0.001940
1;0.001783;0.001942
1;0.001881;0.001984
1;0.001865;0.002130
1;0.001943;0.002002
1;0.001938;0.002120
1;0.002151;0.002207
1;0.001946;0.002484
1;0.002140;0.002087
1;0.002012;0.002061
1;0.002049;0.002043
1;0.001986;0.002084
1;0.001907;0.002054
1;0.001892;0.001894
1;0.002012;0.001949
1;0.001784;0.001966
