nThread;timeInit;timeCount
1;0.002039;0.001977
1;0.002527;0.002365
1;0.002007;0.001949
1;0.002083;0.002076
1;0.002082;0.002072
1;0.002008;0.001967
1;0.002141;0.002040
1;0.002031;0.001950
1;0.002175;0.002134
1;0.002185;0.002119
1;0.002599;0.002528
1;0.003104;0.002502
1;0.002520;0.002288
1;0.002170;0.002439
1;0.002166;0.002444
1;0.002119;0.002140
1;0.002145;0.002086
1;0.001954;0.002334
1;0.001951;0.002069
1;0.002052;0.002242
