nThread;timeInit;timeCount
4;0.001738;0.002704
4;0.002143;0.003747
4;0.001451;0.003309
4;0.002594;0.003108
4;0.001643;0.002375
4;0.001884;0.002861
4;0.001821;0.003288
4;0.001980;0.002682
4;0.001498;0.002874
4;0.001471;0.003278
4;0.001389;0.003034
4;0.001405;0.003030
4;0.001301;0.002718
4;0.002449;0.002510
4;0.001336;0.002953
4;0.001500;0.002816
4;0.002083;0.002841
4;0.002672;0.002429
4;0.001548;0.003177
4;0.001330;0.003156
