nThread;timeInit;timeCount
8;0.031895;0.042118
8;0.030955;0.033556
8;0.052423;0.030797
8;0.019148;0.017638
8;0.006528;0.039510
8;0.031666;0.033194
8;0.022550;0.034078
8;0.025499;0.018694
8;0.029176;0.042708
8;0.010550;0.024965
8;0.029382;0.023767
8;0.042004;0.033486
8;0.031221;0.012480
8;0.008295;0.019763
8;0.023835;0.045244
8;0.033577;0.053731
8;0.024942;0.003001
8;0.006290;0.034331
8;0.013314;0.031970
8;0.032334;0.054241
