nThread;timeInit;timeCount
16;0.828196;1.349974
16;0.897067;0.871940
16;0.646516;0.910008
16;0.766621;0.754611
16;0.796191;1.160001
16;0.908604;1.042647
16;0.762927;1.009896
16;0.651644;0.939965
16;0.805727;1.179892
16;0.537611;0.879988
16;0.787834;1.079987
16;0.616163;0.710601
16;0.708738;1.139997
16;0.746475;0.810563
16;0.666753;1.130500
16;0.817583;0.859114
16;0.826406;1.180712
16;0.798188;0.989978
16;0.746339;1.089979
16;1.055352;1.179981
