nThread;timeInit;timeCount
16;0.748568;1.385568
16;0.777603;1.485149
16;0.786299;1.233920
16;0.689962;1.626873
16;0.788344;1.826733
16;0.842474;1.514546
16;0.816452;2.019699
16;0.520475;1.039119
16;0.906634;1.326160
16;0.898497;1.755412
16;0.746384;1.360325
16;0.627309;1.247966
16;0.705545;1.951221
16;0.856645;1.467526
16;0.818138;1.947270
16;0.837385;1.830428
16;0.766780;1.914416
16;0.701741;1.742066
16;0.856880;1.483757
16;0.660608;1.670261
