nThread;timeInit;timeCount
4;0.072147;0.156416
4;0.078076;0.155207
4;0.081285;0.155795
4;0.080573;0.153233
4;0.072513;0.158315
4;0.083267;0.150732
4;0.086449;0.156458
4;0.076931;0.153152
4;0.077563;0.159810
4;0.081234;0.156806
4;0.074750;0.153334
4;0.079625;0.159764
4;0.089658;0.179877
4;0.083174;0.169335
4;0.079675;0.179767
4;0.079598;0.155147
4;0.076151;0.166560
4;0.084054;0.152835
4;0.079130;0.164745
4;0.100998;0.158920
