nThread;timeInit;timeCount
2;0.099556;0.096890
2;0.099011;0.113226
2;0.114275;0.098742
2;0.099848;0.116258
2;0.104198;0.105651
2;0.108449;0.128728
2;0.102907;0.097462
2;0.098176;0.127940
2;0.116326;0.099805
2;0.106628;0.102832
2;0.099198;0.094464
2;0.100970;0.100336
2;0.103581;0.101091
2;0.110155;0.122299
2;0.102019;0.112549
2;0.099553;0.098558
2;0.114736;0.096775
2;0.099151;0.102997
2;0.099860;0.105572
2;0.102080;0.099696
