nThread;timeInit;timeCount
1;0.131552;0.080880
1;0.132806;0.079734
1;0.133631;0.084296
1;0.131400;0.081443
1;0.134869;0.083529
1;0.130900;0.081493
1;0.132961;0.083904
1;0.130257;0.080589
1;0.131577;0.081856
1;0.132757;0.081742
1;0.134775;0.085140
1;0.132505;0.081482
1;0.130870;0.080012
1;0.132251;0.082785
1;0.129601;0.083267
1;0.130423;0.082298
1;0.130291;0.079886
1;0.139143;0.083234
1;0.130120;0.081626
1;0.133168;0.083459
