nThread;timeInit;timeCount
8;0.152243;0.243520
8;0.077895;0.294589
8;0.114769;0.257866
8;0.078781;0.234011
8;0.092657;0.244333
8;0.092288;0.255003
8;0.135348;0.277315
8;0.099005;0.235039
8;0.102559;0.219922
8;0.103739;0.251084
8;0.111634;0.257099
8;0.070079;0.230471
8;0.102541;0.238810
8;0.108529;0.247657
8;0.104543;0.353837
8;0.134165;0.253853
8;0.115343;0.242572
8;0.110476;0.247003
8;0.083431;0.206635
8;0.067464;0.222750
