nThread;timeInit;timeCount
1;0.146087;0.102369
1;0.144292;0.093494
1;0.146883;0.085966
1;0.158264;0.091751
1;0.145642;0.086839
1;0.147716;0.089682
1;0.147204;0.091549
1;0.147735;0.088086
1;0.146779;0.089103
1;0.148434;0.090918
1;0.148057;0.089460
1;0.145741;0.086931
1;0.146751;0.088951
1;0.147689;0.087344
1;0.145541;0.087794
1;0.147272;0.086725
1;0.147063;0.086891
1;0.151136;0.088174
1;0.145191;0.087200
1;0.145986;0.091145
