nThread;timeInit;timeCount
8;0.036183;0.040307
8;0.015443;0.043946
8;0.028000;0.031217
8;0.038801;0.044817
8;0.040413;0.036804
8;0.042872;0.038129
8;0.103754;0.059424
8;0.119489;0.101680
8;0.010750;0.048443
8;0.042328;0.053353
8;0.053168;0.039927
8;0.038277;0.048643
8;0.019962;0.035215
8;0.033478;0.054320
8;0.026507;0.034659
8;0.050175;0.049541
8;0.044563;0.032196
8;0.037005;0.035323
8;0.035161;0.015641
8;0.038845;0.033566
