nThread;timeInit;timeCount
1;0.015766;0.005011
1;0.014713;0.005224
1;0.016154;0.004905
1;0.013874;0.004936
1;0.014474;0.004976
1;0.013785;0.004893
1;0.014264;0.004898
1;0.015236;0.004967
1;0.017251;0.005010
1;0.013958;0.005144
1;0.015904;0.004826
1;0.014966;0.005223
1;0.015390;0.006106
1;0.015651;0.005086
1;0.013556;0.004776
1;0.013709;0.004971
1;0.015792;0.004940
1;0.014354;0.004890
1;0.013753;0.005016
1;0.013619;0.005066
