nThread;timeInit;timeCount
16;0.848206;0.939679
16;0.678616;1.044019
16;0.706027;0.910013
16;0.726545;0.999974
16;0.927341;1.209964
16;0.607711;0.633508
16;0.738096;1.099869
16;0.558630;0.990016
16;0.669253;1.120018
16;0.736995;0.779982
16;0.807834;0.860342
16;0.666206;0.728967
16;0.609576;0.849993
16;0.903023;0.944248
16;0.814549;0.893912
16;0.796679;0.929989
16;0.576425;0.793088
16;0.664385;0.810077
16;0.657900;0.580873
16;0.718575;0.799992
