nThread;timeInit;timeCount
4;0.009385;0.005537
4;0.009149;0.005077
4;0.008292;0.005415
4;0.009743;0.005418
4;0.009777;0.005260
4;0.007792;0.005959
4;0.009370;0.005344
4;0.009011;0.005290
4;0.010004;0.005863
4;0.009323;0.005528
4;0.009191;0.005338
4;0.009095;0.005859
4;0.009161;0.005844
4;0.009339;0.005711
4;0.011601;0.005999
4;0.009051;0.005300
4;0.007866;0.005177
4;0.008860;0.006135
4;0.008860;0.005109
4;0.009776;0.004712
