nThread;timeInit;timeCount
1;0.060312;0.052552
1;0.056919;0.051772
1;0.054925;0.048497
1;0.061456;0.048680
1;0.054490;0.051720
1;0.054325;0.053509
1;0.054751;0.050138
1;0.060054;0.052048
1;0.058613;0.050098
1;0.056988;0.051096
1;0.061012;0.053077
1;0.058489;0.053046
1;0.059858;0.054016
1;0.060733;0.054934
1;0.057367;0.053236
1;0.057995;0.054200
1;0.059723;0.052665
1;0.062365;0.051023
1;0.060526;0.051988
1;0.055349;0.050868
