nThread;timeInit;timeCount
2;0.010321;0.005718
2;0.010179;0.004975
2;0.009648;0.005272
2;0.012802;0.004910
2;0.009739;0.004842
2;0.013750;0.005636
2;0.011534;0.005755
2;0.009552;0.004583
2;0.009732;0.005660
2;0.010234;0.004684
2;0.010017;0.005723
2;0.009344;0.004931
2;0.010511;0.004745
2;0.009468;0.005046
2;0.010532;0.004966
2;0.009451;0.004703
2;0.009867;0.005434
2;0.010298;0.004810
2;0.009774;0.004841
2;0.009498;0.006340
