nThread;timeInit;timeCount
1;0.001681;0.001858
1;0.002029;0.002054
1;0.001598;0.001862
1;0.001577;0.002038
1;0.001450;0.002444
1;0.001287;0.001869
1;0.001131;0.001659
1;0.001103;0.001491
1;0.001171;0.001505
1;0.001420;0.001760
1;0.001224;0.001469
1;0.001314;0.001559
1;0.001554;0.001673
1;0.001434;0.001915
1;0.001420;0.002311
1;0.001715;0.002381
1;0.001340;0.002229
1;0.001295;0.002013
1;0.001179;0.001676
1;0.001237;0.001422
