nThread;timeInit;timeCount
16;0.010453;0.358237
16;0.019393;0.368504
16;0.001086;0.358070
16;0.027277;0.280743
16;0.036230;0.261459
16;0.001059;0.327375
16;0.039371;0.292095
16;0.017527;0.351664
16;0.001261;0.326944
16;0.002484;0.368541
16;0.027458;0.150728
16;0.012493;0.337019
16;0.020159;0.228128
16;0.018870;0.258105
16;0.036774;0.280735
16;0.037840;0.250843
16;0.057258;0.260924
16;0.027780;0.228494
16;0.036704;0.360799
16;0.038981;0.418770
