nThread;timeInit;timeCount
2;0.001009;0.001926
2;0.001647;0.001983
2;0.000904;0.001899
2;0.001005;0.001932
2;0.001342;0.002094
2;0.001111;0.001868
2;0.000981;0.001903
2;0.001382;0.001931
2;0.000941;0.001984
2;0.001319;0.001961
2;0.001012;0.001921
2;0.001477;0.001967
2;0.001274;0.001804
2;0.001421;0.001850
2;0.000927;0.001769
2;0.000900;0.001766
2;0.001498;0.002037
2;0.001456;0.001811
2;0.001009;0.001907
2;0.001239;0.001897
