nThread;timeInit;timeCount
1;0.001488;0.002039
1;0.002372;0.002561
1;0.002173;0.002570
1;0.002368;0.002478
1;0.001639;0.001896
1;0.001641;0.001752
1;0.001607;0.001770
1;0.001437;0.001766
1;0.001513;0.001716
1;0.001617;0.001808
1;0.001811;0.002028
1;0.002187;0.001875
1;0.001527;0.002244
1;0.001459;0.002019
1;0.001507;0.001936
1;0.001352;0.001594
1;0.001375;0.001769
1;0.001487;0.001643
1;0.001453;0.001640
1;0.001624;0.001832
