nThread;timeInit;timeCount
4;0.000766;0.002222
4;0.001298;0.002396
4;0.001544;0.002884
4;0.001139;0.003242
4;0.001189;0.002763
4;0.001733;0.002914
4;0.001047;0.002517
4;0.001066;0.002827
4;0.000961;0.002764
4;0.001330;0.002326
4;0.000786;0.003150
4;0.001356;0.002662
4;0.001667;0.002919
4;0.001146;0.002752
4;0.001038;0.003136
4;0.001179;0.002757
4;0.001302;0.002403
4;0.001046;0.002660
4;0.001257;0.002890
4;0.001504;0.003200
