nThread;timeInit;timeCount
8;0.004071;0.010828
8;0.010284;0.014919
8;0.002323;0.003123
8;0.004293;0.024315
8;0.003002;0.006527
8;0.004894;0.010734
8;0.000615;0.007243
8;0.003659;0.022070
8;0.004331;0.022730
8;0.004371;0.010107
8;0.000611;0.003651
8;0.000620;0.003594
8;0.000829;0.003094
8;0.000629;0.003122
8;0.000993;0.003136
8;0.000556;0.011048
8;0.005754;0.004910
8;0.002941;0.007026
8;0.008072;0.015084
8;0.003911;0.015091
