nThread;timeInit;timeCount
8;0.050727;0.612957
8;0.037089;0.650826
8;0.012913;0.734787
8;0.036246;0.585309
8;0.000620;0.619961
8;0.036497;0.790951
8;0.044174;0.593737
8;0.000191;0.692134
8;0.000200;0.507325
8;0.027179;0.556907
8;0.033371;0.581733
8;0.030702;0.492752
8;0.024911;0.550427
8;0.033682;0.568039
8;0.039457;0.615337
8;0.010538;0.599270
8;0.028162;0.675136
8;0.037507;0.619559
8;0.035209;0.547399
8;0.040572;0.616118
