nThread;timeInit;timeCount
2;0.000175;0.044804
2;0.000272;0.054449
2;0.000177;0.046204
2;0.000290;0.042903
2;0.000192;0.048702
2;0.000170;0.086141
2;0.001328;0.045289
2;0.000290;0.071614
2;0.000265;0.045507
2;0.000379;0.044974
2;0.000206;0.044154
2;0.000267;0.049576
2;0.000268;0.071736
2;0.000978;0.051840
2;0.000169;0.046023
2;0.000168;0.051231
2;0.000269;0.056427
2;0.000174;0.048568
2;0.000245;0.062212
2;0.000270;0.049660
