nThread;timeInit;timeCount
4;0.000523;0.123834
4;0.001376;0.089483
4;0.001182;0.107537
4;0.000186;0.103226
4;0.000214;0.090872
4;0.000345;0.088951
4;0.000340;0.090848
4;0.000259;0.091908
4;0.000394;0.089906
4;0.003063;0.091623
4;0.000187;0.107682
4;0.000191;0.089906
4;0.000377;0.103347
4;0.000384;0.089975
4;0.000596;0.091245
4;0.000355;0.088856
4;0.000309;0.090471
4;0.000209;0.089399
4;0.000281;0.091325
4;0.000261;0.105224
