nThread;timeInit;timeCount
1;0.000237;0.021764
1;0.001009;0.061570
1;0.000198;0.021548
1;0.000205;0.021084
1;0.000203;0.019389
1;0.000360;0.019456
1;0.000207;0.021534
1;0.000205;0.019480
1;0.000199;0.019155
1;0.000294;0.019213
1;0.000201;0.019173
1;0.000243;0.019871
1;0.000202;0.019066
1;0.000212;0.020036
1;0.000201;0.018966
1;0.000208;0.019086
1;0.000234;0.018960
1;0.000216;0.023909
1;0.000201;0.018930
1;0.000342;0.020506
