nThread;timeInit;timeCount
1;0.000291;0.004497
1;0.000233;0.003729
1;0.000207;0.003510
1;0.000207;0.004618
1;0.000237;0.003144
1;0.000250;0.003586
1;0.000195;0.004339
1;0.000269;0.004220
1;0.000253;0.004782
1;0.000266;0.004725
1;0.000163;0.004642
1;0.000166;0.004378
1;0.000164;0.004587
1;0.000195;0.004371
1;0.000166;0.004334
1;0.000176;0.004482
1;0.000165;0.005638
1;0.000198;0.005305
1;0.000225;0.004587
1;0.000230;0.004571
