nThread;timeInit;timeCount
2;0.000117;0.012479
2;0.000736;0.007543
2;0.000093;0.007382
2;0.000088;0.007987
2;0.000086;0.007641
2;0.000086;0.007101
2;0.000092;0.007087
2;0.000093;0.008519
2;0.000609;0.007660
2;0.000619;0.007470
2;0.000104;0.008845
2;0.000106;0.007274
2;0.000089;0.006697
2;0.000106;0.007533
2;0.000100;0.007479
2;0.000637;0.007982
2;0.000070;0.006773
2;0.000141;0.008083
2;0.000079;0.006530
2;0.000076;0.006932
