nThread;timeInit;timeCount
4;0.000234;0.024524
4;0.000824;0.018193
4;0.000524;0.018867
4;0.000157;0.019682
4;0.000474;0.017452
4;0.000223;0.017121
4;0.000418;0.017588
4;0.000096;0.017241
4;0.000957;0.018588
4;0.000101;0.018147
4;0.000081;0.017927
4;0.000747;0.017227
4;0.000419;0.017750
4;0.000528;0.018886
4;0.000844;0.016793
4;0.000877;0.017550
4;0.000112;0.019469
4;0.000162;0.022449
4;0.000924;0.018876
4;0.000129;0.020802
