nThread;timeInit;timeCount
8;0.003234;0.041059
8;0.001857;0.040758
8;0.007390;0.040873
8;0.004700;0.033349
8;0.006319;0.046572
8;0.002433;0.038822
8;0.000079;0.036496
8;0.000088;0.043802
8;0.005694;0.046055
8;0.000083;0.032779
8;0.000093;0.032789
8;0.000703;0.033384
8;0.000979;0.033132
8;0.000094;0.041607
8;0.001520;0.041286
8;0.002932;0.039243
8;0.001603;0.046285
8;0.000098;0.045522
8;0.001899;0.040376
8;0.003443;0.040342
