nThread;timeInit;timeCount
2;0.009362;0.008177
2;0.008167;0.008248
2;0.008451;0.008254
2;0.008499;0.008267
2;0.008196;0.008007
2;0.008433;0.008268
2;0.008126;0.008243
2;0.008577;0.008362
2;0.011201;0.008808
2;0.008719;0.008713
2;0.008910;0.008943
2;0.008696;0.008176
2;0.008410;0.008121
2;0.008780;0.008267
2;0.008820;0.008316
2;0.008279;0.008482
2;0.008192;0.008351
2;0.013063;0.009944
2;0.009120;0.008141
2;0.008321;0.008093
