nThread;timeInit;timeCount
8;0.010809;0.012238
8;0.009161;0.028697
8;0.012812;0.021780
8;0.007110;0.020271
8;0.012394;0.015670
8;0.009267;0.017810
8;0.008258;0.020316
8;0.009411;0.017530
8;0.007066;0.021752
8;0.007908;0.013357
8;0.008870;0.016690
8;0.015364;0.020218
8;0.014016;0.021269
8;0.010106;0.017308
8;0.008873;0.018408
8;0.008292;0.018946
8;0.008658;0.023882
8;0.006462;0.019196
8;0.008671;0.017548
8;0.011523;0.018582
