nThread;timeInit;timeCount
4;0.007269;0.009495
4;0.007981;0.010784
4;0.007430;0.008954
4;0.007354;0.009072
4;0.007757;0.010478
4;0.007531;0.008912
4;0.007026;0.010029
4;0.008136;0.009916
4;0.007691;0.009017
4;0.007239;0.009505
4;0.007997;0.009806
4;0.009355;0.010363
4;0.009695;0.010037
4;0.010077;0.010340
4;0.007873;0.009742
4;0.007568;0.009866
4;0.008418;0.010112
4;0.007284;0.009102
4;0.006946;0.009629
4;0.008363;0.010474
