nThread;timeInit;timeCount
1;0.013419;0.008779
1;0.013345;0.007896
1;0.013527;0.008607
1;0.013192;0.009130
1;0.013025;0.008345
1;0.011284;0.007799
1;0.015139;0.009806
1;0.014610;0.009493
1;0.010639;0.007387
1;0.012564;0.008821
1;0.013750;0.008467
1;0.012834;0.008524
1;0.016738;0.007796
1;0.014130;0.007666
1;0.013431;0.008256
1;0.012816;0.008558
1;0.012993;0.008635
1;0.012566;0.008664
1;0.014565;0.007695
1;0.014717;0.007065
