nThread;timeInit;timeCount
4;0.001299;0.004340
4;0.001320;0.004500
4;0.002279;0.003968
4;0.001831;0.004359
4;0.001132;0.003601
4;0.001845;0.004038
4;0.001732;0.003633
4;0.002415;0.004632
4;0.002392;0.003983
4;0.001755;0.004272
4;0.001492;0.003827
4;0.001675;0.004390
4;0.001282;0.005070
4;0.001748;0.004808
4;0.001750;0.004605
4;0.001610;0.004210
4;0.001612;0.004272
4;0.001894;0.004005
4;0.001616;0.003656
4;0.001514;0.004378
