nThread;timeInit;timeCount
16;0.693565;0.879951
16;0.845696;1.083667
16;0.679790;0.871936
16;0.648325;1.028850
16;0.685967;0.950005
16;0.571206;0.895896
16;0.587576;0.932186
16;0.687653;0.769978
16;0.806840;0.989956
16;0.786963;1.040012
16;0.676352;0.968344
16;0.896499;0.969939
16;0.852287;1.196785
16;0.536388;0.601553
16;0.666402;1.219999
16;0.806992;1.099955
16;0.755644;0.900764
16;0.656047;0.970013
16;0.825515;1.042544
16;0.646735;1.111551
