nThread;timeInit;timeCount
2;0.002027;0.004216
2;0.001903;0.003544
2;0.001529;0.003644
2;0.001505;0.003568
2;0.001627;0.003791
2;0.001462;0.004105
2;0.001897;0.003514
2;0.001932;0.005111
2;0.001817;0.003570
2;0.001597;0.003547
2;0.001441;0.003577
2;0.002011;0.004669
2;0.001353;0.003739
2;0.001546;0.003655
2;0.001808;0.003495
2;0.001437;0.003753
2;0.002078;0.003864
2;0.001725;0.003867
2;0.001359;0.003719
2;0.001532;0.003627
