nThread;timeInit;timeCount
1;0.007349;0.009986
1;0.007044;0.010450
1;0.007881;0.010326
1;0.007996;0.011265
1;0.007634;0.010440
1;0.008180;0.011368
1;0.007769;0.010448
1;0.007816;0.010525
1;0.009244;0.012004
1;0.007177;0.010243
1;0.007629;0.009807
1;0.007518;0.009634
1;0.006976;0.009797
1;0.007100;0.009526
1;0.007539;0.009786
1;0.006808;0.010373
1;0.006781;0.010264
1;0.006782;0.010761
1;0.007611;0.009848
1;0.007059;0.010508
