nThread;timeInit;timeCount
1;0.002311;0.003995
1;0.001897;0.003888
1;0.002126;0.004275
1;0.002074;0.003944
1;0.001950;0.003870
1;0.001932;0.003936
1;0.002166;0.003933
1;0.002010;0.003880
1;0.001860;0.003668
1;0.001843;0.003681
1;0.002008;0.003952
1;0.002535;0.003847
1;0.002017;0.003825
1;0.001963;0.003867
1;0.002713;0.004479
1;0.001917;0.004232
1;0.002096;0.004300
1;0.002244;0.004251
1;0.002079;0.003784
1;0.002252;0.004230
