nThread;timeInit;timeCount
8;0.026674;0.033523
8;0.018205;0.034074
8;0.022862;0.045381
8;0.025895;0.038590
8;0.023318;0.029496
8;0.012100;0.042817
8;0.029691;0.044147
8;0.021588;0.020319
8;0.015301;0.052634
8;0.023528;0.015271
8;0.025659;0.017791
8;0.022727;0.040209
8;0.032089;0.025485
8;0.001365;0.015822
8;0.021578;0.038043
8;0.033243;0.029543
8;0.020085;0.035585
8;0.035827;0.047342
8;0.024216;0.030423
8;0.032989;0.033684
