nThread;timeInit;timeCount
1;0.000149;0.007077
1;0.000192;0.007045
1;0.000154;0.005259
1;0.000133;0.005156
1;0.000185;0.006316
1;0.000208;0.005054
1;0.000135;0.005455
1;0.000132;0.006464
1;0.000170;0.006676
1;0.000135;0.004920
1;0.000141;0.005413
1;0.000135;0.006940
1;0.000162;0.005218
1;0.000135;0.005624
1;0.000127;0.006122
1;0.000190;0.007448
1;0.000144;0.005741
1;0.000139;0.006277
1;0.000237;0.006218
1;0.000139;0.005475
