nThread;timeInit;timeCount
1;0.000205;0.005757
1;0.000166;0.005715
1;0.000168;0.006106
1;0.000159;0.005248
1;0.000161;0.006390
1;0.000185;0.006780
1;0.000303;0.006189
1;0.000194;0.004816
1;0.000234;0.005076
1;0.000240;0.004969
1;0.000198;0.005117
1;0.000210;0.004858
1;0.000265;0.005436
1;0.000174;0.005058
1;0.000257;0.005101
1;0.000165;0.004980
1;0.000166;0.005783
1;0.000163;0.005665
1;0.000177;0.005436
1;0.000176;0.006075
