nThread;timeInit;timeCount
4;0.000400;0.018949
4;0.000539;0.019353
4;0.000813;0.016825
4;0.000262;0.019351
4;0.000101;0.017931
4;0.000691;0.017124
4;0.000062;0.017159
4;0.000105;0.019203
4;0.000110;0.017133
4;0.000494;0.018351
4;0.000395;0.018140
4;0.000410;0.018154
4;0.000453;0.017857
4;0.000494;0.017765
4;0.000111;0.018692
4;0.000099;0.018996
4;0.000096;0.018401
4;0.000106;0.018010
4;0.000084;0.019108
4;0.000092;0.019381
