nThread;timeInit;timeCount
8;0.001817;0.047626
8;0.006610;0.048470
8;0.003683;0.043337
8;0.005010;0.038803
8;0.000639;0.050902
8;0.001166;0.044255
8;0.003653;0.043519
8;0.004217;0.050856
8;0.003668;0.045304
8;0.000616;0.036323
8;0.004191;0.038621
8;0.001854;0.051177
8;0.002447;0.042239
8;0.004037;0.043089
8;0.004592;0.041062
8;0.001987;0.039113
8;0.002542;0.044941
8;0.001529;0.046702
8;0.003784;0.043251
8;0.005152;0.041777
