nThread;timeInit;timeCount
1;0.001372;0.009707
1;0.001133;0.007948
1;0.001201;0.006310
1;0.001246;0.006432
1;0.001112;0.008154
1;0.001297;0.006365
1;0.001249;0.008267
1;0.001404;0.006035
1;0.001166;0.005980
1;0.001227;0.006118
1;0.001409;0.007545
1;0.001269;0.005477
1;0.001142;0.005666
1;0.001077;0.008169
1;0.001934;0.006596
1;0.001817;0.008946
1;0.001591;0.007167
1;0.001267;0.006470
1;0.001276;0.006245
1;0.001440;0.006367
