nThread;timeInit;timeCount
1;0.001544;0.005963
1;0.001120;0.007630
1;0.002022;0.008320
1;0.002078;0.006862
1;0.001455;0.005847
1;0.001257;0.005166
1;0.001313;0.005466
1;0.001268;0.005070
1;0.001323;0.006611
1;0.001299;0.005748
1;0.001281;0.006058
1;0.001284;0.006191
1;0.001261;0.006321
1;0.001264;0.007236
1;0.001349;0.006699
1;0.001484;0.007240
1;0.001828;0.006134
1;0.001281;0.005323
1;0.001240;0.005254
1;0.001272;0.005522
