nThread;timeInit;timeCount
16;0.036757;0.663283
16;0.019552;1.109724
16;0.036945;0.902979
16;0.019176;0.560660
16;0.001022;0.868964
16;0.012204;1.083459
16;0.017718;0.623023
16;0.037784;0.953372
16;0.001893;0.567448
16;0.000995;0.740494
16;0.018552;0.540688
16;0.044570;0.744335
16;0.028715;0.653225
16;0.026655;0.453025
16;0.037450;0.843009
16;0.001006;0.590447
16;0.026409;0.652886
16;0.034718;0.995944
16;0.001446;0.969333
16;0.037519;0.570323
