nThread;timeInit;timeCount
2;0.001292;0.015967
2;0.001742;0.016396
2;0.001034;0.011300
2;0.001185;0.013115
2;0.001230;0.015297
2;0.001703;0.014711
2;0.001082;0.012137
2;0.001496;0.011500
2;0.001317;0.011945
2;0.000968;0.010831
2;0.001765;0.010911
2;0.001128;0.010882
2;0.001034;0.014148
2;0.001033;0.011144
2;0.001480;0.014339
2;0.002761;0.015368
2;0.001556;0.014452
2;0.001030;0.010910
2;0.001124;0.011302
2;0.001407;0.011014
