nThread;timeInit;timeCount
16;0.057475;0.200404
16;0.011703;0.275837
16;0.018513;0.240566
16;0.030102;0.237218
16;0.020308;0.247339
16;0.001207;0.217072
16;0.036517;0.250487
16;0.029619;0.277855
16;0.038038;0.240486
16;0.001216;0.247054
16;0.039300;0.229361
16;0.017808;0.276648
16;0.009290;0.158797
16;0.029979;0.276758
16;0.025840;0.280303
16;0.000998;0.237428
16;0.037085;0.200338
16;0.000973;0.186730
16;0.010519;0.197633
16;0.001064;0.207339
