nThread;timeInit;timeCount
1;0.001239;0.001036
1;0.001097;0.000858
1;0.001154;0.000880
1;0.001168;0.000880
1;0.001178;0.000874
1;0.001487;0.001062
1;0.001635;0.001139
1;0.001530;0.001365
1;0.001237;0.001113
1;0.001503;0.001452
1;0.001778;0.001187
1;0.001383;0.001075
1;0.001228;0.001255
1;0.001147;0.001015
1;0.001097;0.000877
1;0.001121;0.000866
1;0.001176;0.000849
1;0.001316;0.001021
1;0.001337;0.000919
1;0.001992;0.001093
