nThread;timeInit;timeCount
8;0.007196;0.012902
8;0.002348;0.004582
8;0.005434;0.008558
8;0.004925;0.014505
8;0.000651;0.013372
8;0.004219;0.005239
8;0.004569;0.012451
8;0.008242;0.006691
8;0.009802;0.015707
8;0.003113;0.008091
8;0.004168;0.007335
8;0.002393;0.000915
8;0.004737;0.011349
8;0.002379;0.010197
8;0.004778;0.015262
8;0.000612;0.022885
8;0.001499;0.000937
8;0.001303;0.000947
8;0.001357;0.000975
8;0.000594;0.000881
