nThread;timeInit;timeCount
1;0.002626;0.001684
1;0.002053;0.001291
1;0.002484;0.001396
1;0.002764;0.001528
1;0.002393;0.001404
1;0.001936;0.001307
1;0.002181;0.001116
1;0.001705;0.001214
1;0.001736;0.001173
1;0.001775;0.001440
1;0.002673;0.001912
1;0.002661;0.001760
1;0.002050;0.001261
1;0.001562;0.001138
1;0.001566;0.001136
1;0.001727;0.001161
1;0.002485;0.001280
1;0.001558;0.001110
1;0.002543;0.001633
1;0.001668;0.000995
