nThread;timeInit;timeCount
2;0.001092;0.000903
2;0.001044;0.000660
2;0.000871;0.000724
2;0.001630;0.001174
2;0.000781;0.000717
2;0.000773;0.000778
2;0.000938;0.000816
2;0.001014;0.000783
2;0.000789;0.000726
2;0.000844;0.000746
2;0.001450;0.000990
2;0.001224;0.000751
2;0.001098;0.000659
2;0.001305;0.000858
2;0.001037;0.001137
2;0.000799;0.000723
2;0.001037;0.000935
2;0.001000;0.000839
2;0.000959;0.000837
2;0.001426;0.001007
