nThread;timeInit;timeCount
4;0.001095;0.000925
4;0.001064;0.001086
4;0.001185;0.000950
4;0.001182;0.001211
4;0.001087;0.000945
4;0.001367;0.000926
4;0.001222;0.001084
4;0.001889;0.000937
4;0.001281;0.000810
4;0.001076;0.000902
4;0.001348;0.000880
4;0.001326;0.000916
4;0.000719;0.000773
4;0.001040;0.000941
4;0.001866;0.000744
4;0.001075;0.000942
4;0.000988;0.000898
4;0.001146;0.000886
4;0.001381;0.000996
4;0.001138;0.000825
