nThread;timeInit;timeCount
1;0.002281;0.001505
1;0.002293;0.001615
1;0.002726;0.001814
1;0.003001;0.002809
1;0.004582;0.002121
1;0.003370;0.002215
1;0.002521;0.001614
1;0.003223;0.002036
1;0.002609;0.001871
1;0.002574;0.002414
1;0.003050;0.001982
1;0.003221;0.002551
1;0.003022;0.002161
1;0.004595;0.002546
1;0.003815;0.002308
1;0.003658;0.002286
1;0.002899;0.001667
1;0.003669;0.001974
1;0.002631;0.002129
1;0.002754;0.001538
