nThread;timeInit;timeCount
16;0.023251;0.246563
16;0.018081;0.188159
16;0.001394;0.250984
16;0.011195;0.237282
16;0.009851;0.258160
16;0.027686;0.190389
16;0.002797;0.224207
16;0.036641;0.211986
16;0.002774;0.275384
16;0.038412;0.300421
16;0.001498;0.267460
16;0.034824;0.240393
16;0.030437;0.208994
16;0.024846;0.256602
16;0.003408;0.287481
16;0.001604;0.196040
16;0.027110;0.240827
16;0.008390;0.238000
16;0.030403;0.218376
16;0.046578;0.371339
