nThread;timeInit;timeCount
1;0.001712;0.001307
1;0.001815;0.001277
1;0.001800;0.001530
1;0.001799;0.001470
1;0.001685;0.001373
1;0.001854;0.001608
1;0.001709;0.001352
1;0.001641;0.001318
1;0.001775;0.001323
1;0.001687;0.001338
1;0.001601;0.001314
1;0.001663;0.001346
1;0.001797;0.001321
1;0.001743;0.001440
1;0.001622;0.001354
1;0.001683;0.001259
1;0.001771;0.001272
1;0.001669;0.001542
1;0.002317;0.001256
1;0.001656;0.001326
