nThread;timeInit;timeCount
4;0.001306;0.000870
4;0.001239;0.000762
4;0.001126;0.000740
4;0.000958;0.000817
4;0.001093;0.000937
4;0.001046;0.000873
4;0.001585;0.000764
4;0.001139;0.000886
4;0.001185;0.000937
4;0.001183;0.000799
4;0.000952;0.001008
4;0.001265;0.000727
4;0.001662;0.000880
4;0.001042;0.000853
4;0.001093;0.000934
4;0.001149;0.000963
4;0.001911;0.000940
4;0.001509;0.000967
4;0.001015;0.000950
4;0.001971;0.000942
