nThread;timeInit;timeCount
8;0.000626;0.014520
8;0.003799;0.007828
8;0.000724;0.019561
8;0.001977;0.000917
8;0.000604;0.000849
8;0.004794;0.006521
8;0.002642;0.002687
8;0.004032;0.030491
8;0.002601;0.000911
8;0.004488;0.008426
8;0.003125;0.010342
8;0.001892;0.008332
8;0.006688;0.010049
8;0.002470;0.006448
8;0.000589;0.000998
8;0.005977;0.007990
8;0.005061;0.010530
8;0.003931;0.012825
8;0.006418;0.008308
8;0.002848;0.012176
