nThread;timeInit;timeCount
2;0.001691;0.001005
2;0.001213;0.001016
2;0.001649;0.001333
2;0.001139;0.001041
2;0.001168;0.000984
2;0.001926;0.001134
2;0.001782;0.001405
2;0.001449;0.001134
2;0.001269;0.001099
2;0.001707;0.001092
2;0.001365;0.001382
2;0.001154;0.001021
2;0.001925;0.001575
2;0.001110;0.000992
2;0.001100;0.001093
2;0.001175;0.000943
2;0.001117;0.001092
2;0.001100;0.000978
2;0.001255;0.000956
2;0.001598;0.001077
