nThread;timeInit;timeCount
8;0.045617;0.029013
8;0.044823;0.032298
8;0.046626;0.030524
8;0.051224;0.032303
8;0.044422;0.031554
8;0.045154;0.031674
8;0.044027;0.031961
8;0.044896;0.030937
8;0.066054;0.039743
8;0.045202;0.032969
8;0.045292;0.031812
8;0.045577;0.030961
8;0.044091;0.030057
8;0.044229;0.029343
8;0.047321;0.029280
8;0.043562;0.031419
8;0.043895;0.029014
8;0.044092;0.030470
8;0.043602;0.027557
8;0.043824;0.028474
