nThread;timeInit;timeCount
1;0.133616;0.040864
1;0.126253;0.039129
1;0.157567;0.042710
1;0.135549;0.042514
1;0.132192;0.039855
1;0.136558;0.042369
1;0.173554;0.040006
1;0.132010;0.040960
1;0.134828;0.043185
1;0.136375;0.041592
1;0.131291;0.040413
1;0.135539;0.040671
1;0.143302;0.040467
1;0.134817;0.040492
1;0.128903;0.040084
1;0.130767;0.041060
1;0.138450;0.040676
1;0.131342;0.040783
1;0.128992;0.039850
1;0.130942;0.040907
