nThread;timeInit;timeCount
1;0.123944;0.023447
1;0.121910;0.023443
1;0.118859;0.024622
1;0.128906;0.026063
1;0.124047;0.023319
1;0.119567;0.023464
1;0.119953;0.024485
1;0.131233;0.023987
1;0.121117;0.023139
1;0.118432;0.023832
1;0.117944;0.023439
1;0.120732;0.024194
1;0.119096;0.023766
1;0.119991;0.023943
1;0.118232;0.023517
1;0.123327;0.023475
1;0.121260;0.023626
1;0.118922;0.023373
1;0.119847;0.023637
1;0.120879;0.024147
