nThread;timeInit;timeCount
4;0.058680;0.031228
4;0.070035;0.028222
4;0.057426;0.033597
4;0.054813;0.034209
4;0.067352;0.029111
4;0.058707;0.029984
4;0.058904;0.031469
4;0.056772;0.029572
4;0.069126;0.030156
4;0.063702;0.033759
4;0.062230;0.033700
4;0.066997;0.033622
4;0.074872;0.038372
4;0.057793;0.029829
4;0.058341;0.034478
4;0.064797;0.032269
4;0.065278;0.034384
4;0.062407;0.031595
4;0.059604;0.029615
4;0.057003;0.033682
