nThread;timeInit;timeCount
4;1.357016;1.375873
4;1.489519;1.393512
4;1.493610;1.355639
4;1.444850;1.347653
4;1.450010;1.342729
4;1.454733;1.371476
4;1.481200;1.377977
4;1.500728;1.365035
4;1.488071;1.360359
4;1.482676;1.421270
4;1.482241;1.383340
4;1.448490;1.350935
4;1.459388;1.396953
4;1.474572;1.435774
4;1.684364;1.422637
4;1.507581;1.679407
4;1.518123;1.415697
4;1.505407;1.365785
4;1.483061;1.373698
4;1.480749;1.382978
