nThread;timeInit;timeCount
1;1.915625;1.305178
1;1.907296;1.305418
1;1.913256;1.314639
1;1.905147;1.305013
1;1.904556;1.308021
1;1.902121;1.319104
1;1.905033;1.307025
1;1.904910;1.310636
1;1.902326;1.307133
1;1.905761;1.305718
1;1.908334;1.307195
1;1.898290;1.306061
1;1.904330;1.304241
1;1.906964;1.318702
1;1.905693;1.312214
1;1.912809;1.302557
1;1.899769;1.308525
1;1.900665;1.305077
1;1.896465;1.302518
1;1.907788;1.308362
