nThread;timeInit;timeCount
8;2.622009;2.793747
8;2.754271;2.938367
8;2.991166;3.287349
8;3.091265;4.035604
8;2.690222;3.265063
8;3.193436;3.307590
8;2.874095;3.036839
8;3.059491;2.701355
8;3.132176;2.875691
8;2.918211;3.267582
8;2.784079;3.645828
8;2.644551;3.435020
8;3.370214;3.103496
8;2.851724;3.466844
8;2.675058;2.551794
8;2.723310;2.939502
8;2.569448;3.274821
8;3.190869;3.038616
8;3.173476;3.565779
8;2.486625;3.034156
