nThread;timeInit;timeCount
2;1.381923;1.169746
2;1.428890;1.102075
2;1.407890;1.089773
2;1.362378;1.102293
2;1.366802;1.115776
2;1.373705;1.093313
2;1.381370;1.100574
2;1.389297;1.125741
2;1.332086;1.113698
2;1.350568;1.152818
2;1.349875;1.119900
2;1.351559;1.051240
2;1.389553;1.106828
2;1.348654;1.099757
2;1.428826;1.076965
2;1.409671;1.098364
2;1.637562;1.334975
2;1.691189;1.279476
2;1.594476;1.287683
2;1.580456;1.263305
