nThread;timeInit;timeCount
1;1.421875;0.812500
1;1.375000;0.796875
1;1.406250;0.796875
1;1.375000;0.812500
1;1.359375;0.812500
1;1.359375;0.812500
1;1.406250;0.843750
1;1.359375;0.812500
1;1.359375;0.812500
1;1.359375;0.812500
1;1.359375;0.796875
1;1.500000;0.796875
1;1.375000;0.812500
1;1.359375;0.796875
1;1.359375;0.812500
1;1.375000;0.796875
1;1.375000;0.796875
1;1.375000;0.812500
1;1.375000;0.796875
1;1.375000;0.796875
