nThread;timeInit;timeCount
2;1.393300;2.038445
2;1.402392;2.100340
2;1.442186;2.010148
2;1.368501;2.091828
2;1.359371;2.024148
2;1.365264;1.997945
2;1.337981;2.006832
2;1.404184;2.147114
2;1.303110;2.061102
2;1.377105;1.976345
2;1.361306;2.045053
2;1.422630;2.005472
2;1.409772;2.011960
2;1.369407;2.036343
2;1.370633;2.025024
2;1.395330;2.033463
2;1.353963;2.052861
2;1.425584;1.993586
2;1.345915;2.017491
2;1.423537;2.020567
