nThread;timeInit;timeCount
4;1.483463;2.303356
4;1.502454;2.330544
4;1.462404;2.317134
4;1.455396;2.321936
4;1.500269;2.332757
4;1.462718;2.330083
4;1.470179;2.340405
4;1.492635;2.342103
4;1.462538;2.333315
4;1.677601;2.876565
4;1.503296;2.379421
4;2.700506;2.407402
4;1.530043;2.770808
4;1.750427;2.368311
4;1.291317;2.176882
4;1.319161;2.173802
4;1.280819;2.222019
4;1.332226;2.312456
4;1.341518;2.223549
4;1.343161;2.218776
