nThread;timeInit;timeCount
1;1.390625;1.859375
1;1.359375;1.859375
1;1.359375;1.859375
1;1.359375;2.265625
1;1.359375;1.859375
1;1.375000;1.843750
1;1.375000;1.843750
1;1.359375;1.859375
1;1.375000;1.859375
1;1.359375;1.875000
1;1.375000;1.859375
1;1.359375;1.843750
1;1.375000;1.843750
1;1.375000;1.843750
1;1.375000;1.843750
1;1.359375;1.875000
1;1.359375;1.843750
1;1.375000;1.875000
1;1.359375;1.843750
1;1.359375;1.875000
