nThread;timeInit;timeCount
1;2.003323;2.406135
1;1.905463;2.366233
1;1.912463;2.353274
1;1.944916;2.392667
1;1.907436;2.380146
1;1.897749;2.374622
1;1.909746;2.372436
1;1.898857;2.359850
1;1.901668;2.426538
1;1.903967;2.368237
1;1.899666;2.363302
1;1.909594;2.366847
1;1.901122;2.366429
1;1.897068;2.368215
1;1.907371;2.371437
1;1.907901;2.372567
1;1.903238;2.535606
1;1.909526;2.366957
1;1.921180;2.380294
1;1.904036;2.363923
