nThread;timeInit;timeCount
8;3.055562;4.687601
8;3.010919;4.504956
8;3.597320;4.358120
8;3.100547;4.498768
8;3.188892;4.599084
8;2.858471;4.544875
8;3.057626;4.184732
8;3.481713;4.079807
8;3.161968;4.747472
8;2.779495;4.230955
8;3.065321;3.977527
8;2.947623;5.354721
8;3.986240;5.153103
8;3.722213;5.161647
8;2.610918;4.925515
8;3.725872;5.436979
8;3.153481;4.866263
8;2.999019;4.330153
8;2.533422;4.094151
8;2.908705;4.222968
