nThread;timeInit;timeCount
4;0.001286;0.002840
4;0.001179;0.002604
4;0.001153;0.002672
4;0.001616;0.002681
4;0.001184;0.002567
4;0.001862;0.002374
4;0.001905;0.002551
4;0.001078;0.002551
4;0.001129;0.002729
4;0.002058;0.002639
4;0.001073;0.002768
4;0.001128;0.002791
4;0.001492;0.002583
4;0.001270;0.002710
4;0.001933;0.002526
4;0.001369;0.002852
4;0.001161;0.002931
4;0.001346;0.002779
4;0.001052;0.002816
4;0.001267;0.002526
