nThread;timeInit;timeCount
1;0.001652;0.001974
1;0.001695;0.001934
1;0.001802;0.002157
1;0.001854;0.002420
1;0.002052;0.002643
1;0.002807;0.002106
1;0.001662;0.002017
1;0.001615;0.002033
1;0.001754;0.002696
1;0.002137;0.003394
1;0.002413;0.002297
1;0.002353;0.002226
1;0.001851;0.002181
1;0.001954;0.002788
1;0.002250;0.002846
1;0.002062;0.002379
1;0.002518;0.002136
1;0.001683;0.002070
1;0.001685;0.002061
1;0.001767;0.002086
