nThread;timeInit;timeCount
1;0.001871;0.002309
1;0.001606;0.002212
1;0.001658;0.002239
1;0.001794;0.002357
1;0.001635;0.002183
1;0.001837;0.002290
1;0.001832;0.002467
1;0.001917;0.002434
1;0.001822;0.002255
1;0.002186;0.003010
1;0.001964;0.002338
1;0.001944;0.002827
1;0.002196;0.003311
1;0.001920;0.002507
1;0.001886;0.002576
1;0.001762;0.002348
1;0.002101;0.002789
1;0.002110;0.002391
1;0.002127;0.002506
1;0.002038;0.002575
