nThread;timeInit;timeCount
2;0.001508;0.002202
2;0.001117;0.002237
2;0.001751;0.002302
2;0.002340;0.002559
2;0.001122;0.002160
2;0.001516;0.002115
2;0.001192;0.002170
2;0.001738;0.002086
2;0.001124;0.002292
2;0.001096;0.002167
2;0.001260;0.002282
2;0.001129;0.002124
2;0.001554;0.002127
2;0.001673;0.002033
2;0.001065;0.002014
2;0.001570;0.002015
2;0.001082;0.002098
2;0.002617;0.002888
2;0.002386;0.002684
2;0.001190;0.002164
