nThread;timeInit;timeCount
8;0.006009;0.025734
8;0.000779;0.007262
8;0.001143;0.003213
8;0.000642;0.014075
8;0.003314;0.017554
8;0.004848;0.007685
8;0.000914;0.005845
8;0.002810;0.009740
8;0.001323;0.004807
8;0.005177;0.007951
8;0.008490;0.020648
8;0.003308;0.012968
8;0.003714;0.003272
8;0.000552;0.010520
8;0.002907;0.016445
8;0.006610;0.009363
8;0.001760;0.020239
8;0.004744;0.013338
8;0.003475;0.008347
8;0.007589;0.013865
