nThread;timeInit;timeCount
16;0.019454;0.317958
16;0.019724;0.298072
16;0.000900;0.316988
16;0.037544;0.250985
16;0.001008;0.335218
16;0.009392;0.308179
16;0.028226;0.228496
16;0.028659;0.358532
16;0.036731;0.300680
16;0.036806;0.400584
16;0.026288;0.382254
16;0.009994;0.278287
16;0.028144;0.269163
16;0.009943;0.298509
16;0.028049;0.359241
16;0.010077;0.268302
16;0.028086;0.288597
16;0.027141;0.410586
16;0.025978;0.240561
16;0.018677;0.298423
