nThread;timeInit;timeCount
1;0.060559;0.062276
1;0.059795;0.062296
1;0.059076;0.062159
1;0.053863;0.062582
1;0.053238;0.060949
1;0.060378;0.063894
1;0.058604;0.060395
1;0.051910;0.062369
1;0.050576;0.063992
1;0.054792;0.061159
1;0.055031;0.063140
1;0.057228;0.064235
1;0.056944;0.062461
1;0.054253;0.062969
1;0.055909;0.064173
1;0.051203;0.060862
1;0.054235;0.062459
1;0.055968;0.067833
1;0.053202;0.059856
1;0.056056;0.059347
