nThread;timeInit;timeCount
16;0.734781;1.159983
16;0.737710;1.286423
16;0.746653;1.389974
16;0.759176;1.155443
16;0.668267;1.144182
16;0.798238;1.181140
16;0.755776;1.809971
16;0.818832;1.380250
16;0.758605;1.374454
16;0.648021;1.298160
16;0.967836;1.949988
16;0.606285;1.160010
16;0.745864;1.626135
16;0.796632;0.860041
16;0.817023;1.320007
16;0.696203;1.390514
16;0.796913;1.159700
16;0.707237;1.244709
16;0.686840;1.075252
16;0.760334;1.469998
