nThread;timeInit;timeCount
2;0.010708;0.021999
2;0.009867;0.020812
2;0.010779;0.020365
2;0.010631;0.021048
2;0.010432;0.022598
2;0.011015;0.021667
2;0.009845;0.021326
2;0.009921;0.020406
2;0.009323;0.020920
2;0.010595;0.021677
2;0.009645;0.020355
2;0.009475;0.021357
2;0.009999;0.022302
2;0.010296;0.021043
2;0.010430;0.020725
2;0.010184;0.021351
2;0.012356;0.023449
2;0.010051;0.020782
2;0.011735;0.022554
2;0.009702;0.021074
