nThread;timeInit;timeCount
1;0.017791;0.021079
1;0.015819;0.018188
1;0.017203;0.019790
1;0.015324;0.019646
1;0.017563;0.018851
1;0.017893;0.019818
1;0.018916;0.021180
1;0.018547;0.019447
1;0.015427;0.018460
1;0.016310;0.017436
1;0.014534;0.017646
1;0.015158;0.017070
1;0.013924;0.017477
1;0.015613;0.017323
1;0.015194;0.017035
1;0.014370;0.016910
1;0.014779;0.017124
1;0.015527;0.019683
1;0.015278;0.016828
1;0.015628;0.019488
