nThread;timeInit;timeCount
4;0.009522;0.034996
4;0.010004;0.034678
4;0.009935;0.030264
4;0.010398;0.032138
4;0.008552;0.033898
4;0.009348;0.033573
4;0.010373;0.032657
4;0.010106;0.033033
4;0.010044;0.031693
4;0.010141;0.032145
4;0.008245;0.036783
4;0.008228;0.032266
4;0.009843;0.034095
4;0.009614;0.032481
4;0.009860;0.033363
4;0.009665;0.032240
4;0.009837;0.033804
4;0.010415;0.036493
4;0.010758;0.038292
4;0.009643;0.032328
