nThread;timeInit;timeCount
8;0.023446;0.191225
8;0.039210;0.090096
8;0.030794;0.082921
8;0.076420;0.171125
8;0.031823;0.072930
8;0.011935;0.096669
8;0.032722;0.184867
8;0.026401;0.083621
8;0.032063;0.092468
8;0.045133;0.075921
8;0.081248;0.112306
8;0.029300;0.082469
8;0.037649;0.088014
8;0.037705;0.074631
8;0.011080;0.077021
8;0.064601;0.110455
8;0.040317;0.084632
8;0.012179;0.093090
8;0.032709;0.121356
8;0.017266;0.091448
