nThread;timeInit;timeCount
1;0.000827;0.013008
1;0.000697;0.014725
1;0.001051;0.014372
1;0.001039;0.012708
1;0.000770;0.012718
1;0.000724;0.012299
1;0.001005;0.013599
1;0.000763;0.012972
1;0.000779;0.012960
1;0.000803;0.013119
1;0.000912;0.012791
1;0.000746;0.012476
1;0.001057;0.015758
1;0.000741;0.014411
1;0.000807;0.012836
1;0.000709;0.013312
1;0.000664;0.012483
1;0.000690;0.013297
1;0.000625;0.012301
1;0.000855;0.012212
