nThread;timeInit;timeCount
1;0.000619;0.014776
1;0.000435;0.011168
1;0.000545;0.011384
1;0.000377;0.009193
1;0.000363;0.012255
1;0.000502;0.010234
1;0.000358;0.011647
1;0.000623;0.009544
1;0.000352;0.011016
1;0.000509;0.009988
1;0.000344;0.015018
1;0.000493;0.012278
1;0.000578;0.013251
1;0.000526;0.011298
1;0.000918;0.011748
1;0.000468;0.013122
1;0.000441;0.011224
1;0.000638;0.011404
1;0.000545;0.012836
1;0.000506;0.011279
