nThread;timeInit;timeCount
8;0.000695;0.048404
8;0.001005;0.040838
8;0.000841;0.046377
8;0.027083;0.072945
8;0.033831;0.073599
8;0.001390;0.044228
8;0.060833;0.088866
8;0.027550;0.067571
8;0.042640;0.082975
8;0.042646;0.066743
8;0.004750;0.090487
8;0.000878;0.048976
8;0.015362;0.048650
8;0.048409;0.064580
8;0.033149;0.049309
8;0.004479;0.048198
8;0.000733;0.041708
8;0.000648;0.040807
8;0.037056;0.083612
8;0.034478;0.112042
