nThread;timeInit;timeCount
4;0.001315;0.031648
4;0.000544;0.025692
4;0.000810;0.024681
4;0.000789;0.024348
4;0.000969;0.023539
4;0.000842;0.024127
4;0.001186;0.022033
4;0.001169;0.026545
4;0.000928;0.024266
4;0.000832;0.026827
4;0.000791;0.027009
4;0.001195;0.026052
4;0.000613;0.023751
4;0.000570;0.026861
4;0.000750;0.023306
4;0.000803;0.027625
4;0.000692;0.026102
4;0.001087;0.023038
4;0.000483;0.027406
4;0.000993;0.022519
