nThread;timeInit;timeCount
16;0.684602;1.574551
16;0.598804;1.179981
16;0.680617;0.984045
16;0.826722;1.700973
16;0.886318;1.279864
16;0.767669;0.950017
16;0.576551;1.648642
16;0.763338;1.473037
16;0.661592;1.136273
16;0.645220;1.440029
16;0.776825;1.869976
16;0.697838;1.007943
16;0.816401;1.400014
16;0.655946;1.349998
16;0.686883;1.730011
16;0.706195;1.690000
16;0.614193;1.492453
16;0.888106;0.819989
16;0.706583;1.729995
16;0.568800;1.529252
