nThread;timeInit;timeCount
2;0.000560;0.017982
2;0.000621;0.015908
2;0.000527;0.015228
2;0.001245;0.016036
2;0.000870;0.016044
2;0.000659;0.017218
2;0.000459;0.016303
2;0.000448;0.015503
2;0.000486;0.014899
2;0.000545;0.014755
2;0.000495;0.016284
2;0.000510;0.015018
2;0.001154;0.015574
2;0.000441;0.019166
2;0.000580;0.019017
2;0.000643;0.015543
2;0.000419;0.014706
2;0.001014;0.014980
2;0.000588;0.016172
2;0.000664;0.015115
