nThread;timeInit;timeCount
2;0.000119;0.000069
2;0.000089;0.000076
2;0.000166;0.000082
2;0.000278;0.000075
2;0.000150;0.000083
2;0.000122;0.000087
2;0.000090;0.000067
2;0.000510;0.000096
2;0.000108;0.000092
2;0.000118;0.000134
2;0.000091;0.000069
2;0.000101;0.000064
2;0.000168;0.000085
2;0.000119;0.000083
2;0.000238;0.000086
2;0.000535;0.000092
2;0.000093;0.000070
2;0.000168;0.000094
2;0.000136;0.000077
2;0.000111;0.000073
