nThread;timeInit;timeCount
4;0.000659;0.000098
4;0.000265;0.000112
4;0.000098;0.000097
4;0.000071;0.000081
4;0.000181;0.000124
4;0.000081;0.000092
4;0.000531;0.000092
4;0.000502;0.000094
4;0.000385;0.000123
4;0.000511;0.000091
4;0.000457;0.000099
4;0.000095;0.000122
4;0.000996;0.000096
4;0.000736;0.000087
4;0.000108;0.000112
4;0.000392;0.000072
4;0.000073;0.000075
4;0.000408;0.000077
4;0.000269;0.000087
4;0.000222;0.000070
