nThread;timeInit;timeCount
1;0.000233;0.000061
1;0.000265;0.000059
1;0.000164;0.000037
1;0.000193;0.000038
1;0.000238;0.000039
1;0.000219;0.000056
1;0.000162;0.000036
1;0.000251;0.000085
1;0.000269;0.000057
1;0.000177;0.000040
1;0.000178;0.000038
1;0.000186;0.000038
1;0.000175;0.000040
1;0.000162;0.000037
1;0.000228;0.000050
1;0.000188;0.000040
1;0.000222;0.000054
1;0.000165;0.000036
1;0.000228;0.000038
1;0.000203;0.000049
