nThread;timeInit;timeCount
1;0.000172;0.000059
1;0.000141;0.000052
1;0.000166;0.000056
1;0.000150;0.000057
1;0.000148;0.000053
1;0.000283;0.000074
1;0.000155;0.000139
1;0.000182;0.000053
1;0.000139;0.000050
1;0.000240;0.000053
1;0.000175;0.000055
1;0.000157;0.000059
1;0.000229;0.000056
1;0.000219;0.000071
1;0.000206;0.000066
1;0.000143;0.000053
1;0.000144;0.000053
1;0.000437;0.000095
1;0.000152;0.000056
1;0.000152;0.000052
