nThread;timeInit;timeCount
8;0.003327;0.003590
8;0.000090;0.000287
8;0.002895;0.004163
8;0.004632;0.003941
8;0.000692;0.008078
8;0.001321;0.012216
8;0.005008;0.011939
8;0.003178;0.002085
8;0.001042;0.000123
8;0.002574;0.009985
8;0.001222;0.000171
8;0.004008;0.002307
8;0.008523;0.000208
8;0.000149;0.002626
8;0.000095;0.005809
8;0.005583;0.005759
8;0.002076;0.017980
8;0.000104;0.011005
8;0.003914;0.006038
8;0.003558;0.016197
