nThread;timeInit;timeCount
16;0.000532;0.187377
16;0.057176;0.209702
16;0.028585;0.238180
16;0.036727;0.241730
16;0.035511;0.249998
16;0.028996;0.217877
16;0.029823;0.257304
16;0.000578;0.165421
16;0.025366;0.249978
16;0.037181;0.250099
16;0.009967;0.212255
16;0.045959;0.200026
16;0.004537;0.150343
16;0.037583;0.308982
16;0.036359;0.149990
16;0.026355;0.179981
16;0.000510;0.235288
16;0.019488;0.247372
16;0.010993;0.277228
16;0.035985;0.189989
