nThread;timeInit;timeCount
2;1.540572;1.344157
2;1.468035;1.293214
2;1.468207;1.285242
2;1.438940;1.308876
2;1.423637;1.190221
2;1.402372;1.247019
2;1.404177;1.270961
2;1.393478;1.298370
2;1.417268;1.242931
2;1.396414;1.248448
2;1.415821;1.275866
2;1.507421;1.225540
2;1.690094;1.414100
2;1.461403;1.305558
2;1.396608;1.246468
2;1.456204;1.238309
2;1.487779;1.277933
2;1.425838;1.291920
2;1.478839;1.257955
2;1.470991;1.309711
