nThread;timeInit;timeCount
8;3.142513;3.424165
8;3.107898;3.111644
8;2.874554;3.386412
8;3.298827;3.689432
8;3.854175;3.469343
8;2.516652;3.829135
8;2.476969;3.861219
8;2.568812;3.250829
8;2.728794;3.594918
8;3.309090;3.224709
8;2.994859;3.257417
8;3.124289;3.834098
8;2.798241;3.769851
8;3.595914;3.352743
8;2.725241;3.348288
8;2.321752;3.225740
8;2.445305;4.091390
8;2.752348;3.640812
8;2.952093;3.312635
8;2.910312;3.538662
