nThread;timeInit;timeCount
1;1.920328;1.473452
1;1.901246;1.473597
1;1.904694;1.471972
1;1.903176;1.477579
1;1.906090;1.472303
1;1.904087;1.472073
1;1.914231;1.475672
1;1.914789;1.477569
1;1.918067;1.473545
1;1.904587;1.476221
1;1.906166;1.474245
1;1.900767;1.475449
1;1.904572;1.483298
1;1.901627;1.482525
1;1.902337;1.473435
1;1.903075;1.473366
1;1.902733;1.473179
1;1.900791;1.475521
1;1.905768;1.474657
1;1.910284;1.479319
