nThread;timeInit;timeCount
4;1.523481;1.599506
4;1.522822;1.579509
4;1.462939;1.540292
4;1.463208;1.555838
4;1.476030;1.539350
4;1.431959;1.500819
4;1.448887;1.526963
4;1.468919;1.531843
4;1.484210;1.575531
4;1.489373;1.526790
4;1.456834;1.520052
4;1.483373;1.531784
4;1.462012;1.529233
4;1.445519;1.486911
4;1.436387;1.496239
4;1.467284;1.518110
4;1.450095;1.513080
4;1.453878;1.535014
4;1.471316;1.536197
4;1.498134;1.564453
