nThread;timeInit;timeCount
1;1.375000;0.968750
1;1.375000;0.968750
1;1.359375;0.968750
1;1.484375;1.140625
1;1.890625;1.000000
1;1.453125;0.984375
1;1.359375;0.984375
1;1.359375;0.968750
1;1.390625;0.968750
1;1.359375;0.968750
1;1.359375;0.968750
1;1.359375;0.968750
1;1.375000;0.968750
1;1.359375;0.968750
1;1.375000;0.953125
1;1.359375;0.984375
1;1.375000;0.968750
1;1.359375;0.984375
1;1.375000;0.968750
1;1.390625;0.968750
