nThread;timeInit;timeCount
2;0.009060;0.014894
2;0.011410;0.015344
2;0.010078;0.014399
2;0.012053;0.014964
2;0.013542;0.015801
2;0.008334;0.014338
2;0.009123;0.012412
2;0.008272;0.012379
2;0.008398;0.016109
2;0.008331;0.012841
2;0.009749;0.012672
2;0.008276;0.012353
2;0.008953;0.014802
2;0.010304;0.013206
2;0.008318;0.012628
2;0.008353;0.012686
2;0.008200;0.012185
2;0.008391;0.014379
2;0.008343;0.012128
2;0.008349;0.012226
