nThread;timeInit;timeCount
16;0.076437;0.386011
16;0.067124;0.405771
16;0.057538;0.355272
16;0.028494;0.405485
16;0.038071;0.325450
16;0.038944;0.325527
16;0.037076;0.375751
16;0.021441;0.361361
16;0.066963;0.345961
16;0.067478;0.435313
16;0.076807;0.506044
16;0.076432;0.375336
16;0.068322;0.325664
16;0.066987;0.426119
16;0.040336;0.265922
16;0.051065;0.352806
16;0.038324;0.315734
16;0.039216;0.285691
16;0.047903;0.328677
16;0.038284;0.345650
