nThread;timeInit;timeCount
4;0.007575;0.015096
4;0.006462;0.014069
4;0.006807;0.014784
4;0.009015;0.014918
4;0.007693;0.013787
4;0.007910;0.014606
4;0.006377;0.014545
4;0.007567;0.014543
4;0.008528;0.014455
4;0.008241;0.014765
4;0.008167;0.013659
4;0.009827;0.020688
4;0.009627;0.016061
4;0.009595;0.015318
4;0.008059;0.012953
4;0.007874;0.014330
4;0.008472;0.012855
4;0.007598;0.014077
4;0.008562;0.015635
4;0.007474;0.014601
