nThread;timeInit;timeCount
8;0.012863;0.026004
8;0.007067;0.022107
8;0.006389;0.020154
8;0.008788;0.031796
8;0.008707;0.034067
8;0.010352;0.063082
8;0.009886;0.022418
8;0.005448;0.026627
8;0.008859;0.030333
8;0.006505;0.026096
8;0.010061;0.024463
8;0.010653;0.027438
8;0.010769;0.026264
8;0.010225;0.030093
8;0.013111;0.028153
8;0.008586;0.028171
8;0.014554;0.021782
8;0.008828;0.019406
8;0.009340;0.030491
8;0.009777;0.025492
