nThread;timeInit;timeCount
1;0.020385;0.023639
1;0.016473;0.013844
1;0.015728;0.013126
1;0.013613;0.012923
1;0.014742;0.014689
1;0.015515;0.014541
1;0.017247;0.016077
1;0.016311;0.013093
1;0.019870;0.016651
1;0.014737;0.014589
1;0.016271;0.012848
1;0.013434;0.013477
1;0.017212;0.014833
1;0.014936;0.015251
1;0.015936;0.013205
1;0.015480;0.013699
1;0.013623;0.013493
1;0.014930;0.014899
1;0.015562;0.013123
1;0.014055;0.013443
