nThread;timeInit;timeCount
1;0.015867;0.015019
1;0.014088;0.014280
1;0.014091;0.014297
1;0.014137;0.016005
1;0.014304;0.016036
1;0.013174;0.015085
1;0.014637;0.014663
1;0.012802;0.013929
1;0.012390;0.014485
1;0.013780;0.014615
1;0.014636;0.014796
1;0.012329;0.014025
1;0.012554;0.014220
1;0.012739;0.014050
1;0.013460;0.014076
1;0.013690;0.014607
1;0.013041;0.014146
1;0.013393;0.014358
1;0.013572;0.015136
1;0.012743;0.013990
