nThread;timeInit;timeCount
2;0.000614;0.000392
2;0.000404;0.000215
2;0.000977;0.000340
2;0.001079;0.000324
2;0.000957;0.000291
2;0.000932;0.000216
2;0.000466;0.000217
2;0.001248;0.000208
2;0.000763;0.000216
2;0.000590;0.000200
2;0.000848;0.000201
2;0.001026;0.000219
2;0.000639;0.000253
2;0.000396;0.000297
2;0.000845;0.000201
2;0.000536;0.000214
2;0.000903;0.000430
2;0.000471;0.000204
2;0.000780;0.000237
2;0.000570;0.000246
