nThread;timeInit;timeCount
8;0.027186;0.006483
8;0.234205;0.412700
8;0.268914;0.258242
8;0.205045;0.350078
8;0.046095;0.108192
8;0.042767;0.025597
8;0.042457;0.033202
8;0.034794;0.035101
8;0.008678;0.037126
8;0.026177;0.032756
8;0.023071;0.000311
8;0.028451;0.028915
8;0.034446;0.011589
8;0.024325;0.025121
8;0.033453;0.000301
8;0.008675;0.036714
8;0.021870;0.000344
8;0.022778;0.009978
8;0.022696;0.027760
8;0.046802;0.022154
