nThread;timeInit;timeCount
4;0.000573;0.000487
4;0.000575;0.000459
4;0.001016;0.000282
4;0.001403;0.000268
4;0.000488;0.000296
4;0.000621;0.000257
4;0.001210;0.000345
4;0.001329;0.000244
4;0.000561;0.000304
4;0.001114;0.000272
4;0.000528;0.000261
4;0.000677;0.000403
4;0.000622;0.000288
4;0.000606;0.000273
4;0.000797;0.000440
4;0.000588;0.000266
4;0.000520;0.000291
4;0.001413;0.000312
4;0.000589;0.000322
4;0.001043;0.000256
