nThread;timeInit;timeCount
16;0.636485;0.649953
16;0.583357;0.833565
16;0.726897;0.920002
16;0.527340;0.850162
16;0.766832;0.749953
16;0.466683;0.609992
16;0.546557;0.880099
16;0.666788;0.780169
16;0.487894;0.680185
16;0.636994;0.671510
16;0.648990;0.897250
16;0.766102;0.864637
16;0.696938;0.929967
16;0.706195;0.909981
16;0.816668;0.909982
16;0.629781;0.906833
16;0.705945;1.000191
16;0.607454;0.749986
16;0.926589;0.960164
16;0.626541;0.639966
