nThread;timeInit;timeCount
1;0.001370;0.000246
1;0.000672;0.000261
1;0.000442;0.000179
1;0.000743;0.000253
1;0.000624;0.000214
1;0.000474;0.000197
1;0.000758;0.000235
1;0.000707;0.000209
1;0.000667;0.000198
1;0.000594;0.000198
1;0.000548;0.000188
1;0.001316;0.000431
1;0.000700;0.000211
1;0.000470;0.000182
1;0.000456;0.000195
1;0.001215;0.000229
1;0.000464;0.000205
1;0.000465;0.000208
1;0.000678;0.000180
1;0.000689;0.000208
