nThread;timeInit;timeCount
1;0.000290;0.000167
1;0.000413;0.000171
1;0.000396;0.000311
1;0.000705;0.000337
1;0.000330;0.000159
1;0.000322;0.000174
1;0.000427;0.000179
1;0.000346;0.000165
1;0.000461;0.000237
1;0.000532;0.000259
1;0.000474;0.000229
1;0.000351;0.000165
1;0.000418;0.000181
1;0.000357;0.000208
1;0.000349;0.000177
1;0.000423;0.000193
1;0.000415;0.000200
1;0.000427;0.000169
1;0.000369;0.000252
1;0.000459;0.000234
