nThread;timeInit;timeCount
8;0.043141;0.184833
8;0.043446;0.184754
8;0.040213;0.185337
8;0.041167;0.180081
8;0.044127;0.182974
8;0.040126;0.181439
8;0.041754;0.181635
8;0.042439;0.185354
8;0.039989;0.184827
8;0.041810;0.184873
8;0.040291;0.190630
8;0.051069;0.201004
8;0.041323;0.187022
8;0.055211;0.196443
8;0.067828;0.214647
8;0.062886;0.192816
8;0.053577;0.200577
8;0.054324;0.202599
8;0.065231;0.217825
8;0.062008;0.211061
