nThread;timeInit;timeCount
4;0.079943;0.147276
4;0.083176;0.142651
4;0.074405;0.147725
4;0.078417;0.147260
4;0.065640;0.145627
4;0.060055;0.138169
4;0.067512;0.135716
4;0.070942;0.131164
4;0.068045;0.151929
4;0.075339;0.148892
4;0.078225;0.155226
4;0.067941;0.144151
4;0.079436;0.146352
4;0.084174;0.154832
4;0.061897;0.142098
4;0.076692;0.143840
4;0.067573;0.139647
4;0.072070;0.146564
4;0.070431;0.133754
4;0.065420;0.144375
