nThread;timeInit;timeCount
2;0.124961;0.074713
2;0.081826;0.076356
2;0.078367;0.074221
2;0.075919;0.077935
2;0.073474;0.081949
2;0.072156;0.085955
2;0.072563;0.076772
2;0.073536;0.087652
2;0.073241;0.092089
2;0.076816;0.087456
2;0.071220;0.077402
2;0.073923;0.085747
2;0.073320;0.075663
2;0.075956;0.087418
2;0.078755;0.079744
2;0.078743;0.073680
2;0.070721;0.095117
2;0.078328;0.074610
2;0.083497;0.078229
2;0.074816;0.081139
