nThread;timeInit;timeCount
16;0.677073;1.215902
16;0.757604;1.307982
16;0.496350;1.686401
16;0.727580;1.248083
16;0.228441;1.225009
16;0.360603;1.216992
16;0.497244;1.289918
16;0.467129;1.269881
16;0.188209;0.936214
16;0.169193;1.075087
16;0.447117;1.375253
16;0.716870;0.966634
16;0.387545;1.257797
16;0.857665;1.306161
16;0.426445;1.727972
16;0.148136;1.417122
16;0.237839;1.506789
16;0.440155;1.204491
16;0.656755;0.895588
16;0.090899;0.994792
