nThread;timeInit;timeCount
8;0.002660;0.014702
8;0.005977;0.008021
8;0.004244;0.012658
8;0.001826;0.024308
8;0.004838;0.017130
8;0.000706;0.012841
8;0.003590;0.026411
8;0.003940;0.015980
8;0.009779;0.012380
8;0.001033;0.010357
8;0.004941;0.017258
8;0.006221;0.004595
8;0.001908;0.018360
8;0.003695;0.017959
8;0.001918;0.012612
8;0.001174;0.003573
8;0.000666;0.017169
8;0.001585;0.010762
8;0.003732;0.011381
8;0.000576;0.008814
