nThread;timeInit;timeCount
2;0.001269;0.002309
2;0.001106;0.002174
2;0.001725;0.002825
2;0.001220;0.002063
2;0.001120;0.002012
2;0.001089;0.002151
2;0.001096;0.002102
2;0.001163;0.002059
2;0.001582;0.002155
2;0.001233;0.002091
2;0.001164;0.002157
2;0.001199;0.002192
2;0.003203;0.002118
2;0.001841;0.003003
2;0.001315;0.002119
2;0.001195;0.002328
2;0.001118;0.001998
2;0.001204;0.002046
2;0.001095;0.002027
2;0.001075;0.002061
