nThread;timeInit;timeCount
4;0.001884;0.002976
4;0.001182;0.003056
4;0.001060;0.002580
4;0.001119;0.002857
4;0.000934;0.002651
4;0.001383;0.002698
4;0.001128;0.002604
4;0.001220;0.002615
4;0.001203;0.002503
4;0.000862;0.002419
4;0.001068;0.002380
4;0.001115;0.002398
4;0.001169;0.002266
4;0.001222;0.002507
4;0.001137;0.002428
4;0.001074;0.002231
4;0.001177;0.002839
4;0.001032;0.002173
4;0.001368;0.002359
4;0.001143;0.003682
