nThread;timeInit;timeCount
16;0.037094;0.360459
16;0.027218;0.340252
16;0.000993;0.326919
16;0.029166;0.268332
16;0.019382;0.277598
16;0.036749;0.370404
16;0.036852;0.370441
16;0.000960;0.199464
16;0.026805;0.410353
16;0.037167;0.290423
16;0.009670;0.348322
16;0.020808;0.316487
16;0.036540;0.330402
16;0.019275;0.268367
16;0.018887;0.268232
16;0.000991;0.308627
16;0.010098;0.398086
16;0.027052;0.380351
16;0.027252;0.260310
16;0.019064;0.347917
