nThread;timeInit;timeCount
1;0.001960;0.002762
1;0.002366;0.002299
1;0.001588;0.002212
1;0.001610;0.002292
1;0.001671;0.002869
1;0.001899;0.002467
1;0.001987;0.002744
1;0.001930;0.002349
1;0.001879;0.002705
1;0.002154;0.002374
1;0.001814;0.002489
1;0.001941;0.002360
1;0.001574;0.002124
1;0.001662;0.002132
1;0.001816;0.002465
1;0.001732;0.002593
1;0.001860;0.002359
1;0.001811;0.002677
1;0.002073;0.002636
1;0.001658;0.002449
