nThread;timeInit;timeCount
1;0.001645;0.002159
1;0.001585;0.002029
1;0.001609;0.002242
1;0.001554;0.002171
1;0.001682;0.002048
1;0.001784;0.002040
1;0.001578;0.002245
1;0.001700;0.002240
1;0.001662;0.002145
1;0.001684;0.002021
1;0.001627;0.002499
1;0.001853;0.002242
1;0.002111;0.002103
1;0.001816;0.002040
1;0.001557;0.002306
1;0.001626;0.002350
1;0.001799;0.002239
1;0.001692;0.002318
1;0.002332;0.002211
1;0.001827;0.002260
