nThread;timeInit;timeCount
16;0.547634;1.230989
16;0.587101;1.020694
16;0.407930;1.031127
16;0.527455;1.244675
16;0.569260;1.090142
16;0.438379;0.935366
16;0.667395;1.131873
16;0.426904;1.102520
16;0.256354;1.142949
16;0.606977;1.432977
16;0.527455;1.523534
16;0.817143;1.052395
16;0.416594;1.163063
16;0.459163;1.803418
16;0.447100;1.093431
16;0.506978;1.426098
16;0.706671;1.333329
16;0.636381;1.355308
16;0.397800;1.385253
16;0.247216;1.175012
