nThread;timeInit;timeCount
8;0.042900;0.194086
8;0.047373;0.192573
8;0.045762;0.189500
8;0.043503;0.191532
8;0.043762;0.188899
8;0.042449;0.191525
8;0.042978;0.189367
8;0.042385;0.192028
8;0.042728;0.188803
8;0.045843;0.190714
8;0.043099;0.189488
8;0.042668;0.190857
8;0.043576;0.190860
8;0.043418;0.189767
8;0.043571;0.192645
8;0.042480;0.217155
8;0.058563;0.198281
8;0.043739;0.190990
8;0.043459;0.189823
8;0.043690;0.189400
