nThread;timeInit;timeCount
1;0.173418;0.066951
1;0.122448;0.078089
1;0.125728;0.068937
1;0.129174;0.067367
1;0.121287;0.065709
1;0.119019;0.067111
1;0.119793;0.067616
1;0.119018;0.067227
1;0.118936;0.066440
1;0.120790;0.070689
1;0.122364;0.066612
1;0.121377;0.068556
1;0.119710;0.066654
1;0.121890;0.065396
1;0.123762;0.066840
1;0.119458;0.065781
1;0.124465;0.065916
1;0.122782;0.071320
1;0.124000;0.065572
1;0.119336;0.066152
