nThread;timeInit;timeCount
4;0.064548;0.161317
4;0.081680;0.146565
4;0.060431;0.143651
4;0.062751;0.140865
4;0.067575;0.144146
4;0.063108;0.143526
4;0.077821;0.140053
4;0.058226;0.139884
4;0.065328;0.139090
4;0.070749;0.147758
4;0.060240;0.148913
4;0.060159;0.137516
4;0.060146;0.135185
4;0.069303;0.142148
4;0.065642;0.146376
4;0.061983;0.166738
4;0.057833;0.145288
4;0.092292;0.147308
4;0.057625;0.136911
4;0.059379;0.155416
