nThread;timeInit;timeCount
2;0.085347;0.078333
2;0.074577;0.078590
2;0.076177;0.078034
2;0.074152;0.093329
2;0.088452;0.079717
2;0.078811;0.077760
2;0.074281;0.080095
2;0.109761;0.083396
2;0.074369;0.085469
2;0.073467;0.075186
2;0.073570;0.090097
2;0.083754;0.087445
2;0.093349;0.080389
2;0.081929;0.084717
2;0.073487;0.078618
2;0.072586;0.080613
2;0.072368;0.079527
2;0.073012;0.076324
2;0.090465;0.080338
2;0.086759;0.077584
