nThread;timeInit;timeCount
1;0.133753;0.078604
1;0.132188;0.080698
1;0.133274;0.078996
1;0.129040;0.080686
1;0.131439;0.080892
1;0.145885;0.076248
1;0.144844;0.077538
1;0.130698;0.077200
1;0.136999;0.078514
1;0.129678;0.078358
1;0.131854;0.078055
1;0.129298;0.078655
1;0.127534;0.077996
1;0.132422;0.078259
1;0.131166;0.077394
1;0.149775;0.078074
1;0.129559;0.076267
1;0.132458;0.078871
1;0.128980;0.076860
1;0.125099;0.076342
