nThread;timeInit;timeCount
4;0.000131;0.004295
4;0.000419;0.003110
4;0.000107;0.003495
4;0.000581;0.002924
4;0.000992;0.002502
4;0.000435;0.002657
4;0.000077;0.002594
4;0.000546;0.002540
4;0.000063;0.002426
4;0.000584;0.002718
4;0.000261;0.002735
4;0.000124;0.003073
4;0.000092;0.003244
4;0.000717;0.003112
4;0.000705;0.003234
4;0.000368;0.002800
4;0.000745;0.003140
4;0.000407;0.002728
4;0.000101;0.002988
4;0.000102;0.003204
