nThread;timeInit;timeCount
8;0.008662;0.016184
8;0.013106;0.016367
8;0.007776;0.010332
8;0.011439;0.023510
8;0.007138;0.016329
8;0.008467;0.017166
8;0.015606;0.020272
8;0.007889;0.014742
8;0.007359;0.014078
8;0.008470;0.016633
8;0.008506;0.015606
8;0.008072;0.015922
8;0.009197;0.019318
8;0.010645;0.013089
8;0.007615;0.024443
8;0.008852;0.019291
8;0.013282;0.018831
8;0.005947;0.015055
8;0.011189;0.018553
8;0.010132;0.016210
