nThread;timeInit;timeCount
1;0.014380;0.006729
1;0.013675;0.005646
1;0.012936;0.005482
1;0.013886;0.005691
1;0.012876;0.007416
1;0.018125;0.008093
1;0.013654;0.005893
1;0.013617;0.006670
1;0.015764;0.006787
1;0.015074;0.006824
1;0.015982;0.008679
1;0.013879;0.006339
1;0.012674;0.005837
1;0.012433;0.005630
1;0.012170;0.007032
1;0.012671;0.005404
1;0.012965;0.005777
1;0.012489;0.007317
1;0.014253;0.005782
1;0.013027;0.005680
