nThread;timeInit;timeCount
1;0.014055;0.007059
1;0.018362;0.006581
1;0.015454;0.004693
1;0.014735;0.004698
1;0.014819;0.004811
1;0.015151;0.004641
1;0.016334;0.004943
1;0.015357;0.005148
1;0.018240;0.006278
1;0.015206;0.004740
1;0.014904;0.005154
1;0.014864;0.004571
1;0.015196;0.004466
1;0.015262;0.004887
1;0.014998;0.004978
1;0.014184;0.005173
1;0.013848;0.006895
1;0.014948;0.005968
1;0.017555;0.006134
1;0.014008;0.006043
