nThread;timeInit;timeCount
1;0.001247;0.000404
1;0.001102;0.000366
1;0.001206;0.000355
1;0.001528;0.000394
1;0.001581;0.000529
1;0.001273;0.000369
1;0.001083;0.000333
1;0.001109;0.000352
1;0.001615;0.000383
1;0.001567;0.000520
1;0.001130;0.000417
1;0.001112;0.000349
1;0.001137;0.000326
1;0.001253;0.000349
1;0.001403;0.000373
1;0.001350;0.000392
1;0.001618;0.000434
1;0.001340;0.000429
1;0.001646;0.000466
1;0.001647;0.000498
