nThread;timeInit;timeCount
2;0.001134;0.000464
2;0.000917;0.000365
2;0.001424;0.000466
2;0.000891;0.000353
2;0.000941;0.000318
2;0.001659;0.000339
2;0.000921;0.000550
2;0.000953;0.000333
2;0.001409;0.000355
2;0.000907;0.000404
2;0.001408;0.000483
2;0.000876;0.000309
2;0.000885;0.000334
2;0.000892;0.000344
2;0.001066;0.000339
2;0.000820;0.000304
2;0.001044;0.000409
2;0.000919;0.000334
2;0.001529;0.000421
2;0.000940;0.000349
