nThread;timeInit;timeCount
16;0.020075;0.257737
16;0.026391;0.209916
16;0.018857;0.217643
16;0.019092;0.217678
16;0.027013;0.209809
16;0.019164;0.237538
16;0.026803;0.269942
16;0.017640;0.211890
16;0.000918;0.289034
16;0.036966;0.250039
16;0.024186;0.289863
16;0.046347;0.159919
16;0.046778;0.200044
16;0.026957;0.199874
16;0.036335;0.229973
16;0.010320;0.157738
16;0.036416;0.179956
16;0.036072;0.229936
16;0.026256;0.219901
16;0.001108;0.217577
