nThread;timeInit;timeCount
4;0.000990;0.000323
4;0.000955;0.000356
4;0.001527;0.000223
4;0.000912;0.000287
4;0.001148;0.000389
4;0.001135;0.000255
4;0.001040;0.000221
4;0.001200;0.000324
4;0.001104;0.000252
4;0.000998;0.000174
4;0.001019;0.000283
4;0.001290;0.000248
4;0.001518;0.000324
4;0.001023;0.000242
4;0.001057;0.000371
4;0.001924;0.000352
4;0.000933;0.000337
4;0.000907;0.000328
4;0.001169;0.000269
4;0.001494;0.000357
