nThread;timeInit;timeCount
8;0.005966;0.010018
8;0.001007;0.010102
8;0.001254;0.012980
8;0.006460;0.014331
8;0.003015;0.012765
8;0.003651;0.012680
8;0.000665;0.006333
8;0.003884;0.008953
8;0.005032;0.014446
8;0.003335;0.012551
8;0.003411;0.012325
8;0.003464;0.009833
8;0.003790;0.006491
8;0.000892;0.007521
8;0.004754;0.008876
8;0.000664;0.000551
8;0.000717;0.000512
8;0.000671;0.000513
8;0.001359;0.008634
8;0.004359;0.007489
