nThread;timeInit;timeCount
1;0.001325;0.000195
1;0.001948;0.000187
1;0.002400;0.000283
1;0.001558;0.000232
1;0.001274;0.000193
1;0.001398;0.000147
1;0.001476;0.000169
1;0.001247;0.000147
1;0.001326;0.000149
1;0.001814;0.000199
1;0.001860;0.000180
1;0.001432;0.000205
1;0.001421;0.000170
1;0.001425;0.000165
1;0.001460;0.000182
1;0.001666;0.000206
1;0.001449;0.000189
1;0.001442;0.000170
1;0.001650;0.000245
1;0.001663;0.000279
