nThread;timeInit;timeCount
1;0.001995;0.000583
1;0.001988;0.000545
1;0.001992;0.000553
1;0.001839;0.000578
1;0.001898;0.000628
1;0.002674;0.000700
1;0.002032;0.000635
1;0.001909;0.000602
1;0.001860;0.000574
1;0.002425;0.000679
1;0.002084;0.000807
1;0.002064;0.000636
1;0.002088;0.001163
1;0.002552;0.000985
1;0.002569;0.000791
1;0.001919;0.000569
1;0.002232;0.000578
1;0.001880;0.000700
1;0.001971;0.000630
1;0.001848;0.000609
