nThread;timeInit;timeCount
2;0.001050;0.000410
2;0.002895;0.000406
2;0.001078;0.000379
2;0.001153;0.000393
2;0.001019;0.000378
2;0.001132;0.000358
2;0.001002;0.000632
2;0.001652;0.000610
2;0.001609;0.000613
2;0.001053;0.000395
2;0.001136;0.000451
2;0.001270;0.000379
2;0.001548;0.000407
2;0.001549;0.000436
2;0.002234;0.000584
2;0.001041;0.000393
2;0.001086;0.000404
2;0.001076;0.000371
2;0.001031;0.000381
2;0.001218;0.000491
