nThread;timeInit;timeCount
8;0.003445;0.003993
8;0.005358;0.008105
8;0.006304;0.000546
8;0.001875;0.008838
8;0.007676;0.009125
8;0.006237;0.010415
8;0.000932;0.009240
8;0.001175;0.006083
8;0.002936;0.010340
8;0.010025;0.015741
8;0.000553;0.018774
8;0.003978;0.015873
8;0.002242;0.006781
8;0.003355;0.015398
8;0.002787;0.010101
8;0.000976;0.000499
8;0.000838;0.015476
8;0.004112;0.012106
8;0.007799;0.015285
8;0.000962;0.000509
