nThread;timeInit;timeCount
4;0.000979;0.000318
4;0.000993;0.000284
4;0.000792;0.000247
4;0.001033;0.000275
4;0.001148;0.000264
4;0.001155;0.000245
4;0.001091;0.000249
4;0.001331;0.000268
4;0.000995;0.000297
4;0.001086;0.000330
4;0.002132;0.000220
4;0.000942;0.000290
4;0.001076;0.000242
4;0.000751;0.000250
4;0.001151;0.000244
4;0.001573;0.000248
4;0.000981;0.000263
4;0.000915;0.000277
4;0.000978;0.000690
4;0.001121;0.000301
