nThread;timeInit;timeCount
16;0.010922;0.227532
16;0.026043;0.199959
16;0.028419;0.227929
16;0.026554;0.229916
16;0.000960;0.186718
16;0.047487;0.180037
16;0.018670;0.297673
16;0.000965;0.276633
16;0.001042;0.216913
16;0.027001;0.239853
16;0.037163;0.309991
16;0.019390;0.177429
16;0.038412;0.319984
16;0.036710;0.310004
16;0.037417;0.199991
16;0.036232;0.239944
16;0.019124;0.217762
16;0.026772;0.239884
16;0.026755;0.249868
16;0.027079;0.169911
