nThread;timeInit;timeCount
1;0.002153;0.000258
1;0.001937;0.000445
1;0.001909;0.000206
1;0.002682;0.000342
1;0.001768;0.000289
1;0.001691;0.000233
1;0.001892;0.000346
1;0.001668;0.000280
1;0.001592;0.000202
1;0.001621;0.000224
1;0.001694;0.000210
1;0.001606;0.000204
1;0.001626;0.000188
1;0.001655;0.000201
1;0.001699;0.000204
1;0.001635;0.000190
1;0.001712;0.000211
1;0.001685;0.000223
1;0.001815;0.000293
1;0.002195;0.000262
