nThread;timeInit;timeCount
1;0.121611;0.022130
1;0.119702;0.022055
1;0.118295;0.021693
1;0.121423;0.025208
1;0.127025;0.022715
1;0.119478;0.022515
1;0.127377;0.023957
1;0.128631;0.023577
1;0.138270;0.023888
1;0.136753;0.023915
1;0.127693;0.022833
1;0.127731;0.022194
1;0.121789;0.022340
1;0.121448;0.023100
1;0.126694;0.022151
1;0.119985;0.022993
1;0.121115;0.022923
1;0.121685;0.022549
1;0.124934;0.022379
1;0.121730;0.024285
