nThread;timeInit;timeCount
4;0.064152;0.029407
4;0.061175;0.028118
4;0.060337;0.031522
4;0.062417;0.033832
4;0.069054;0.033757
4;0.068141;0.030850
4;0.083190;0.033902
4;0.071129;0.033004
4;0.065717;0.033363
4;0.061505;0.028759
4;0.060549;0.030049
4;0.069907;0.033233
4;0.059313;0.029573
4;0.063471;0.032167
4;0.059580;0.034528
4;0.072477;0.033628
4;0.065279;0.029070
4;0.058736;0.033868
4;0.059055;0.032208
4;0.068342;0.031578
