nThread;timeInit;timeCount
4;0.062570;0.030178
4;0.059815;0.030999
4;0.074481;0.029024
4;0.058063;0.029944
4;0.073061;0.032455
4;0.060896;0.030904
4;0.067697;0.030809
4;0.087904;0.037061
4;0.070872;0.034885
4;0.065863;0.030520
4;0.065137;0.030967
4;0.067869;0.031203
4;0.081695;0.034171
4;0.067784;0.031008
4;0.069333;0.030443
4;0.065569;0.029972
4;0.061560;0.026733
4;0.060992;0.029290
4;0.070608;0.033053
4;0.072822;0.031249
