nThread;timeInit;timeCount
16;0.552857;0.675693
16;0.091057;0.314111
16;0.097665;0.657547
16;0.465897;0.708403
16;0.597863;0.568357
16;0.977020;0.678324
16;0.157491;0.607563
16;0.748492;0.458266
16;0.467063;0.768117
16;0.449209;0.657205
16;0.428106;0.668515
16;0.386981;0.661074
16;0.427464;0.631057
16;0.447563;0.568689
16;0.186638;0.768198
16;0.458028;0.968350
16;0.437126;0.988410
16;0.497319;0.548990
16;0.436819;0.648417
16;0.597549;0.628296
