nThread;timeInit;timeCount
1;0.130014;0.023121
1;0.146684;0.026110
1;0.134549;0.023625
1;0.149054;0.022751
1;0.128473;0.022602
1;0.126833;0.022185
1;0.125747;0.023023
1;0.121312;0.022199
1;0.122110;0.022607
1;0.125074;0.022585
1;0.124539;0.022554
1;0.128769;0.022441
1;0.122198;0.022827
1;0.123558;0.022809
1;0.119595;0.022334
1;0.123739;0.022124
1;0.125449;0.022609
1;0.122130;0.022254
1;0.125187;0.022711
1;0.122637;0.022865
