nThread;timeInit;timeCount
1;0.145005;0.036427
1;0.137546;0.035297
1;0.138193;0.036422
1;0.138559;0.035905
1;0.139861;0.036158
1;0.163211;0.037160
1;0.137973;0.035976
1;0.138816;0.036112
1;0.139253;0.036455
1;0.160856;0.037236
1;0.138781;0.035995
1;0.140792;0.038474
1;0.142104;0.036022
1;0.138700;0.037165
1;0.139513;0.037058
1;0.139307;0.036833
1;0.137539;0.036231
1;0.139841;0.037097
1;0.138768;0.036361
1;0.142980;0.037120
