nThread;timeInit;timeCount
2;0.083434;0.026468
2;0.080984;0.035144
2;0.080755;0.028951
2;0.090201;0.027643
2;0.100383;0.031316
2;0.080983;0.032228
2;0.088365;0.026157
2;0.085659;0.026889
2;0.083273;0.028094
2;0.098965;0.035648
2;0.080384;0.029037
2;0.078960;0.026732
2;0.084944;0.027352
2;0.079619;0.034636
2;0.079426;0.026735
2;0.080164;0.027375
2;0.079450;0.026595
2;0.084966;0.026617
2;0.078024;0.031591
2;0.081861;0.026752
