nThread;timeInit;timeCount
1;0.001619;0.010999
1;0.001864;0.008738
1;0.001385;0.008067
1;0.001620;0.007174
1;0.001583;0.007657
1;0.001314;0.007143
1;0.001504;0.008869
1;0.001327;0.006962
1;0.001625;0.009025
1;0.001489;0.007314
1;0.001778;0.007321
1;0.001366;0.007815
1;0.001451;0.008706
1;0.001613;0.007945
1;0.001666;0.008681
1;0.001515;0.007118
1;0.001404;0.007881
1;0.001369;0.008137
1;0.001707;0.007464
1;0.001352;0.007692
