nThread;timeInit;timeCount
4;0.001222;0.024208
4;0.000668;0.020636
4;0.001558;0.022930
4;0.001197;0.018510
4;0.001017;0.021084
4;0.001051;0.021572
4;0.001433;0.020317
4;0.001061;0.022326
4;0.001361;0.021337
4;0.001040;0.023072
4;0.002035;0.020427
4;0.001971;0.020765
4;0.001262;0.023075
4;0.001744;0.021358
4;0.001344;0.020827
4;0.001426;0.021301
4;0.001253;0.020395
4;0.001875;0.021366
4;0.001200;0.020445
4;0.001210;0.022668
