nThread;timeInit;timeCount
8;0.001819;0.051325
8;0.003769;0.045623
8;0.002507;0.055285
8;0.001804;0.054039
8;0.004273;0.041510
8;0.002291;0.043104
8;0.002346;0.046727
8;0.003308;0.044919
8;0.005168;0.046365
8;0.003242;0.046082
8;0.000735;0.047875
8;0.003142;0.049683
8;0.000684;0.047648
8;0.004068;0.046607
8;0.000888;0.046310
8;0.002893;0.041711
8;0.000602;0.038019
8;0.001185;0.038261
8;0.000886;0.037691
8;0.000613;0.037540
