nThread;timeInit;timeCount
2;0.001852;0.017008
2;0.001259;0.011917
2;0.001426;0.013879
2;0.000939;0.013270
2;0.000977;0.011156
2;0.000941;0.011142
2;0.001291;0.010864
2;0.000965;0.010786
2;0.001751;0.012883
2;0.001349;0.013832
2;0.001429;0.011121
2;0.001783;0.012001
2;0.001041;0.011976
2;0.001434;0.012336
2;0.001188;0.011721
2;0.001413;0.014975
2;0.001542;0.013218
2;0.001153;0.012061
2;0.001375;0.014836
2;0.001088;0.012913
