nThread;timeInit;timeCount
1;0.001540;0.008479
1;0.001681;0.008516
1;0.001495;0.005206
1;0.001609;0.007377
1;0.001329;0.005685
1;0.001434;0.006010
1;0.001254;0.005377
1;0.001339;0.006384
1;0.001187;0.006215
1;0.001291;0.006791
1;0.001461;0.007338
1;0.001541;0.006985
1;0.001466;0.005684
1;0.001347;0.005129
1;0.001302;0.005161
1;0.001179;0.005215
1;0.001279;0.005357
1;0.001580;0.006054
1;0.002263;0.008406
1;0.002100;0.007713
