nThread;timeInit;timeCount
16;0.547323;0.748829
16;0.867200;0.980010
16;0.658334;0.922732
16;0.678436;0.740001
16;0.716840;0.739990
16;0.606611;0.779673
16;0.747550;0.790001
16;0.677085;0.767526
16;0.555503;0.658055
16;0.676658;0.827894
16;0.646588;0.837146
16;0.726694;0.777021
16;0.690722;0.645221
16;0.613373;0.684984
16;0.536208;0.737068
16;0.569721;0.986802
16;0.816590;0.906914
16;0.703537;0.882784
16;0.700072;0.820258
16;0.876295;1.220007
