nThread;timeInit;timeCount
1;0.017194;0.015380
1;0.017198;0.012065
1;0.018209;0.012031
1;0.014791;0.010732
1;0.015434;0.013816
1;0.016839;0.010516
1;0.016278;0.011029
1;0.017468;0.011053
1;0.015186;0.010208
1;0.016678;0.014038
1;0.016410;0.010965
1;0.015444;0.010861
1;0.017185;0.010539
1;0.015783;0.010412
1;0.017842;0.010632
1;0.014735;0.010255
1;0.017267;0.010091
1;0.014568;0.011033
1;0.017212;0.010212
1;0.014173;0.011254
