nThread;timeInit;timeCount
1;0.016559;0.011675
1;0.015594;0.011568
1;0.015960;0.011250
1;0.016074;0.010962
1;0.016548;0.010919
1;0.016445;0.010941
1;0.015111;0.011541
1;0.015091;0.011044
1;0.015911;0.011322
1;0.015156;0.011738
1;0.015248;0.010935
1;0.015938;0.011040
1;0.016225;0.011439
1;0.015037;0.010870
1;0.015095;0.011045
1;0.015129;0.010971
1;0.016528;0.013925
1;0.015037;0.011149
1;0.016150;0.011441
1;0.016253;0.011231
