nThread;timeInit;timeCount
4;0.010213;0.009163
4;0.010166;0.012423
4;0.010567;0.009164
4;0.011185;0.009160
4;0.010745;0.010360
4;0.010230;0.011004
4;0.009934;0.009356
4;0.010551;0.009386
4;0.010538;0.010686
4;0.011548;0.010515
4;0.017910;0.014106
4;0.011708;0.010653
4;0.010384;0.010078
4;0.009845;0.009141
4;0.009480;0.009130
4;0.013910;0.010824
4;0.011733;0.011013
4;0.010389;0.009985
4;0.011046;0.008884
4;0.011180;0.010738
