nThread;timeInit;timeCount
8;0.031206;0.038002
8;0.038675;0.055094
8;0.043018;0.065155
8;0.040771;0.032594
8;0.021860;0.071849
8;0.025090;0.061765
8;0.032385;0.044766
8;0.032542;0.035180
8;0.028988;0.036565
8;0.028296;0.042065
8;0.041406;0.057924
8;0.032569;0.036359
8;0.012278;0.047846
8;0.041345;0.034570
8;0.032897;0.038920
8;0.030651;0.033279
8;0.033821;0.042467
8;0.032695;0.026200
8;0.021647;0.023109
8;0.021895;0.017975
