nThread;timeInit;timeCount
2;0.010508;0.009088
2;0.010581;0.009236
2;0.010616;0.009456
2;0.013200;0.009214
2;0.010000;0.009370
2;0.010866;0.011325
2;0.011030;0.009094
2;0.010445;0.010177
2;0.009962;0.010614
2;0.010375;0.009371
2;0.010324;0.008950
2;0.010532;0.009859
2;0.010427;0.009167
2;0.012209;0.009766
2;0.012040;0.013263
2;0.010969;0.009598
2;0.011034;0.009690
2;0.010492;0.010059
2;0.013815;0.009220
2;0.010502;0.009692
