nThread;timeInit;timeCount
4;0.083370;0.160190
4;0.083444;0.153688
4;0.083639;0.179832
4;0.076052;0.160510
4;0.076390;0.157687
4;0.126157;0.170193
4;0.075864;0.151193
4;0.083922;0.192578
4;0.074894;0.163778
4;0.075061;0.184348
4;0.077288;0.149595
4;0.084286;0.150416
4;0.079590;0.153074
4;0.076669;0.160769
4;0.077164;0.153902
4;0.078999;0.153812
4;0.083020;0.160483
4;0.074849;0.183415
4;0.080383;0.162457
4;0.079494;0.159121
