nThread;timeInit;timeCount
1;0.540716;0.523605
1;0.528287;0.492327
1;0.490854;0.500944
1;0.504839;0.511909
1;0.601675;0.697650
1;0.516125;0.538104
1;0.537409;0.541713
1;0.547975;0.541511
1;0.529904;0.607344
1;0.613670;0.577853
1;0.522251;0.592591
1;0.532045;0.611485
1;0.555078;0.616964
1;0.632691;0.683410
1;0.522622;0.587093
1;0.596189;0.563284
1;0.534924;0.603733
1;0.557601;0.732817
1;0.589569;0.597188
1;0.555583;0.561150
