nThread;timeInit;timeCount
1;0.132139;0.086356
1;0.133872;0.083786
1;0.134788;0.088091
1;0.132725;0.084126
1;0.133286;0.084627
1;0.133436;0.082984
1;0.134859;0.083440
1;0.132320;0.084891
1;0.131826;0.085949
1;0.152795;0.084601
1;0.133281;0.084643
1;0.135077;0.083017
1;0.133591;0.085018
1;0.135586;0.084239
1;0.132913;0.085217
1;0.132620;0.088065
1;0.137090;0.082323
1;0.133740;0.100705
1;0.148561;0.098488
1;0.141051;0.082788
