nThread;timeInit;timeCount
16;0.658153;1.550308
16;0.837391;2.050253
16;0.677727;1.619135
16;0.906590;1.641485
16;0.927976;2.219685
16;0.616610;1.120304
16;0.717151;1.570272
16;0.620672;1.072739
16;0.715973;1.660321
16;0.637264;1.399974
16;0.936829;1.910742
16;0.896643;1.627695
16;0.815979;1.746712
16;0.726700;1.461374
16;0.643912;1.843016
16;0.937822;1.571143
16;0.989255;1.710240
16;0.716190;1.570365
16;0.796204;1.804105
16;0.721053;1.857556
