nThread;timeInit;timeCount
2;0.095662;0.097990
2;0.118159;0.111423
2;0.097806;0.113292
2;0.097699;0.090703
2;0.090728;0.095577
2;0.110542;0.092922
2;0.090229;0.095469
2;0.100157;0.122411
2;0.113518;0.104384
2;0.099418;0.110180
2;0.098929;0.117756
2;0.090932;0.098758
2;0.094720;0.092132
2;0.091543;0.097897
2;0.093121;0.096323
2;0.092167;0.095341
2;0.094664;0.112675
2;0.114516;0.095247
2;0.279196;0.135950
2;0.099579;0.106862
