nThread;timeInit;timeCount
8;0.069105;0.216660
8;0.078577;0.203823
8;0.067399;0.203615
8;0.222960;0.284325
8;0.084263;0.214030
8;0.066657;0.204539
8;0.068664;0.202489
8;0.066527;0.205450
8;0.066801;0.237825
8;0.064538;0.201275
8;0.064100;0.201979
8;0.065583;0.204656
8;0.065654;0.202152
8;0.064172;0.257986
8;0.104069;0.261894
8;0.071840;0.204505
8;0.068412;0.225457
8;0.068443;0.204336
8;0.068963;0.202861
8;0.066588;0.212062
