nThread;timeInit;timeCount
4;0.001173;0.025427
4;0.001346;0.020402
4;0.001153;0.019290
4;0.001285;0.020008
4;0.000982;0.017982
4;0.001893;0.018789
4;0.000892;0.020175
4;0.001135;0.017366
4;0.001034;0.019731
4;0.001678;0.018666
4;0.000578;0.015934
4;0.001118;0.019269
4;0.001899;0.021889
4;0.001118;0.018651
4;0.001338;0.019766
4;0.001204;0.019183
4;0.001063;0.022068
4;0.001178;0.020515
4;0.001056;0.022167
4;0.001277;0.019550
