nThread;timeInit;timeCount
8;0.005035;0.102071
8;0.026373;0.077048
8;0.003993;0.040971
8;0.001523;0.041242
8;0.011999;0.040072
8;0.000818;0.045313
8;0.037557;0.082132
8;0.039187;0.085008
8;0.022328;0.075825
8;0.021423;0.086986
8;0.026708;0.078788
8;0.025765;0.060106
8;0.032284;0.074343
8;0.027996;0.064190
8;0.075961;0.146494
8;0.084582;0.131700
8;0.033914;0.076475
8;0.001649;0.042025
8;0.001054;0.041439
8;0.000742;0.040716
