nThread;timeInit;timeCount
16;0.797627;1.299968
16;0.746020;1.359968
16;0.837575;1.549982
16;0.415438;1.193266
16;0.703346;1.739932
16;0.736026;1.129987
16;0.790103;1.536562
16;0.729774;1.508157
16;0.806641;1.359913
16;0.537309;0.970932
16;0.697474;1.261332
16;0.855201;1.136383
16;0.727293;1.359958
16;0.748654;1.389722
16;0.775279;1.791674
16;0.608023;1.610034
16;0.898599;1.059993
16;0.767959;1.639978
16;0.537961;1.210829
16;0.848049;1.429833
