nThread;timeInit;timeCount
2;0.000473;0.019576
2;0.000797;0.017368
2;0.000891;0.015518
2;0.000567;0.021048
2;0.000501;0.016964
2;0.000623;0.018657
2;0.000484;0.015091
2;0.000465;0.015208
2;0.000613;0.015924
2;0.000481;0.015471
2;0.000705;0.020831
2;0.000504;0.015361
2;0.000598;0.014944
2;0.000746;0.015567
2;0.000424;0.015550
2;0.000938;0.015510
2;0.000479;0.015396
2;0.000403;0.015643
2;0.000441;0.015337
2;0.000492;0.016078
