nThread;timeInit;timeCount
4;0.000737;0.025325
4;0.000566;0.029313
4;0.001342;0.022954
4;0.001591;0.022901
4;0.001571;0.024371
4;0.000649;0.029129
4;0.001561;0.023759
4;0.001078;0.029865
4;0.000495;0.027107
4;0.000930;0.024589
4;0.000502;0.023491
4;0.000612;0.023610
4;0.000994;0.027452
4;0.000533;0.027921
4;0.000506;0.027236
4;0.001451;0.027572
4;0.000695;0.028209
4;0.005535;0.026284
4;0.000968;0.029955
4;0.005111;0.030750
