nThread;timeInit;timeCount
1;0.000335;0.013860
1;0.000414;0.014431
1;0.000484;0.012635
1;0.000361;0.013796
1;0.000544;0.012648
1;0.000407;0.012545
1;0.000372;0.012920
1;0.000469;0.011885
1;0.000385;0.012506
1;0.000359;0.012093
1;0.000358;0.013689
1;0.000360;0.012821
1;0.000380;0.012401
1;0.000407;0.012833
1;0.000418;0.013586
1;0.000583;0.012022
1;0.000413;0.018141
1;0.000547;0.016167
1;0.000394;0.014006
1;0.000351;0.012921
