nThread;timeInit;timeCount
1;0.000593;0.017133
1;0.000482;0.014369
1;0.000512;0.020539
1;0.000655;0.011621
1;0.000627;0.017335
1;0.000652;0.011978
1;0.000607;0.012766
1;0.000610;0.016597
1;0.000681;0.012188
1;0.000524;0.012197
1;0.000470;0.011449
1;0.000596;0.010988
1;0.000474;0.013310
1;0.000460;0.011481
1;0.000626;0.010976
1;0.000539;0.012227
1;0.000461;0.012795
1;0.000572;0.011360
1;0.000449;0.011493
1;0.000490;0.010764
