nThread;timeInit;timeCount
1;0.137510;0.052950
1;0.131249;0.051358
1;0.134643;0.050715
1;0.132156;0.050941
1;0.129445;0.051167
1;0.131428;0.051995
1;0.128949;0.051804
1;0.129728;0.051425
1;0.135946;0.051648
1;0.131592;0.050553
1;0.130712;0.050428
1;0.133572;0.054085
1;0.129642;0.052115
1;0.140394;0.052211
1;0.135126;0.052406
1;0.140369;0.055129
1;0.161041;0.060194
1;0.147853;0.055238
1;0.142835;0.053555
1;0.138285;0.053423
