nThread;timeInit;timeCount
1;0.123016;0.037871
1;0.131674;0.033709
1;0.122553;0.033631
1;0.126539;0.034005
1;0.118155;0.034385
1;0.119883;0.034187
1;0.120120;0.033723
1;0.123815;0.033387
1;0.119558;0.034466
1;0.119904;0.033528
1;0.119866;0.034830
1;0.120037;0.038293
1;0.116390;0.033882
1;0.115824;0.033103
1;0.119827;0.033096
1;0.120458;0.033703
1;0.122260;0.033439
1;0.114838;0.033770
1;0.116728;0.033572
1;0.116482;0.033108
