nThread;timeInit;timeCount
16;0.207985;0.684619
16;0.147167;0.419163
16;0.596437;0.680057
16;0.417845;0.769691
16;0.167428;0.889258
16;0.525538;0.661155
16;0.226655;0.929205
16;0.079860;0.636513
16;0.466648;0.679522
16;0.427868;0.830000
16;0.517788;0.999634
16;0.487938;0.689782
16;0.457691;0.879462
16;0.777397;0.749598
16;0.467735;0.673875
16;0.428243;0.489583
16;0.251767;0.689414
16;0.216716;1.599195
16;0.516471;0.819597
16;0.517778;0.889276
