nThread;timeInit;timeCount
4;0.059268;0.042272
4;0.061092;0.041970
4;0.062308;0.042208
4;0.065802;0.045935
4;0.056752;0.042477
4;0.055549;0.041173
4;0.066231;0.045992
4;0.058701;0.041062
4;0.070541;0.036829
4;0.058298;0.043235
4;0.056970;0.040704
4;0.059588;0.043172
4;0.064553;0.042485
4;0.058433;0.040382
4;0.071061;0.042730
4;0.061830;0.045866
4;0.063260;0.044442
4;0.064836;0.038711
4;0.057733;0.043718
4;0.073786;0.048808
