nThread;timeInit;timeCount
1;0.000174;0.000538
1;0.000182;0.000472
1;0.000170;0.000534
1;0.000316;0.000698
1;0.000182;0.000881
1;0.000158;0.000509
1;0.000168;0.000543
1;0.000266;0.000596
1;0.000156;0.000507
1;0.000158;0.000487
1;0.000179;0.000811
1;0.000258;0.000761
1;0.000177;0.000521
1;0.000169;0.000523
1;0.000194;0.000579
1;0.000233;0.000794
1;0.000194;0.000591
1;0.000175;0.000561
1;0.000296;0.000601
1;0.000229;0.000670
