nThread;timeInit;timeCount
8;0.002156;0.015512
8;0.000387;0.003014
8;0.000354;0.002144
8;0.000098;0.002206
8;0.000787;0.011546
8;0.000904;0.002325
8;0.000138;0.009754
8;0.002626;0.007475
8;0.003835;0.014374
8;0.000091;0.015446
8;0.008212;0.011096
8;0.000095;0.016719
8;0.001410;0.018756
8;0.001708;0.022258
8;0.001764;0.011884
8;0.005832;0.011417
8;0.002747;0.007632
8;0.006232;0.011343
8;0.003303;0.012072
8;0.004523;0.013613
