nThread;timeInit;timeCount
16;0.027849;0.319038
16;0.035159;0.310282
16;0.019070;0.317600
16;0.000585;0.216001
16;0.010477;0.387705
16;0.025330;0.298272
16;0.028949;0.368303
16;0.036709;0.310471
16;0.026539;0.290348
16;0.036633;0.330396
16;0.036937;0.260318
16;0.012205;0.245979
16;0.029390;0.287846
16;0.035365;0.400821
16;0.028830;0.358202
16;0.036700;0.280272
16;0.046649;0.220347
16;0.028425;0.328250
16;0.000561;0.357440
16;0.000495;0.344885
