nThread;timeInit;timeCount
4;0.001029;0.001696
4;0.001080;0.001682
4;0.000141;0.001833
4;0.000124;0.001724
4;0.000099;0.001749
4;0.000174;0.001580
4;0.000133;0.001803
4;0.000073;0.001437
4;0.000573;0.001502
4;0.000106;0.001622
4;0.000094;0.001303
4;0.000504;0.001432
4;0.000099;0.001613
4;0.000464;0.001405
4;0.000062;0.001260
4;0.000566;0.001432
4;0.000444;0.001382
4;0.000513;0.001459
4;0.000101;0.001685
4;0.000343;0.001670
