nThread;timeInit;timeCount
4;0.000712;0.002237
4;0.001067;0.002587
4;0.001248;0.002395
4;0.001269;0.002398
4;0.001472;0.002242
4;0.001050;0.002669
4;0.001139;0.002885
4;0.001119;0.002750
4;0.001343;0.002501
4;0.000759;0.002623
4;0.001152;0.002972
4;0.001008;0.002384
4;0.000877;0.002102
4;0.000965;0.002322
4;0.001024;0.002679
4;0.001074;0.002213
4;0.000782;0.002679
4;0.001606;0.002705
4;0.000678;0.002119
4;0.000671;0.001808
