nThread;timeInit;timeCount
2;0.002046;0.002568
2;0.001065;0.001956
2;0.000995;0.002030
2;0.001658;0.002543
2;0.001077;0.001964
2;0.001090;0.001923
2;0.004554;0.002170
2;0.001611;0.002331
2;0.001409;0.002042
2;0.001611;0.002517
2;0.001045;0.002142
2;0.001053;0.002088
2;0.001028;0.001953
2;0.001058;0.001975
2;0.001122;0.002147
2;0.001049;0.002130
2;0.001408;0.001989
2;0.001071;0.002433
2;0.001004;0.001953
2;0.001004;0.002188
