nThread;timeInit;timeCount
16;0.488073;2.168280
16;0.486769;1.872631
16;0.597335;1.631135
16;0.464773;1.299579
16;0.747111;1.142504
16;0.098308;1.239155
16;0.738051;1.289846
16;0.117980;0.810010
16;0.667076;1.378662
16;0.378868;1.394515
16;0.707899;1.752003
16;0.527154;1.923039
16;0.427566;1.392066
16;0.088084;1.104677
16;0.263415;1.244664
16;0.070272;1.367528
16;0.708894;1.761128
16;0.718010;1.520601
16;0.508073;1.451466
16;0.447034;1.691449
