nThread;timeInit;timeCount
4;0.055375;0.220033
4;0.061477;0.217496
4;0.056068;0.221689
4;0.068824;0.215693
4;0.063850;0.206467
4;0.060724;0.215556
4;0.056357;0.230818
4;0.095826;0.220005
4;0.065925;0.218216
4;0.069551;0.246768
4;0.068579;0.222637
4;0.063618;0.228521
4;0.063172;0.221892
4;0.080812;0.227315
4;0.059650;0.224163
4;0.060279;0.224299
4;0.059469;0.223006
4;0.055429;0.228268
4;0.065005;0.218951
4;0.058013;0.239338
