nThread;timeInit;timeCount
8;0.044088;0.266971
8;0.048591;0.265191
8;0.041731;0.263252
8;0.044122;0.263434
8;0.042905;0.265930
8;0.043133;0.262040
8;0.042062;0.267642
8;0.052937;0.283525
8;0.042888;0.268015
8;0.042279;0.269994
8;0.044998;0.295525
8;0.049927;0.274509
8;0.043162;0.269709
8;0.044367;0.266059
8;0.046421;0.264417
8;0.044147;0.271427
8;0.043778;0.265847
8;0.044989;0.265516
8;0.057118;0.341442
8;0.044003;0.267956
