nThread;timeInit;timeCount
1;0.144939;0.140289
1;0.129443;0.141545
1;0.134350;0.140699
1;0.127160;0.145420
1;0.127560;0.142695
1;0.128316;0.140162
1;0.127403;0.139268
1;0.128327;0.140965
1;0.128165;0.138595
1;0.128581;0.140546
1;0.128301;0.141597
1;0.127612;0.137510
1;0.129032;0.140359
1;0.129710;0.138036
1;0.133336;0.146013
1;0.142214;0.140474
1;0.138699;0.159204
1;0.146093;0.176953
1;0.139798;0.148143
1;0.129294;0.148608
