nThread;timeInit;timeCount
8;0.000216;0.005573
8;0.003264;0.013547
8;0.004127;0.006920
8;0.004009;0.007307
8;0.001162;0.010595
8;0.005913;0.010574
8;0.003157;0.000196
8;0.000805;0.003805
8;0.009801;0.006212
8;0.002398;0.003735
8;0.000158;0.000402
8;0.006462;0.008822
8;0.002283;0.010386
8;0.000112;0.000203
8;0.002794;0.006627
8;0.002059;0.015191
8;0.001223;0.007484
8;0.003148;0.009756
8;0.000103;0.008699
8;0.034895;0.098267
