nThread;timeInit;timeCount
1;0.000898;0.000511
1;0.000134;0.000126
1;0.000155;0.000123
1;0.000150;0.000121
1;0.000131;0.000200
1;0.000140;0.000123
1;0.000144;0.000130
1;0.000268;0.000170
1;0.000149;0.000123
1;0.000137;0.000127
1;0.000138;0.000129
1;0.000141;0.000145
1;0.000153;0.000134
1;0.000140;0.000126
1;0.000144;0.000123
1;0.000163;0.000148
1;0.000315;0.000132
1;0.000122;0.000117
1;0.000144;0.000134
1;0.000196;0.000129
