nThread;timeInit;timeCount
2;0.000085;0.000108
2;0.000165;0.000186
2;0.000119;0.000135
2;0.000124;0.000176
2;0.000146;0.000188
2;0.000276;0.000161
2;0.000113;0.000130
2;0.000567;0.000127
2;0.000220;0.000108
2;0.000100;0.000135
2;0.000165;0.000306
2;0.000624;0.000174
2;0.000486;0.000149
2;0.000150;0.000155
2;0.000156;0.000180
2;0.000100;0.000136
2;0.000089;0.000136
2;0.000090;0.000120
2;0.000176;0.000178
2;0.000341;0.000394
