nThread;timeInit;timeCount
16;0.019981;0.316117
16;0.003021;0.207257
16;0.010308;0.226863
16;0.036719;0.202511
16;0.011831;0.213509
16;0.027357;0.250030
16;0.029007;0.208055
16;0.019413;0.227581
16;0.037411;0.240031
16;0.010997;0.287831
16;0.036415;0.160086
16;0.037099;0.170029
16;0.026694;0.170015
16;0.009665;0.288077
16;0.000775;0.156600
16;0.028541;0.237932
16;0.026959;0.170014
16;0.000545;0.236960
16;0.009870;0.267945
16;0.019589;0.187081
