nThread;timeInit;timeCount
4;0.000145;0.000196
4;0.000102;0.000163
4;0.000551;0.000146
4;0.000530;0.000280
4;0.000067;0.000134
4;0.000090;0.000142
4;0.000780;0.000132
4;0.000058;0.000103
4;0.000068;0.000108
4;0.000066;0.000096
4;0.000145;0.000127
4;0.000085;0.000144
4;0.000085;0.000143
4;0.000530;0.000129
4;0.000093;0.000143
4;0.000550;0.000132
4;0.000651;0.000195
4;0.001045;0.000139
4;0.000235;0.000195
4;0.000208;0.000151
