nThread;timeInit;timeCount
1;0.000183;0.000128
1;0.000182;0.000146
1;0.000194;0.000131
1;0.000212;0.000137
1;0.000209;0.000143
1;0.000218;0.000176
1;0.000227;0.000145
1;0.000177;0.000155
1;0.000176;0.000121
1;0.000217;0.000122
1;0.000296;0.000246
1;0.000304;0.000191
1;0.000185;0.000153
1;0.000223;0.000133
1;0.000287;0.000201
1;0.000287;0.000171
1;0.000256;0.000180
1;0.000199;0.000127
1;0.000260;0.000150
1;0.000279;0.000184
