nThread;timeInit;timeCount
2;0.000273;0.013463
2;0.000093;0.009271
2;0.000113;0.008943
2;0.000519;0.009591
2;0.000143;0.008999
2;0.000092;0.010354
2;0.000220;0.010970
2;0.000161;0.010522
2;0.000094;0.008766
2;0.000541;0.008998
2;0.000099;0.008673
2;0.000131;0.008880
2;0.000097;0.009707
2;0.000501;0.009119
2;0.000127;0.009168
2;0.000750;0.009137
2;0.000097;0.009323
2;0.000494;0.009386
2;0.000536;0.009466
2;0.000745;0.009270
