nThread;timeInit;timeCount
8;0.002501;0.049214
8;0.005111;0.047666
8;0.002544;0.040329
8;0.000098;0.039239
8;0.000096;0.037283
8;0.002688;0.041194
8;0.008347;0.045910
8;0.009067;0.049056
8;0.003813;0.043659
8;0.000875;0.042434
8;0.000088;0.044579
8;0.003345;0.043683
8;0.004188;0.046583
8;0.004602;0.043898
8;0.002502;0.037929
8;0.001178;0.039404
8;0.001350;0.044044
8;0.000092;0.032758
8;0.000638;0.033132
8;0.008442;0.044158
