nThread;timeInit;timeCount
16;0.027589;0.921130
16;0.028427;0.671251
16;0.000556;0.812008
16;0.026226;0.782342
16;0.001038;0.728917
16;0.026455;0.532873
16;0.000815;0.531240
16;0.000581;0.493894
16;0.000572;0.981027
16;0.030134;0.658870
16;0.036749;0.544259
16;0.000594;0.631287
16;0.009656;0.600830
16;0.036366;0.802817
16;0.036604;0.472562
16;0.000568;0.920320
16;0.000967;0.599764
16;0.037241;0.822270
16;0.037906;0.633130
16;0.000570;0.779433
