nThread;timeInit;timeCount
1;0.016300;0.015816
1;0.014933;0.015707
1;0.015603;0.015810
1;0.016786;0.015894
1;0.016503;0.015510
1;0.015511;0.015515
1;0.015410;0.015543
1;0.015400;0.015631
1;0.015067;0.016476
1;0.016384;0.015614
1;0.016375;0.016182
1;0.016212;0.015736
1;0.015003;0.015536
1;0.015814;0.016502
1;0.017298;0.015594
1;0.014942;0.015776
1;0.015091;0.015701
1;0.017607;0.017676
1;0.015860;0.015958
1;0.015368;0.015505
