nThread;timeInit;timeCount
4;0.010828;0.014982
4;0.008847;0.016400
4;0.011082;0.017259
4;0.010372;0.016207
4;0.010147;0.017065
4;0.010762;0.016157
4;0.009875;0.015733
4;0.010019;0.014672
4;0.009701;0.014560
4;0.010211;0.014421
4;0.010398;0.015106
4;0.010550;0.016670
4;0.009823;0.014875
4;0.010582;0.016159
4;0.010459;0.016766
4;0.010988;0.017402
4;0.011692;0.014529
4;0.009423;0.014811
4;0.011116;0.014555
4;0.010489;0.017108
