nThread;timeInit;timeCount
8;0.033513;0.052047
8;0.040378;0.048764
8;0.020910;0.032223
8;0.032055;0.038994
8;0.021827;0.050747
8;0.037809;0.043464
8;0.032034;0.046282
8;0.045138;0.051131
8;0.040066;0.058249
8;0.050269;0.044912
8;0.024876;0.049332
8;0.034287;0.060138
8;0.038886;0.046497
8;0.034580;0.055562
8;0.025489;0.055368
8;0.045198;0.046259
8;0.032654;0.045296
8;0.030174;0.040642
8;0.039520;0.048271
8;0.028979;0.041223
