nThread;timeInit;timeCount
16;0.906702;1.069271
16;0.856318;0.910029
16;0.677521;0.920002
16;0.657789;0.719512
16;0.767264;0.906356
16;0.707042;0.969890
16;0.667637;1.041357
16;0.657877;0.810427
16;0.626356;0.780892
16;0.756836;0.981530
16;0.837734;1.280566
16;0.957857;0.981842
16;0.579029;0.827369
16;0.626392;0.710448
16;0.557912;0.850286
16;0.788263;1.088592
16;0.816511;1.050217
16;0.566507;0.960011
16;0.567569;0.820003
16;0.836637;0.937640
