nThread;timeInit;timeCount
2;0.010062;0.013744
2;0.009871;0.016862
2;0.010604;0.013597
2;0.010568;0.013469
2;0.009820;0.013451
2;0.011204;0.013983
2;0.010031;0.013575
2;0.011282;0.017809
2;0.009902;0.013981
2;0.011826;0.014177
2;0.013998;0.013570
2;0.010561;0.016348
2;0.011401;0.013702
2;0.012018;0.016406
2;0.010026;0.013361
2;0.010324;0.013689
2;0.011328;0.013703
2;0.010590;0.013810
2;0.015043;0.013576
2;0.011288;0.015930
