nThread;timeInit;timeCount
1;0.017155;0.015774
1;0.016907;0.014399
1;0.016020;0.015850
1;0.017436;0.013734
1;0.014841;0.013911
1;0.014242;0.016007
1;0.019243;0.018854
1;0.017700;0.017110
1;0.016938;0.017874
1;0.021230;0.018004
1;0.021049;0.017230
1;0.019768;0.018281
1;0.020379;0.021025
1;0.019948;0.017754
1;0.017622;0.017129
1;0.018699;0.018794
1;0.017516;0.017286
1;0.023603;0.021093
1;0.022702;0.020646
1;0.020172;0.020994
