nThread;timeInit;timeCount
16;0.038197;0.300359
16;0.067261;0.250225
16;0.067246;0.255901
16;0.038708;0.300214
16;0.038193;0.320179
16;0.076186;0.292867
16;0.056684;0.210418
16;0.022172;0.135578
16;0.038263;0.280450
16;0.066772;0.229715
16;0.037930;0.220050
16;0.028803;0.269945
16;0.066640;0.280753
16;0.030984;0.196601
16;0.063856;0.234039
16;0.028035;0.250510
16;0.046821;0.280103
16;0.058494;0.320024
16;0.086901;0.240686
16;0.037630;0.210217
