nThread;timeInit;timeCount
1;0.022199;0.007275
1;0.015695;0.004549
1;0.016317;0.004683
1;0.018647;0.013490
1;0.023871;0.005091
1;0.014940;0.003911
1;0.015152;0.004918
1;0.013215;0.003931
1;0.013590;0.003855
1;0.014689;0.004375
1;0.012725;0.004078
1;0.013788;0.004290
1;0.012904;0.003911
1;0.012715;0.003942
1;0.012754;0.004158
1;0.013288;0.003959
1;0.012815;0.003955
1;0.013119;0.003928
1;0.013933;0.004188
1;0.013042;0.003996
