nThread;timeInit;timeCount
8;0.010059;0.008903
8;0.011772;0.009052
8;0.008329;0.020165
8;0.010092;0.011435
8;0.010356;0.011769
8;0.010482;0.013032
8;0.011250;0.012861
8;0.016920;0.012258
8;0.019326;0.014907
8;0.009506;0.012584
8;0.009396;0.013927
8;0.005527;0.012134
8;0.009036;0.015072
8;0.006809;0.009973
8;0.010093;0.017637
8;0.007848;0.017862
8;0.007108;0.017735
8;0.009348;0.014792
8;0.009372;0.011205
8;0.011219;0.015681
