nThread;timeInit;timeCount
4;0.008217;0.004564
4;0.007331;0.004234
4;0.006264;0.004859
4;0.007875;0.003971
4;0.007355;0.004563
4;0.007796;0.003729
4;0.007373;0.004542
4;0.007295;0.004086
4;0.007805;0.003737
4;0.006536;0.004379
4;0.006477;0.004029
4;0.008141;0.004562
4;0.006826;0.004545
4;0.008750;0.004689
4;0.008265;0.004447
4;0.007226;0.004723
4;0.007169;0.004107
4;0.007884;0.004070
4;0.008366;0.004388
4;0.007253;0.004268
