nThread;timeInit;timeCount
1;0.011696;0.002531
1;0.012613;0.002529
1;0.011967;0.002495
1;0.012124;0.003662
1;0.014894;0.003247
1;0.012135;0.002382
1;0.011293;0.002560
1;0.012621;0.003364
1;0.011924;0.002313
1;0.011274;0.002524
1;0.012738;0.003122
1;0.012465;0.002461
1;0.011280;0.002609
1;0.011891;0.002962
1;0.012148;0.002506
1;0.011046;0.002541
1;0.012400;0.003035
1;0.011081;0.002499
1;0.012185;0.003470
1;0.012579;0.002827
