nThread;timeInit;timeCount
2;0.011829;0.007425
2;0.011681;0.003760
2;0.009378;0.003742
2;0.008424;0.003584
2;0.009035;0.003609
2;0.008538;0.003743
2;0.008306;0.003600
2;0.008502;0.003844
2;0.009237;0.004001
2;0.008545;0.003585
2;0.008639;0.003629
2;0.010783;0.005407
2;0.008457;0.003829
2;0.008205;0.003887
2;0.010298;0.003573
2;0.008407;0.008446
2;0.008359;0.003671
2;0.008398;0.003701
2;0.009249;0.005348
2;0.008475;0.003567
