nThread;timeInit;timeCount
2;0.001788;0.033565
2;0.002051;0.026823
2;0.001120;0.022853
2;0.001067;0.022620
2;0.001122;0.022710
2;0.001144;0.021443
2;0.001177;0.021180
2;0.001065;0.021072
2;0.001512;0.025479
2;0.001187;0.023360
2;0.001073;0.019577
2;0.001098;0.023891
2;0.001195;0.023113
2;0.001601;0.022467
2;0.001074;0.020410
2;0.001100;0.021764
2;0.001230;0.022717
2;0.001111;0.021288
2;0.001445;0.020785
2;0.001106;0.021361
