nThread;timeInit;timeCount
8;0.004785;0.056342
8;0.000814;0.054821
8;0.003348;0.056162
8;0.011771;0.054846
8;0.006911;0.054733
8;0.004396;0.052322
8;0.005657;0.060879
8;0.002426;0.059110
8;0.000554;0.057275
8;0.006069;0.055138
8;0.000557;0.048206
8;0.006351;0.052665
8;0.000550;0.047075
8;0.004561;0.056772
8;0.005590;0.050518
8;0.000556;0.047413
8;0.002876;0.053708
8;0.005889;0.063847
8;0.007176;0.048697
8;0.001934;0.052635
