nThread;timeInit;timeCount
4;0.001013;0.036692
4;0.001367;0.029770
4;0.001146;0.028211
4;0.001301;0.029546
4;0.001128;0.031224
4;0.001280;0.026994
4;0.001126;0.026864
4;0.001192;0.028476
4;0.001240;0.028946
4;0.001406;0.028346
4;0.001168;0.027878
4;0.001120;0.029241
4;0.000867;0.029478
4;0.001175;0.027356
4;0.000963;0.030853
4;0.005787;0.030405
4;0.001111;0.027822
4;0.001268;0.032130
4;0.001122;0.028652
4;0.001165;0.030887
