nThread;timeInit;timeCount
16;0.026543;0.448049
16;0.019991;0.968512
16;0.026916;0.968796
16;0.011646;0.985605
16;0.010883;0.706015
16;0.036680;1.178444
16;0.000976;0.575417
16;0.036455;0.588510
16;0.046818;1.018712
16;0.026941;0.878558
16;0.009294;0.626545
16;0.000937;0.864786
16;0.036562;0.939199
16;0.066698;0.888887
16;0.036471;0.589875
16;0.036901;0.729646
16;0.029032;1.366152
16;0.037110;1.051413
16;0.028151;0.417903
16;0.046302;0.589207
