nThread;timeInit;timeCount
1;0.001619;0.019062
1;0.001604;0.017064
1;0.001558;0.016572
1;0.001520;0.015882
1;0.001487;0.017188
1;0.001567;0.016953
1;0.001598;0.016222
1;0.001539;0.015671
1;0.001711;0.016321
1;0.001569;0.015104
1;0.001472;0.015501
1;0.001482;0.014796
1;0.001405;0.014668
1;0.001414;0.015721
1;0.001465;0.016043
1;0.001412;0.015990
1;0.001449;0.016692
1;0.001443;0.016280
1;0.001684;0.015561
1;0.001448;0.015643
