nThread;timeInit;timeCount
1;0.002335;0.021752
1;0.002316;0.019807
1;0.002363;0.021287
1;0.002055;0.019859
1;0.001883;0.018996
1;0.001994;0.019604
1;0.001997;0.019891
1;0.001938;0.019917
1;0.001819;0.017542
1;0.001850;0.019523
1;0.001947;0.020185
1;0.002020;0.019299
1;0.001958;0.018287
1;0.001738;0.025545
1;0.001940;0.019437
1;0.002281;0.020208
1;0.001941;0.017736
1;0.001818;0.018514
1;0.001914;0.018220
1;0.001846;0.018289
