nThread;timeInit;timeCount
2;0.083726;0.031036
2;0.088632;0.031176
2;0.082047;0.028557
2;0.074820;0.036324
2;0.077544;0.028622
2;0.082690;0.031072
2;0.077600;0.029248
2;0.073483;0.029624
2;0.102150;0.032372
2;0.088871;0.028803
2;0.075934;0.028833
2;0.078549;0.030344
2;0.078329;0.028552
2;0.078744;0.029167
2;0.091088;0.029429
2;0.078680;0.029666
2;0.073328;0.027980
2;0.077002;0.029671
2;0.074962;0.029336
2;0.076581;0.030131
