nThread;timeInit;timeCount
1;0.138586;0.047808
1;0.136212;0.044318
1;0.134651;0.041921
1;0.135933;0.041147
1;0.158436;0.042514
1;0.132130;0.041479
1;0.137659;0.041791
1;0.134331;0.041532
1;0.136299;0.042542
1;0.135473;0.041345
1;0.135533;0.042260
1;0.136600;0.042770
1;0.143256;0.043691
1;0.158454;0.043388
1;0.172896;0.051896
1;0.146981;0.044880
1;0.144932;0.042305
1;0.148456;0.042440
1;0.142691;0.044945
1;0.142808;0.043408
