nThread;timeInit;timeCount
8;0.050103;0.031681
8;0.040267;0.027815
8;0.041915;0.027687
8;0.051311;0.063384
8;0.056699;0.054738
8;0.049266;0.040793
8;0.045167;0.042475
8;0.046622;0.047029
8;0.045612;0.035679
8;0.041847;0.026989
8;0.042058;0.031724
8;0.043220;0.027949
8;0.042743;0.028675
8;0.054082;0.033034
8;0.043361;0.026245
8;0.042456;0.030572
8;0.042562;0.028394
8;0.043307;0.029413
8;0.044130;0.029190
8;0.041311;0.028360
