nThread;timeInit;timeCount
16;0.477698;0.938738
16;0.538289;0.765232
16;0.507672;0.725590
16;0.386678;0.746212
16;0.896610;0.645297
16;0.417682;0.595411
16;0.486632;0.985571
16;0.477818;0.625482
16;0.388139;0.375493
16;0.697020;0.655296
16;0.139164;0.256282
16;0.757954;1.005630
16;0.486880;0.865434
16;0.487160;0.645447
16;0.907079;0.693761
16;0.508964;0.735573
16;0.577730;0.695945
16;0.256950;0.616072
16;0.537564;0.595551
16;0.098056;0.254984
