nThread;timeInit;timeCount
4;0.001410;0.000392
4;0.001456;0.000329
4;0.001371;0.000294
4;0.001633;0.000272
4;0.001168;0.000287
4;0.001682;0.000305
4;0.001198;0.000251
4;0.001157;0.000293
4;0.001014;0.000292
4;0.001323;0.000339
4;0.000668;0.000269
4;0.001789;0.000265
4;0.001541;0.000281
4;0.001225;0.000386
4;0.001638;0.000278
4;0.001063;0.000417
4;0.000676;0.000249
4;0.001740;0.000258
4;0.001096;0.000320
4;0.000695;0.000277
