nThread;timeInit;timeCount
8;0.006072;0.016383
8;0.008965;0.009991
8;0.002439;0.012531
8;0.006296;0.009293
8;0.002168;0.008184
8;0.006151;0.011678
8;0.000592;0.000498
8;0.001545;0.000481
8;0.000658;0.000468
8;0.002372;0.000446
8;0.000568;0.006824
8;0.000689;0.023792
8;0.003281;0.009191
8;0.003890;0.014264
8;0.003911;0.008577
8;0.006847;0.011239
8;0.003280;0.000499
8;0.009049;0.004918
8;0.002025;0.015909
8;0.000619;0.010183
