nThread;timeInit;timeCount
1;0.001403;0.000470
1;0.001481;0.000523
1;0.001156;0.000357
1;0.001117;0.000283
1;0.001259;0.000366
1;0.001430;0.000456
1;0.001141;0.000382
1;0.001116;0.000332
1;0.001222;0.000310
1;0.001548;0.000561
1;0.001123;0.000369
1;0.001134;0.000324
1;0.001372;0.000427
1;0.001314;0.000532
1;0.001122;0.000293
1;0.001123;0.000298
1;0.001696;0.000389
1;0.001345;0.000453
1;0.001142;0.000343
1;0.001091;0.000334
