nThread;timeInit;timeCount
16;0.028472;0.230032
16;0.027791;0.293919
16;0.018221;0.209996
16;0.027078;0.289962
16;0.019701;0.166681
16;0.001004;0.176823
16;0.010167;0.267461
16;0.028953;0.187730
16;0.036985;0.279921
16;0.000940;0.248499
16;0.029456;0.197238
16;0.027990;0.268593
16;0.037807;0.210096
16;0.027114;0.249849
16;0.026540;0.269935
16;0.000995;0.246560
16;0.000987;0.257437
16;0.037403;0.310089
16;0.000960;0.166976
16;0.028807;0.179614
