nThread;timeInit;timeCount
1;0.001690;0.000297
1;0.001856;0.000259
1;0.001800;0.000371
1;0.001991;0.000474
1;0.001503;0.000220
1;0.001626;0.000279
1;0.001830;0.000257
1;0.001735;0.000374
1;0.001872;0.000372
1;0.001385;0.000327
1;0.001405;0.000289
1;0.001681;0.000405
1;0.002386;0.000369
1;0.001934;0.000458
1;0.001856;0.000477
1;0.001737;0.000329
1;0.001826;0.000292
1;0.002137;0.000448
1;0.002200;0.000267
1;0.002966;0.000442
