nThread;timeInit;timeCount
2;0.001758;0.000531
2;0.001430;0.000364
2;0.000877;0.000365
2;0.000990;0.000348
2;0.001614;0.000348
2;0.001005;0.000407
2;0.001054;0.000319
2;0.001762;0.000464
2;0.001083;0.000371
2;0.001046;0.000336
2;0.000956;0.000368
2;0.001392;0.000336
2;0.001385;0.000328
2;0.001507;0.000462
2;0.001327;0.000377
2;0.001600;0.000359
2;0.001081;0.000433
2;0.001042;0.000352
2;0.000947;0.000324
2;0.000978;0.000353
