nThread;timeInit;timeCount
1;0.001509;0.000667
1;0.001770;0.000465
1;0.001764;0.000452
1;0.001696;0.000458
1;0.002060;0.000557
1;0.001281;0.000345
1;0.001282;0.000344
1;0.001395;0.000356
1;0.001256;0.000335
1;0.001245;0.000346
1;0.001317;0.000364
1;0.001374;0.000360
1;0.001288;0.000313
1;0.001311;0.000348
1;0.001258;0.000348
1;0.001196;0.000350
1;0.001227;0.000372
1;0.001477;0.000370
1;0.001211;0.000315
1;0.001203;0.000326
