nThread;timeInit;timeCount
1;0.002315;0.009841
1;0.001686;0.008964
1;0.001845;0.008207
1;0.001759;0.009964
1;0.001769;0.010390
1;0.001891;0.009082
1;0.001925;0.010247
1;0.001703;0.009353
1;0.002070;0.008983
1;0.001830;0.010901
1;0.001747;0.010902
1;0.001616;0.008828
1;0.001937;0.009434
1;0.001612;0.008483
1;0.002325;0.008605
1;0.001754;0.010574
1;0.001623;0.008795
1;0.001787;0.009455
1;0.001659;0.008822
1;0.001908;0.008976
