nThread;timeInit;timeCount
1;0.001845;0.012176
1;0.001848;0.010136
1;0.002029;0.009681
1;0.001809;0.009603
1;0.001769;0.009307
1;0.002186;0.009802
1;0.002123;0.009742
1;0.002088;0.010166
1;0.001812;0.009840
1;0.002272;0.012798
1;0.001756;0.010135
1;0.002010;0.009374
1;0.001816;0.009705
1;0.001923;0.010648
1;0.001791;0.009446
1;0.002134;0.009354
1;0.001824;0.009637
1;0.001896;0.010828
1;0.001733;0.011897
1;0.002091;0.011451
