nThread;timeInit;timeCount
8;0.002326;0.056992
8;0.000598;0.050961
8;0.003025;0.045238
8;0.005905;0.049554
8;0.000685;0.043900
8;0.000614;0.058520
8;0.002426;0.044383
8;0.002768;0.047473
8;0.005982;0.050211
8;0.000629;0.053285
8;0.011115;0.076852
8;0.000571;0.039788
8;0.008118;0.044105
8;0.000634;0.044278
8;0.000642;0.047013
8;0.003967;0.040886
8;0.005210;0.051865
8;0.004020;0.049356
8;0.003364;0.041975
8;0.004380;0.046443
