nThread;timeInit;timeCount
2;0.001122;0.020498
2;0.001086;0.012778
2;0.001457;0.013210
2;0.001108;0.013159
2;0.001611;0.014940
2;0.001123;0.015546
2;0.001089;0.012398
2;0.001144;0.012482
2;0.001287;0.011847
2;0.001120;0.012589
2;0.001108;0.012405
2;0.001625;0.013134
2;0.001735;0.012404
2;0.001117;0.012414
2;0.001129;0.013127
2;0.001096;0.015194
2;0.001192;0.013015
2;0.001122;0.012091
2;0.001121;0.012133
2;0.001124;0.012796
