nThread;timeInit;timeCount
4;0.001107;0.025232
4;0.001041;0.022211
4;0.001169;0.020585
4;0.001040;0.021767
4;0.001877;0.023027
4;0.001245;0.020305
4;0.001412;0.022389
4;0.001167;0.022861
4;0.001063;0.022031
4;0.001282;0.020286
4;0.001019;0.020053
4;0.001040;0.023350
4;0.001652;0.019684
4;0.001344;0.020229
4;0.000812;0.020735
4;0.001124;0.022121
4;0.001064;0.023655
4;0.001351;0.022504
4;0.001089;0.020221
4;0.001142;0.022420
