nThread;timeInit;timeCount
16;0.028062;0.663705
16;0.000981;0.752666
16;0.011282;0.632290
16;0.037519;0.605187
16;0.035888;0.435662
16;0.027320;0.704991
16;0.000991;0.961524
16;0.028862;0.963898
16;0.001018;0.712936
16;0.028002;0.924932
16;0.066478;0.491420
16;0.035985;0.607495
16;0.027207;0.584678
16;0.037700;0.795793
16;0.029088;0.719916
16;0.037176;1.324735
16;0.001007;0.762717
16;0.000981;0.400493
16;0.042421;0.947479
16;0.008816;0.553177
