nThread;timeInit;timeCount
1;0.015632;0.007059
1;0.014730;0.006029
1;0.013239;0.005868
1;0.012720;0.005717
1;0.012616;0.006068
1;0.015146;0.005958
1;0.013708;0.005657
1;0.013393;0.006020
1;0.014548;0.006030
1;0.013347;0.005968
1;0.013039;0.005836
1;0.013141;0.005767
1;0.013606;0.005645
1;0.013955;0.006116
1;0.013182;0.005771
1;0.012656;0.005742
1;0.012631;0.005868
1;0.014509;0.006119
1;0.013271;0.005755
1;0.012681;0.005904
