nThread;timeInit;timeCount
16;0.038103;0.361527
16;0.038033;0.441921
16;0.097062;0.251973
16;0.040832;0.318234
16;0.038195;0.371731
16;0.057347;0.321641
16;0.066751;0.431926
16;0.021785;0.297354
16;0.078072;0.381787
16;0.037718;0.281457
16;0.067560;0.401285
16;0.031290;0.228351
16;0.021113;0.187316
16;0.077911;0.301338
16;0.028201;0.421755
16;0.067345;0.331598
16;0.066898;0.333478
16;0.077092;0.371950
16;0.077453;0.341654
16;0.030427;0.278584
