nThread;timeInit;timeCount
1;0.000234;0.000963
1;0.000135;0.000634
1;0.000165;0.000638
1;0.000147;0.000618
1;0.000132;0.000650
1;0.000129;0.000611
1;0.000129;0.000637
1;0.000147;0.000712
1;0.000145;0.000662
1;0.000133;0.000663
1;0.000148;0.000698
1;0.000148;0.000695
1;0.000166;0.000718
1;0.000140;0.000638
1;0.000144;0.000699
1;0.000176;0.000671
1;0.000283;0.000669
1;0.000169;0.000807
1;0.000249;0.001026
1;0.000182;0.000823
