nThread;timeInit;timeCount
2;0.000191;0.001233
2;0.000896;0.001148
2;0.000089;0.001085
2;0.000103;0.000993
2;0.000102;0.001081
2;0.000128;0.001030
2;0.000147;0.001241
2;0.000102;0.000960
2;0.000653;0.000995
2;0.000580;0.000992
2;0.000090;0.001055
2;0.000552;0.001278
2;0.000087;0.001012
2;0.000167;0.001001
2;0.000573;0.001012
2;0.000098;0.001023
2;0.000652;0.001024
2;0.000762;0.001330
2;0.000675;0.001083
2;0.000616;0.001036
