nThread;timeInit;timeCount
1;0.000703;0.000257
1;0.000375;0.000352
1;0.000210;0.000191
1;0.000201;0.000189
1;0.000211;0.000191
1;0.000344;0.000203
1;0.000209;0.000193
1;0.000206;0.000190
1;0.000224;0.000193
1;0.000203;0.000192
1;0.000204;0.000188
1;0.000209;0.000194
1;0.000206;0.000199
1;0.000204;0.000191
1;0.000295;0.000302
1;0.000211;0.000190
1;0.000217;0.000190
1;0.000205;0.000192
1;0.000216;0.000190
1;0.000213;0.000188
