nThread;timeInit;timeCount
2;0.000252;0.000317
2;0.000173;0.000271
2;0.000334;0.000275
2;0.000487;0.001082
2;0.000201;0.000266
2;0.000174;0.000272
2;0.000310;0.000369
2;0.000265;0.000366
2;0.000434;0.000346
2;0.000172;0.000402
2;0.000170;0.000313
2;0.000238;0.000281
2;0.000187;0.000263
2;0.000252;0.000362
2;0.000267;0.000424
2;0.000171;0.000268
2;0.000175;0.000336
2;0.000189;0.000270
2;0.000490;0.000257
2;0.000691;0.000340
