nThread;timeInit;timeCount
4;0.000513;0.000388
4;0.008191;0.013541
4;0.000180;0.000399
4;0.000203;0.001920
4;0.000180;0.000423
4;0.000185;0.000404
4;0.000451;0.000399
4;0.013865;0.008545
4;0.142314;0.194538
4;0.000418;0.000593
4;0.000207;0.000387
4;0.000844;0.000398
4;0.000206;0.000384
4;0.000384;0.000372
4;0.000363;0.000388
4;0.003472;0.000406
4;0.000420;0.008398
4;0.000686;0.000406
4;0.001373;0.000416
4;0.000183;0.000389
