nThread;timeInit;timeCount
8;0.040597;0.124530
8;0.025204;0.136977
8;0.018771;0.129395
8;0.021075;0.108757
8;0.000167;0.124204
8;0.000177;0.160943
8;0.000172;0.167022
8;0.000183;0.118529
8;0.031794;0.132880
8;0.040376;0.150833
8;0.024750;0.141634
8;0.016041;0.135860
8;0.000170;0.123850
8;0.048625;0.103755
8;0.000173;0.150211
8;0.018425;0.128827
8;0.005218;0.179470
8;0.000179;0.083044
8;0.034550;0.125670
8;0.031449;0.089102
