nThread;timeInit;timeCount
1;0.017815;0.019069
1;0.012650;0.017697
1;0.014084;0.015300
1;0.013941;0.015348
1;0.012806;0.014685
1;0.013257;0.015113
1;0.012742;0.014617
1;0.012920;0.014921
1;0.013254;0.014870
1;0.013078;0.014634
1;0.012385;0.014263
1;0.015680;0.015262
1;0.014326;0.015722
1;0.014718;0.016907
1;0.013479;0.015689
1;0.012619;0.014384
1;0.012345;0.015184
1;0.012668;0.014862
1;0.012730;0.014457
1;0.012659;0.014920
