nThread;timeInit;timeCount
2;0.013843;0.014499
2;0.008287;0.012581
2;0.010083;0.015234
2;0.008519;0.012969
2;0.009751;0.013957
2;0.008711;0.012854
2;0.012051;0.012465
2;0.008196;0.012993
2;0.008334;0.012842
2;0.008746;0.012797
2;0.008646;0.014133
2;0.009877;0.012858
2;0.008783;0.012394
2;0.009509;0.013052
2;0.008751;0.013089
2;0.009067;0.012614
2;0.009529;0.013421
2;0.008613;0.012375
2;0.008371;0.015281
2;0.008299;0.012757
