nThread;timeInit;timeCount
1;0.013784;0.012949
1;0.013147;0.010847
1;0.012509;0.012452
1;0.010983;0.011126
1;0.013662;0.010681
1;0.014217;0.011415
1;0.011085;0.011115
1;0.013313;0.012098
1;0.015214;0.010583
1;0.011141;0.011117
1;0.013912;0.012637
1;0.013717;0.012257
1;0.012228;0.012132
1;0.014670;0.010411
1;0.013093;0.014528
1;0.015518;0.011603
1;0.011273;0.010890
1;0.013402;0.011705
1;0.014648;0.011082
1;0.012197;0.011566
