nThread;timeInit;timeCount
16;0.037423;0.355358
16;0.019184;0.261477
16;0.077518;0.295393
16;0.067316;0.405438
16;0.067097;0.225866
16;0.021655;0.281074
16;0.067157;0.455975
16;0.076435;0.416127
16;0.034916;0.448396
16;0.031061;0.293126
16;0.087984;0.216201
16;0.066854;0.435732
16;0.057837;0.296000
16;0.028126;0.375395
16;0.057141;0.365685
16;0.067422;0.365571
16;0.077426;0.385440
16;0.020823;0.302197
16;0.086576;0.456257
16;0.061447;0.455883
