nThread;timeInit;timeCount
4;0.000462;0.000141
4;0.001151;0.000140
4;0.000463;0.000168
4;0.000471;0.000169
4;0.000097;0.000174
4;0.000109;0.000151
4;0.000103;0.000174
4;0.000467;0.000185
4;0.000093;0.000150
4;0.000536;0.000164
4;0.000793;0.000162
4;0.000564;0.000194
4;0.000336;0.000141
4;0.000103;0.000214
4;0.000101;0.000221
4;0.000606;0.000149
4;0.000157;0.000176
4;0.000226;0.000164
4;0.000442;0.000149
4;0.000108;0.000199
