nThread;timeInit;timeCount
1;0.000181;0.000132
1;0.000207;0.000155
1;0.000283;0.000131
1;0.000185;0.000155
1;0.000206;0.000126
1;0.000227;0.000133
1;0.000251;0.000163
1;0.000210;0.000139
1;0.000176;0.000121
1;0.000195;0.000177
1;0.000261;0.000134
1;0.000286;0.000158
1;0.000171;0.000118
1;0.000187;0.000117
1;0.000260;0.000141
1;0.000192;0.000149
1;0.000185;0.000125
1;0.000266;0.000192
1;0.000185;0.000126
1;0.000172;0.000137
