nThread;timeInit;timeCount
1;0.001018;0.000622
1;0.000137;0.000129
1;0.000139;0.000136
1;0.000139;0.000135
1;0.000132;0.000125
1;0.000181;0.000156
1;0.000215;0.000156
1;0.000130;0.000213
1;0.000129;0.000129
1;0.000140;0.000128
1;0.000138;0.000144
1;0.000139;0.000138
1;0.000169;0.000196
1;0.000177;0.000168
1;0.000133;0.000128
1;0.000136;0.000130
1;0.000185;0.000127
1;0.000138;0.000129
1;0.000156;0.000136
1;0.000152;0.000164
