nThread;timeInit;timeCount
2;0.010482;0.007643
2;0.007922;0.005686
2;0.008453;0.005687
2;0.009799;0.005572
2;0.008226;0.005367
2;0.009441;0.005339
2;0.008094;0.005332
2;0.009244;0.007950
2;0.010057;0.006306
2;0.008428;0.005514
2;0.008274;0.005457
2;0.008064;0.005436
2;0.007913;0.005330
2;0.008071;0.007549
2;0.008332;0.005760
2;0.012183;0.006765
2;0.008532;0.005463
2;0.010760;0.005369
2;0.008060;0.007074
2;0.008086;0.005377
