nThread;timeInit;timeCount
4;0.009331;0.006879
4;0.007590;0.007622
4;0.006397;0.006851
4;0.007840;0.007174
4;0.008075;0.007652
4;0.007439;0.007332
4;0.011535;0.007234
4;0.009858;0.008150
4;0.010067;0.008729
4;0.007709;0.007168
4;0.007192;0.007065
4;0.006925;0.006758
4;0.007941;0.007001
4;0.007928;0.007269
4;0.008017;0.006886
4;0.007515;0.007620
4;0.007902;0.007104
4;0.006516;0.007326
4;0.008185;0.006892
4;0.007603;0.007042
