nThread;timeInit;timeCount
16;0.019267;0.376993
16;0.076605;0.351470
16;0.037357;0.291040
16;0.038182;0.350920
16;0.087414;0.361198
16;0.077364;0.341048
16;0.046332;0.411512
16;0.068957;0.309343
16;0.056878;0.400954
16;0.057642;0.360618
16;0.066911;0.381220
16;0.076893;0.311452
16;0.066694;0.321557
16;0.021312;0.326990
16;0.076792;0.531341
16;0.066865;0.411499
16;0.037381;0.381078
16;0.030495;0.347746
16;0.031259;0.317548
16;0.028140;0.334262
