nThread;timeInit;timeCount
8;0.003119;0.052284
8;0.005265;0.038953
8;0.000559;0.044571
8;0.000536;0.036294
8;0.003129;0.037490
8;0.003059;0.043326
8;0.001022;0.038769
8;0.004219;0.038309
8;0.000539;0.036554
8;0.004417;0.039154
8;0.004268;0.045928
8;0.002706;0.042847
8;0.004189;0.046389
8;0.000644;0.056290
8;0.001383;0.046353
8;0.000718;0.042553
8;0.005707;0.051471
8;0.003877;0.042519
8;0.003418;0.045620
8;0.002158;0.041601
