nThread;timeInit;timeCount
2;0.001950;0.018765
2;0.001886;0.011965
2;0.001775;0.011995
2;0.001413;0.011502
2;0.001863;0.016115
2;0.002064;0.012645
2;0.001649;0.012261
2;0.001135;0.012281
2;0.001091;0.011298
2;0.001719;0.012192
2;0.001227;0.012797
2;0.001085;0.011138
2;0.001090;0.011671
2;0.001095;0.013946
2;0.001467;0.012852
2;0.001268;0.013739
2;0.001448;0.013516
2;0.001810;0.016430
2;0.002293;0.016067
2;0.001143;0.011394
