nThread;timeInit;timeCount
1;0.001672;0.008790
1;0.001677;0.008772
1;0.001811;0.008247
1;0.001606;0.008840
1;0.001590;0.007731
1;0.001646;0.009485
1;0.001585;0.009291
1;0.001815;0.007543
1;0.001782;0.008126
1;0.001618;0.009242
1;0.001774;0.008451
1;0.001932;0.007722
1;0.001762;0.009965
1;0.001594;0.007956
1;0.001744;0.008236
1;0.001635;0.008786
1;0.001801;0.009030
1;0.001542;0.009152
1;0.001840;0.008065
1;0.001617;0.009059
