nThread;timeInit;timeCount
16;0.019014;0.760560
16;0.038642;0.512385
16;0.026417;0.943046
16;0.001088;0.388809
16;0.028677;0.674183
16;0.028006;0.692212
16;0.010286;0.800060
16;0.027601;0.652180
16;0.035554;0.562431
16;0.019696;1.124127
16;0.000922;0.735894
16;0.037516;0.402780
16;0.037078;0.732464
16;0.036907;0.632667
16;0.011071;0.640071
16;0.020639;0.460411
16;0.046600;0.772503
16;0.036366;0.622794
16;0.000969;0.709446
16;0.036523;0.658913
