nThread;timeInit;timeCount
4;0.001129;0.024625
4;0.001052;0.020834
4;0.001155;0.019892
4;0.001567;0.020993
4;0.001744;0.019361
4;0.001849;0.020323
4;0.001348;0.018794
4;0.000823;0.019621
4;0.001090;0.019779
4;0.001273;0.018742
4;0.000709;0.023124
4;0.001165;0.018908
4;0.001172;0.020384
4;0.001099;0.019090
4;0.001112;0.019962
4;0.000757;0.020394
4;0.001393;0.020311
4;0.001154;0.018973
4;0.001692;0.023433
4;0.001384;0.020353
