nThread;timeInit;timeCount
1;0.001619;0.009991
1;0.001756;0.008270
1;0.001599;0.010844
1;0.001639;0.008743
1;0.002666;0.009298
1;0.001596;0.010842
1;0.001567;0.008498
1;0.001855;0.010081
1;0.001738;0.010203
1;0.001693;0.008646
1;0.002052;0.009951
1;0.001578;0.008829
1;0.001925;0.008841
1;0.001593;0.011156
1;0.001617;0.009694
1;0.001853;0.009347
1;0.001591;0.010115
1;0.001602;0.008242
1;0.001734;0.010462
1;0.001590;0.008732
