nThread;timeInit;timeCount
16;0.040255;0.287320
16;0.038006;0.264244
16;0.067178;0.310124
16;0.048639;0.250826
16;0.066387;0.290612
16;0.038408;0.210344
16;0.021530;0.256118
16;0.055343;0.210571
16;0.074798;0.270751
16;0.077388;0.250241
16;0.086873;0.210726
16;0.077327;0.281000
16;0.038052;0.200578
16;0.022359;0.195446
16;0.020782;0.138479
16;0.076957;0.320550
16;0.076899;0.250709
16;0.016870;0.330463
16;0.028784;0.339981
16;0.067410;0.310005
