nThread;timeInit;timeCount
1;0.012140;0.002156
1;0.012306;0.002700
1;0.012194;0.001752
1;0.011795;0.001752
1;0.012144;0.002033
1;0.011231;0.001702
1;0.012312;0.002674
1;0.012762;0.001779
1;0.011692;0.001724
1;0.012515;0.002523
1;0.012037;0.001732
1;0.011892;0.001934
1;0.011814;0.001749
1;0.011294;0.001804
1;0.011825;0.002291
1;0.013177;0.001706
1;0.011451;0.001816
1;0.012134;0.002103
1;0.012242;0.001724
1;0.011537;0.001970
