nThread;timeInit;timeCount
2;0.009673;0.004177
2;0.011134;0.003393
2;0.008914;0.003803
2;0.008599;0.003192
2;0.012722;0.004486
2;0.008739;0.003278
2;0.008330;0.003267
2;0.008481;0.003290
2;0.009585;0.004354
2;0.009423;0.003232
2;0.008394;0.003643
2;0.008905;0.003214
2;0.008435;0.003157
2;0.009468;0.003284
2;0.008847;0.003357
2;0.008409;0.003144
2;0.009517;0.003154
2;0.008418;0.003318
2;0.009191;0.003254
2;0.009310;0.003141
