nThread;timeInit;timeCount
8;0.053749;0.032045
8;0.012113;0.041319
8;0.042272;0.022788
8;0.038545;0.025651
8;0.048078;0.039253
8;0.034612;0.031004
8;0.044157;0.148522
8;0.045804;0.037335
8;0.027821;0.040518
8;0.035178;0.037039
8;0.038773;0.027349
8;0.041011;0.051623
8;0.015435;0.039150
8;0.026289;0.035450
8;0.020837;0.033106
8;0.035159;0.040775
8;0.041931;0.045645
8;0.019522;0.027626
8;0.025258;0.019367
8;0.033751;0.029809
