nThread;timeInit;timeCount
2;0.011348;0.004620
2;0.009842;0.004317
2;0.011047;0.004628
2;0.009407;0.004470
2;0.009843;0.004816
2;0.009303;0.004565
2;0.010753;0.004470
2;0.009763;0.004596
2;0.010987;0.004619
2;0.009978;0.005171
2;0.009530;0.006183
2;0.010121;0.004581
2;0.009809;0.004610
2;0.012361;0.004760
2;0.014149;0.004642
2;0.012541;0.006887
2;0.014329;0.006498
2;0.010027;0.004354
2;0.011664;0.005583
2;0.010068;0.004908
