nThread;timeInit;timeCount
1;0.056006;0.052568
1;0.055194;0.052993
1;0.058140;0.049400
1;0.055822;0.048578
1;0.060794;0.048496
1;0.056040;0.051632
1;0.061531;0.047405
1;0.061774;0.049156
1;0.061229;0.049744
1;0.067105;0.053194
1;0.056898;0.049072
1;0.060898;0.050215
1;0.056961;0.051020
1;0.060379;0.050320
1;0.059668;0.048095
1;0.058321;0.049302
1;0.061112;0.051130
1;0.059419;0.053231
1;0.058054;0.046051
1;0.059582;0.047356
