nThread;timeInit;timeCount
1;0.018930;0.006749
1;0.013952;0.004592
1;0.015650;0.004806
1;0.015439;0.004728
1;0.015676;0.005061
1;0.013649;0.004393
1;0.013637;0.004696
1;0.016359;0.004646
1;0.015514;0.004739
1;0.014602;0.004710
1;0.014437;0.004657
1;0.013709;0.004572
1;0.013646;0.004788
1;0.015536;0.004740
1;0.014400;0.004578
1;0.013988;0.005279
1;0.013765;0.004675
1;0.013489;0.004585
1;0.016928;0.004654
1;0.014426;0.004511
