nThread;timeInit;timeCount
4;0.009600;0.004454
4;0.009747;0.005219
4;0.009131;0.004318
4;0.009714;0.005229
4;0.012253;0.005425
4;0.011730;0.006189
4;0.010080;0.005098
4;0.009773;0.004651
4;0.009249;0.004742
4;0.010008;0.005292
4;0.008835;0.005468
4;0.009161;0.004265
4;0.008751;0.004527
4;0.009629;0.004575
4;0.008814;0.004977
4;0.009901;0.004890
4;0.009869;0.004922
4;0.009919;0.004538
4;0.008670;0.004325
4;0.009467;0.004392
