nThread;timeInit;timeCount
16;0.887859;0.909991
16;0.657909;0.853535
16;0.757181;0.879986
16;0.664629;0.579464
16;0.796942;0.719601
16;0.926568;0.893731
16;0.653897;0.910005
16;0.637913;0.679999
16;0.787930;0.729980
16;0.605583;0.799956
16;0.807242;0.889999
16;0.617761;0.879755
16;0.546203;0.829988
16;0.756181;0.910078
16;0.535261;0.660957
16;0.503285;0.674289
16;0.835772;0.993694
16;0.777952;0.939973
16;0.508061;0.713214
16;0.816803;0.979759
