nThread;timeInit;timeCount
2;0.083309;0.042820
2;0.074509;0.044481
2;0.072806;0.052198
2;0.072455;0.037892
2;0.075375;0.038306
2;0.079062;0.040169
2;0.071171;0.036810
2;0.073756;0.037844
2;0.074957;0.037449
2;0.071841;0.037725
2;0.079479;0.045541
2;0.099242;0.037933
2;0.074236;0.038183
2;0.087875;0.045521
2;0.071153;0.039046
2;0.072303;0.045275
2;0.078862;0.038188
2;0.075354;0.038251
2;0.073462;0.037251
2;0.074191;0.044974
