nThread;timeInit;timeCount
1;0.132706;0.032893
1;0.133996;0.033383
1;0.137057;0.032631
1;0.129953;0.033253
1;0.131304;0.032732
1;0.135046;0.033200
1;0.131910;0.033523
1;0.130503;0.032968
1;0.132283;0.032791
1;0.131356;0.032968
1;0.130930;0.031215
1;0.127299;0.042907
1;0.148411;0.037092
1;0.146021;0.037074
1;0.147915;0.035511
1;0.141041;0.033825
1;0.142073;0.033892
1;0.140288;0.034708
1;0.137157;0.033090
1;0.130734;0.032473
