nThread;timeInit;timeCount
1;0.117480;0.050824
1;0.117910;0.052424
1;0.117431;0.051838
1;0.117899;0.051754
1;0.117940;0.051407
1;0.128232;0.050424
1;0.118276;0.051950
1;0.118451;0.051610
1;0.122108;0.056016
1;0.118781;0.053428
1;0.112647;0.050588
1;0.119368;0.050876
1;0.118222;0.052161
1;0.114659;0.050362
1;0.116062;0.052051
1;0.117485;0.051603
1;0.134549;0.050123
1;0.114740;0.051760
1;0.115544;0.049164
1;0.114887;0.049871
