nThread;timeInit;timeCount
16;0.188231;0.616717
16;0.418367;0.864704
16;0.567167;0.696547
16;0.457028;0.736899
16;0.109012;0.692586
16;0.407164;0.726343
16;0.457495;0.866392
16;0.217194;0.835935
16;0.508803;0.485853
16;0.726097;1.216771
16;0.587021;0.816347
16;0.837352;1.052020
16;0.087432;0.295350
16;0.486477;0.716092
16;0.488338;0.694631
16;0.496563;0.936230
16;0.436979;0.695624
16;0.647040;1.006352
16;0.407904;0.636036
16;0.417451;0.686013
