nThread;timeInit;timeCount
8;0.039452;0.035369
8;0.039656;0.036780
8;0.064052;0.077518
8;0.062368;0.058498
8;0.039427;0.034113
8;0.040409;0.033922
8;0.040127;0.033722
8;0.040519;0.035885
8;0.039652;0.035508
8;0.040313;0.031361
8;0.044223;0.034456
8;0.039482;0.034058
8;0.045975;0.033962
8;0.039750;0.034687
8;0.039758;0.033836
8;0.048354;0.044280
8;0.039726;0.036068
8;0.039612;0.035155
8;0.040436;0.033364
8;0.041405;0.034034
