nThread;timeInit;timeCount
4;0.058679;0.044133
4;0.071355;0.041933
4;0.053452;0.042789
4;0.071486;0.050030
4;0.057862;0.037879
4;0.060521;0.040755
4;0.064365;0.044519
4;0.055138;0.042641
4;0.058746;0.040477
4;0.057033;0.037763
4;0.060329;0.039063
4;0.065143;0.044233
4;0.063974;0.039780
4;0.059401;0.044303
4;0.054417;0.041057
4;0.060643;0.038100
4;0.074908;0.044802
4;0.064719;0.043359
4;0.074589;0.042764
4;0.060965;0.041686
