nThread;timeInit;timeCount
4;0.007103;0.003470
4;0.007425;0.004278
4;0.007313;0.004264
4;0.007165;0.003941
4;0.006157;0.003851
4;0.006697;0.003856
4;0.007960;0.004161
4;0.011331;0.006268
4;0.011608;0.004881
4;0.010184;0.005650
4;0.010444;0.004074
4;0.008400;0.004156
4;0.007457;0.004469
4;0.010330;0.003857
4;0.009603;0.004432
4;0.008876;0.004445
4;0.010856;0.003355
4;0.007453;0.003896
4;0.006854;0.004412
4;0.006594;0.004201
