nThread;timeInit;timeCount
1;0.014352;0.002350
1;0.014114;0.001761
1;0.015563;0.001722
1;0.014852;0.001798
1;0.015800;0.001865
1;0.018837;0.001797
1;0.017302;0.002047
1;0.017043;0.002820
1;0.015788;0.002233
1;0.015423;0.002839
1;0.015331;0.002511
1;0.015537;0.003037
1;0.015305;0.002340
1;0.014960;0.002214
1;0.016304;0.002284
1;0.016385;0.002211
1;0.015431;0.002364
1;0.017139;0.002312
1;0.015892;0.001910
1;0.018927;0.003264
