nThread;timeInit;timeCount
16;0.067122;0.360276
16;0.086274;0.240393
16;0.076504;0.250313
16;0.057272;0.264841
16;0.038288;0.319540
16;0.077390;0.222472
16;0.066959;0.279856
16;0.077227;0.280185
16;0.076360;0.270262
16;0.038779;0.240336
16;0.067218;0.240080
16;0.077384;0.289867
16;0.068248;0.280849
16;0.022592;0.195234
16;0.068125;0.210240
16;0.067512;0.199922
16;0.038507;0.249665
16;0.028919;0.289764
16;0.076896;0.320000
16;0.066835;0.260500
