nThread;timeInit;timeCount
8;0.012633;0.010115
8;0.010238;0.009290
8;0.006904;0.016677
8;0.007106;0.011039
8;0.009911;0.011794
8;0.007813;0.014350
8;0.006505;0.011958
8;0.007861;0.008590
8;0.005746;0.017715
8;0.013453;0.029211
8;0.010319;0.010279
8;0.008340;0.010975
8;0.023940;0.051480
8;0.014113;0.017375
8;0.006795;0.012944
8;0.009680;0.007923
8;0.007614;0.012798
8;0.006274;0.014047
8;0.007382;0.009481
8;0.011364;0.017094
