nThread;timeInit;timeCount
2;0.012211;0.004844
2;0.008296;0.005049
2;0.008800;0.004040
2;0.008456;0.003540
2;0.007885;0.003361
2;0.007937;0.003426
2;0.008042;0.004014
2;0.007763;0.003339
2;0.008113;0.004139
2;0.008468;0.003621
2;0.007920;0.003468
2;0.008365;0.003368
2;0.009149;0.004865
2;0.007643;0.003687
2;0.007797;0.003433
2;0.007798;0.003382
2;0.007504;0.003437
2;0.012179;0.004274
2;0.007601;0.003465
2;0.010859;0.004505
