nThread;timeInit;timeCount
1;0.015210;0.005147
1;0.013796;0.003932
1;0.012737;0.003791
1;0.012972;0.003906
1;0.012831;0.003829
1;0.012815;0.005028
1;0.012773;0.003996
1;0.013408;0.004174
1;0.016181;0.004043
1;0.013201;0.004101
1;0.013336;0.003866
1;0.013276;0.004118
1;0.013207;0.004217
1;0.012808;0.004077
1;0.013103;0.004185
1;0.013654;0.003953
1;0.013550;0.003943
1;0.013226;0.003843
1;0.017324;0.004232
1;0.013959;0.004120
