nThread;timeInit;timeCount
4;0.007478;0.036863
4;0.007513;0.034316
4;0.007103;0.035621
4;0.008841;0.032412
4;0.008562;0.033260
4;0.008263;0.035093
4;0.007127;0.033468
4;0.006934;0.036580
4;0.006384;0.037657
4;0.008369;0.033820
4;0.007956;0.035250
4;0.009046;0.034896
4;0.006262;0.034431
4;0.007369;0.034801
4;0.008291;0.033363
4;0.007352;0.035687
4;0.007414;0.032857
4;0.008624;0.034885
4;0.009225;0.031953
4;0.007952;0.033936
