nThread;timeInit;timeCount
1;0.014803;0.021033
1;0.012790;0.018156
1;0.015928;0.049925
1;0.015121;0.024476
1;0.014410;0.022013
1;0.015784;0.026675
1;0.013382;0.018474
1;0.014338;0.020501
1;0.012789;0.017805
1;0.012903;0.017815
1;0.014041;0.018130
1;0.015530;0.020808
1;0.012645;0.017481
1;0.013434;0.017913
1;0.017176;0.018431
1;0.013403;0.018648
1;0.014587;0.018179
1;0.013719;0.017634
1;0.012868;0.017626
1;0.013025;0.018377
