nThread;timeInit;timeCount
2;0.009431;0.022010
2;0.008124;0.024576
2;0.008419;0.022432
2;0.009043;0.022945
2;0.008618;0.021162
2;0.008369;0.022578
2;0.009012;0.022279
2;0.009397;0.031605
2;0.008793;0.023850
2;0.010090;0.021853
2;0.008652;0.021366
2;0.008519;0.021740
2;0.012565;0.026711
2;0.008987;0.022899
2;0.012419;0.022850
2;0.008241;0.024447
2;0.008338;0.023471
2;0.008679;0.022435
2;0.009305;0.025845
2;0.009034;0.021987
