nThread;timeInit;timeCount
1;0.012719;0.018424
1;0.011520;0.012948
1;0.012083;0.013735
1;0.011799;0.015095
1;0.011149;0.012679
1;0.010880;0.014048
1;0.012714;0.013115
1;0.012182;0.014309
1;0.013916;0.013145
1;0.010581;0.014348
1;0.014545;0.012515
1;0.012600;0.016264
1;0.013224;0.012080
1;0.011993;0.014482
1;0.013096;0.013086
1;0.011671;0.013657
1;0.011535;0.016098
1;0.012897;0.013426
1;0.011721;0.013593
1;0.013457;0.012480
