nThread;timeInit;timeCount
1;0.128384;0.136273
1;0.105369;0.070850
1;0.101062;0.077890
1;0.115193;0.066577
1;0.102909;0.065113
1;0.101158;0.072196
1;0.106479;0.065118
1;0.104888;0.066596
1;0.109926;0.078837
1;0.120674;0.079988
1;0.122753;0.068650
1;0.120885;0.068002
1;0.105685;0.076556
1;0.110918;0.067735
1;0.106287;0.069791
1;0.103780;0.065969
1;0.104720;0.071184
1;0.104800;0.065712
1;0.103206;0.068832
1;0.105865;0.065564
