nThread;timeInit;timeCount
16;0.557130;0.865692
16;0.537035;0.756358
16;0.588171;0.802814
16;0.098068;0.559191
16;0.793914;0.997221
16;0.677763;0.710293
16;0.507975;0.689443
16;0.484708;0.604345
16;0.487373;0.699165
16;0.437771;1.030402
16;0.438511;0.725225
16;0.477947;0.839754
16;0.397846;0.689708
16;0.446487;0.760253
16;0.131092;0.286424
16;0.457379;0.734799
16;0.427312;0.911031
16;0.457131;0.811013
16;0.488461;0.725638
16;0.488960;0.760849
