nThread;timeInit;timeCount
4;0.059642;0.088255
4;0.063179;0.080973
4;0.076098;0.091356
4;0.061244;0.082241
4;0.069974;0.086603
4;0.058949;0.088102
4;0.062461;0.084764
4;0.062469;0.079433
4;0.065020;0.089087
4;0.056640;0.082118
4;0.082174;0.094656
4;0.072478;0.085221
4;0.061507;0.082128
4;0.061633;0.088148
4;0.067454;0.086111
4;0.063557;0.076420
4;0.067530;0.077244
4;0.060122;0.087963
4;0.065864;0.082223
4;0.056897;0.076782
