nThread;timeInit;timeCount
4;0.000911;0.000179
4;0.001281;0.000215
4;0.000738;0.000237
4;0.000939;0.000221
4;0.000578;0.000193
4;0.000840;0.000210
4;0.001377;0.000385
4;0.000537;0.000202
4;0.000695;0.000250
4;0.000539;0.000466
4;0.001887;0.000363
4;0.000591;0.000354
4;0.000624;0.000199
4;0.000573;0.000215
4;0.000575;0.000248
4;0.000885;0.000209
4;0.001462;0.000254
4;0.000680;0.000673
4;0.000652;0.000281
4;0.000557;0.000386
