nThread;timeInit;timeCount
8;0.027256;0.006468
8;0.050407;0.037472
8;0.038669;0.024242
8;0.031220;0.033962
8;0.026687;0.000443
8;0.034194;0.038064
8;0.026497;0.031006
8;0.007332;0.000932
8;0.001319;0.000398
8;0.029557;0.026006
8;0.032121;0.030008
8;0.029354;0.027690
8;0.001115;0.000390
8;0.040758;0.022072
8;0.028356;0.036189
8;0.031342;0.029318
8;0.048516;0.040423
8;0.000821;0.000415
8;0.000681;0.000282
8;0.000750;0.000397
