nThread;timeInit;timeCount
1;0.000402;0.000111
1;0.000393;0.000113
1;0.000582;0.000137
1;0.000401;0.000348
1;0.000352;0.000084
1;0.000443;0.000103
1;0.000510;0.000099
1;0.000429;0.000092
1;0.000377;0.000114
1;0.000477;0.000117
1;0.000378;0.000105
1;0.000413;0.000093
1;0.000647;0.000093
1;0.000417;0.000087
1;0.000510;0.000105
1;0.000520;0.000114
1;0.000636;0.000216
1;0.000670;0.000148
1;0.000561;0.000137
1;0.000726;0.000166
