nThread;timeInit;timeCount
16;0.786903;1.199972
16;0.707193;1.069976
16;0.612360;0.674347
16;1.026666;0.758826
16;0.596286;0.860094
16;0.666634;0.809964
16;0.709878;0.879932
16;0.766133;1.049983
16;0.767628;0.931530
16;0.597410;0.869962
16;0.737518;0.809978
16;0.606456;0.789747
16;0.716489;0.770103
16;0.580263;0.769991
16;0.796391;0.990102
16;0.866744;0.980031
16;0.897244;0.869972
16;0.638099;0.969975
16;0.668296;0.779964
16;0.636064;0.719984
