nThread;timeInit;timeCount
1;0.000419;0.000087
1;0.000500;0.000091
1;0.000387;0.000096
1;0.000428;0.000149
1;0.000363;0.000094
1;0.000393;0.000090
1;0.000538;0.000126
1;0.000532;0.000125
1;0.000364;0.000089
1;0.000416;0.000093
1;0.000639;0.000159
1;0.000484;0.000128
1;0.000352;0.000088
1;0.000494;0.000123
1;0.000633;0.000133
1;0.000390;0.000111
1;0.000449;0.000087
1;0.000332;0.000087
1;0.000442;0.000114
1;0.000562;0.000154
