nThread;timeInit;timeCount
2;0.000400;0.000150
2;0.000387;0.000145
2;0.000499;0.000140
2;0.000519;0.000165
2;0.000534;0.000196
2;0.000865;0.000289
2;0.000405;0.000157
2;0.000851;0.000170
2;0.000452;0.000153
2;0.000877;0.000326
2;0.000412;0.000148
2;0.000463;0.000283
2;0.000481;0.000236
2;0.000481;0.000155
2;0.000839;0.000142
2;0.000590;0.000194
2;0.000414;0.000145
2;0.000529;0.000163
2;0.000878;0.000335
2;0.000527;0.000149
