nThread;timeInit;timeCount
16;0.686932;0.899966
16;0.529945;0.784271
16;0.777594;0.679994
16;0.666713;0.629959
16;0.695950;0.820287
16;0.788626;1.069995
16;0.687377;0.917979
16;0.726594;1.048102
16;0.715408;1.063203
16;0.563495;1.024336
16;0.666298;0.929987
16;0.807825;1.020377
16;0.732757;1.013061
16;0.966505;1.081721
16;0.687480;1.110277
16;0.863964;1.159987
16;0.766012;1.020324
16;0.616416;0.940596
16;0.896955;0.877006
16;0.610879;0.823957
