nThread;timeInit;timeCount
1;0.000648;0.001512
1;0.000734;0.001272
1;0.000603;0.001065
1;0.000789;0.001540
1;0.000657;0.001313
1;0.001170;0.001596
1;0.001048;0.001463
1;0.001089;0.001981
1;0.000840;0.001672
1;0.000979;0.001816
1;0.001095;0.001729
1;0.001101;0.001487
1;0.001647;0.001707
1;0.000884;0.001847
1;0.000952;0.001446
1;0.000839;0.001547
1;0.001144;0.001750
1;0.001285;0.001551
1;0.001656;0.002432
1;0.001037;0.001538
