nThread;timeInit;timeCount
4;0.000635;0.001582
4;0.000843;0.001924
4;0.000575;0.001703
4;0.000784;0.002028
4;0.000506;0.001831
4;0.000568;0.002054
4;0.000997;0.001678
4;0.001209;0.001590
4;0.001589;0.001457
4;0.000890;0.001513
4;0.000767;0.001776
4;0.000524;0.001749
4;0.000530;0.001712
4;0.000837;0.001574
4;0.001025;0.001632
4;0.001041;0.001709
4;0.000542;0.001683
4;0.000988;0.001758
4;0.000659;0.001784
4;0.000474;0.001594
