nThread;timeInit;timeCount
2;0.000430;0.001086
2;0.000459;0.001246
2;0.001336;0.001076
2;0.000504;0.001053
2;0.000593;0.000958
2;0.001151;0.001766
2;0.000469;0.002088
2;0.001011;0.001354
2;0.000656;0.001516
2;0.000573;0.001322
2;0.000422;0.001081
2;0.000595;0.000927
2;0.000550;0.000962
2;0.000708;0.001071
2;0.000648;0.001730
2;0.000880;0.001270
2;0.000535;0.000968
2;0.000973;0.001326
2;0.000611;0.001367
2;0.000646;0.001928
