nThread;timeInit;timeCount
8;0.055968;0.063097
8;0.030749;0.050538
8;0.023147;0.034809
8;0.029049;0.043898
8;0.017587;0.034846
8;0.027245;0.028501
8;0.083261;0.062511
8;0.036185;0.029162
8;0.033054;0.023078
8;0.056068;0.058439
8;0.020174;0.026945
8;0.040761;0.036396
8;0.027744;0.025122
8;0.026174;0.034845
8;0.025453;0.052466
8;0.051316;0.033772
8;0.006750;0.055400
8;0.020059;0.048282
8;0.004441;0.002120
8;0.000640;0.002972
