nThread;timeInit;timeCount
1;0.000435;0.000582
1;0.000475;0.000657
1;0.000456;0.000624
1;0.000449;0.000716
1;0.000467;0.000650
1;0.000448;0.000628
1;0.000481;0.000603
1;0.000677;0.000816
1;0.000623;0.000639
1;0.000492;0.000634
1;0.000528;0.000709
1;0.000872;0.000714
1;0.003434;0.000634
1;0.000502;0.000631
1;0.000565;0.000713
1;0.000496;0.000593
1;0.000445;0.000602
1;0.000481;0.000629
1;0.000415;0.000626
1;0.000465;0.000595
