nThread;timeInit;timeCount
16;0.015608;0.167450
16;0.037578;0.210043
16;0.037948;0.218748
16;0.037241;0.242726
16;0.039758;0.269165
16;0.028809;0.227996
16;0.029116;0.237803
16;0.030681;0.186738
16;0.019598;0.218339
16;0.036603;0.259529
16;0.036163;0.270040
16;0.000718;0.207874
16;0.027679;0.196880
16;0.046932;0.290050
16;0.038722;0.238842
16;0.026709;0.220071
16;0.037199;0.210027
16;0.026778;0.220912
16;0.037874;0.237813
16;0.036340;0.190050
