nThread;timeInit;timeCount
1;0.000185;0.000118
1;0.000237;0.000157
1;0.000308;0.000171
1;0.000168;0.000119
1;0.000254;0.000215
1;0.000186;0.000123
1;0.000166;0.000135
1;0.000194;0.000132
1;0.000181;0.000124
1;0.000214;0.000169
1;0.000206;0.000127
1;0.000181;0.000122
1;0.000183;0.000116
1;0.000213;0.000130
1;0.000252;0.000194
1;0.000158;0.000110
1;0.000204;0.000134
1;0.000242;0.000152
1;0.000177;0.000110
1;0.000270;0.000172
