nThread;timeInit;timeCount
8;0.002036;0.008617
8;0.003983;0.009063
8;0.004894;0.014781
8;0.002740;0.004212
8;0.003932;0.005758
8;0.000096;0.017414
8;0.002516;0.016968
8;0.001656;0.012184
8;0.002265;0.007483
8;0.000092;0.014499
8;0.004617;0.009048
8;0.001251;0.007833
8;0.001476;0.004818
8;0.019408;0.017806
8;0.002184;0.016782
8;0.008728;0.017049
8;0.001315;0.006763
8;0.002699;0.000248
8;0.002961;0.019821
8;0.004884;0.011769
