nThread;timeInit;timeCount
4;0.001468;0.000174
4;0.000107;0.000192
4;0.000762;0.000170
4;0.000099;0.000196
4;0.000114;0.000173
4;0.000688;0.000163
4;0.000642;0.000161
4;0.000729;0.000167
4;0.000194;0.000266
4;0.000759;0.000175
4;0.000104;0.000232
4;0.000098;0.000166
4;0.000412;0.000157
4;0.000337;0.000175
4;0.000469;0.000167
4;0.000890;0.000168
4;0.000824;0.000195
4;0.001034;0.000175
4;0.000201;0.000158
4;0.000464;0.000204
