nThread;timeInit;timeCount
1;0.000912;0.000534
1;0.000417;0.000161
1;0.000138;0.000142
1;0.000147;0.000149
1;0.000187;0.000156
1;0.000130;0.000116
1;0.000162;0.000126
1;0.000147;0.000138
1;0.000270;0.000215
1;0.000165;0.000180
1;0.000155;0.000130
1;0.000128;0.000121
1;0.000134;0.000119
1;0.000152;0.000149
1;0.000277;0.000162
1;0.000122;0.000125
1;0.000136;0.000122
1;0.000138;0.000156
1;0.000145;0.000120
1;0.000162;0.000137
