nThread;timeInit;timeCount
2;0.000096;0.000146
2;0.000101;0.000159
2;0.000091;0.000150
2;0.000118;0.000174
2;0.000138;0.000157
2;0.000151;0.000169
2;0.000540;0.000140
2;0.000112;0.000120
2;0.000835;0.000186
2;0.000087;0.000122
2;0.000101;0.000121
2;0.000531;0.000132
2;0.000600;0.000137
2;0.000193;0.000131
2;0.000105;0.000137
2;0.000099;0.000220
2;0.000093;0.000120
2;0.000508;0.000117
2;0.000095;0.000122
2;0.000150;0.000166
