nThread;timeInit;timeCount
1;0.000131;0.001154
1;0.000146;0.001225
1;0.000193;0.001810
1;0.000228;0.001806
1;0.000147;0.002204
1;0.000174;0.001802
1;0.000195;0.001763
1;0.000161;0.001680
1;0.000220;0.001592
1;0.000252;0.001505
1;0.000135;0.001532
1;0.000133;0.001435
1;0.000132;0.001567
1;0.000133;0.001468
1;0.000128;0.001481
1;0.000137;0.001474
1;0.000144;0.001518
1;0.000148;0.001733
1;0.000152;0.001670
1;0.000163;0.001744
