nThread;timeInit;timeCount
1;0.000193;0.001804
1;0.000209;0.002072
1;0.000169;0.001682
1;0.000180;0.001379
1;0.000186;0.001493
1;0.000202;0.001668
1;0.000279;0.001815
1;0.000278;0.002125
1;0.000176;0.001543
1;0.000210;0.001505
1;0.000184;0.001552
1;0.000188;0.001453
1;0.000199;0.001959
1;0.000171;0.001489
1;0.000186;0.001440
1;0.000203;0.001567
1;0.000315;0.002103
1;0.000242;0.002162
1;0.000249;0.002093
1;0.000209;0.001687
