nThread;timeInit;timeCount
8;0.005562;0.012219
8;0.005604;0.012978
8;0.000125;0.003911
8;0.000104;0.003451
8;0.000357;0.003449
8;0.000107;0.004808
8;0.000729;0.003421
8;0.004780;0.009181
8;0.003148;0.015412
8;0.006296;0.012900
8;0.004066;0.011620
8;0.004047;0.004855
8;0.005377;0.010859
8;0.002800;0.013245
8;0.000238;0.009639
8;0.000897;0.003599
8;0.002957;0.012544
8;0.005279;0.008234
8;0.002533;0.011703
8;0.000899;0.004677
