nThread;timeInit;timeCount
16;0.037186;0.130983
16;0.036704;0.350824
16;0.036394;0.300811
16;0.019495;0.298306
16;0.028475;0.319137
16;0.026879;0.320647
16;0.010781;0.407964
16;0.037677;0.270864
16;0.018287;0.218647
16;0.026921;0.320891
16;0.056657;0.311248
16;0.029906;0.266412
16;0.037955;0.260837
16;0.027632;0.330791
16;0.027140;0.350760
16;0.018643;0.358449
16;0.000574;0.407878
16;0.019641;0.300211
16;0.030388;0.258131
16;0.027004;0.260827
