nThread;timeInit;timeCount
2;0.000097;0.001974
2;0.000103;0.001769
2;0.000118;0.002270
2;0.000138;0.002206
2;0.000142;0.002849
2;0.000085;0.002229
2;0.000160;0.002526
2;0.000087;0.001827
2;0.000612;0.001994
2;0.000108;0.001770
2;0.000285;0.001736
2;0.000609;0.001942
2;0.000104;0.001817
2;0.000130;0.002631
2;0.000169;0.001840
2;0.000095;0.001761
2;0.000092;0.001922
2;0.000264;0.001782
2;0.000757;0.002106
2;0.000101;0.001888
