nThread;timeInit;timeCount
4;0.000702;0.003234
4;0.000110;0.002616
4;0.000452;0.002733
4;0.000090;0.003128
4;0.000553;0.002695
4;0.000092;0.003112
4;0.000112;0.002856
4;0.001076;0.003207
4;0.000636;0.002952
4;0.000533;0.002921
4;0.000468;0.002659
4;0.000844;0.002920
4;0.000092;0.002882
4;0.000092;0.002908
4;0.000467;0.002650
4;0.000100;0.003077
4;0.000941;0.002840
4;0.000109;0.002934
4;0.000100;0.003073
4;0.000268;0.002963
