nThread;timeInit;timeCount
8;0.030435;0.080773
8;0.002917;0.066047
8;0.019382;0.089844
8;0.040003;0.140580
8;0.066025;0.079612
8;0.023406;0.080734
8;0.053337;0.089144
8;0.019125;0.091014
8;0.040937;0.077126
8;0.030104;0.082448
8;0.024073;0.078061
8;0.041622;0.084608
8;0.036506;0.070851
8;0.027187;0.079114
8;0.024420;0.053476
8;0.032393;0.078063
8;0.031764;0.078869
8;0.026603;0.046218
8;0.025014;0.079263
8;0.026644;0.096633
