nThread;timeInit;timeCount
16;0.777813;1.458677
16;0.763400;1.462152
16;0.776968;1.079995
16;0.566333;1.079953
16;0.727839;1.169900
16;0.926315;1.539991
16;0.827873;1.489696
16;0.717904;1.379997
16;0.552502;1.145734
16;0.646294;1.159984
16;0.777478;2.099982
16;0.856613;1.559998
16;0.686925;1.179506
16;0.767897;1.540155
16;0.596879;1.199943
16;0.550804;0.957771
16;0.655432;1.250027
16;0.826546;1.489941
16;0.745497;1.649351
16;0.754249;1.539965
