nThread;timeInit;timeCount
2;0.001572;0.025565
2;0.001549;0.019965
2;0.001950;0.019236
2;0.001666;0.019420
2;0.001915;0.020711
2;0.001610;0.019797
2;0.002009;0.023991
2;0.002490;0.023016
2;0.002162;0.022373
2;0.001525;0.024092
2;0.001638;0.020805
2;0.001649;0.020508
2;0.001539;0.019441
2;0.002219;0.019908
2;0.001564;0.023450
2;0.002334;0.022031
2;0.001674;0.022995
2;0.002131;0.021048
2;0.001599;0.022280
2;0.002616;0.026782
