nThread;timeInit;timeCount
4;0.001784;0.033083
4;0.001510;0.030199
4;0.001579;0.030203
4;0.001484;0.031735
4;0.001540;0.030934
4;0.001795;0.031730
4;0.002298;0.032912
4;0.001986;0.031198
4;0.002024;0.031771
4;0.001886;0.029284
4;0.001606;0.032382
4;0.001538;0.029679
4;0.002058;0.031669
4;0.002737;0.030191
4;0.001931;0.031929
4;0.002007;0.025846
4;0.001703;0.030210
4;0.001828;0.030710
4;0.001908;0.027800
4;0.001887;0.029779
