nThread;timeInit;timeCount
1;0.002088;0.015597
1;0.001938;0.014758
1;0.001943;0.015174
1;0.001887;0.014194
1;0.001924;0.014121
1;0.002083;0.014170
1;0.002044;0.014413
1;0.001918;0.014218
1;0.001865;0.015456
1;0.001854;0.014538
1;0.001808;0.013744
1;0.001947;0.013557
1;0.001892;0.014146
1;0.001982;0.013638
1;0.001915;0.014356
1;0.001803;0.014704
1;0.001891;0.014117
1;0.001770;0.013929
1;0.001828;0.013370
1;0.002073;0.013658
