nThread;timeInit;timeCount
1;0.002120;0.016616
1;0.002287;0.017650
1;0.002347;0.017379
1;0.002216;0.017714
1;0.002192;0.016532
1;0.002062;0.017287
1;0.002149;0.016845
1;0.002029;0.016574
1;0.002235;0.016663
1;0.002240;0.016675
1;0.002146;0.016244
1;0.002148;0.016018
1;0.002147;0.016182
1;0.002077;0.016101
1;0.002195;0.016368
1;0.002146;0.016507
1;0.002009;0.016445
1;0.002345;0.016212
1;0.001997;0.015917
1;0.001957;0.016095
