nThread;timeInit;timeCount
1;0.000333;0.001644
1;0.000300;0.001354
1;0.000534;0.001793
1;0.000422;0.001841
1;0.000528;0.001725
1;0.000429;0.001944
1;0.000469;0.001675
1;0.000516;0.001758
1;0.000346;0.001426
1;0.000490;0.001802
1;0.000326;0.001679
1;0.000461;0.001576
1;0.000383;0.001765
1;0.000458;0.001697
1;0.000513;0.001665
1;0.000548;0.002028
1;0.000376;0.001659
1;0.000385;0.001685
1;0.000360;0.001764
1;0.000398;0.001808
