nThread;timeInit;timeCount
4;0.001523;0.002858
4;0.001761;0.003154
4;0.000720;0.003253
4;0.000616;0.003227
4;0.000502;0.003320
4;0.000489;0.003802
4;0.001013;0.002649
4;0.000528;0.003498
4;0.000548;0.002773
4;0.000617;0.003230
4;0.001156;0.003168
4;0.000570;0.003477
4;0.000523;0.003156
4;0.000797;0.002832
4;0.000972;0.003395
4;0.001757;0.002798
4;0.001434;0.007686
4;0.001321;0.003012
4;0.001289;0.002815
4;0.000932;0.002780
