nThread;timeInit;timeCount
8;0.018665;0.041121
8;0.001593;0.003435
8;0.005412;0.018412
8;0.000949;0.007147
8;0.001221;0.006624
8;0.001331;0.004508
8;0.043513;0.040264
8;0.012765;0.009449
8;0.045750;0.026943
8;0.025413;0.034356
8;0.013608;0.011199
8;0.008313;0.016582
8;0.002116;0.037380
8;0.024698;0.050434
8;0.028712;0.027148
8;0.000750;0.014258
8;0.030463;0.035064
8;0.000847;0.005568
8;0.021512;0.014193
8;0.011234;0.035860
