nThread;timeInit;timeCount
2;0.000582;0.001917
2;0.000431;0.001947
2;0.000575;0.002779
2;0.000608;0.002672
2;0.000507;0.001919
2;0.000994;0.001863
2;0.000553;0.002055
2;0.000789;0.002125
2;0.000549;0.002328
2;0.000692;0.002124
2;0.001125;0.002114
2;0.000622;0.002525
2;0.000494;0.001857
2;0.000463;0.001914
2;0.000489;0.001776
2;0.000797;0.001977
2;0.000379;0.001627
2;0.000681;0.001992
2;0.000515;0.002047
2;0.000566;0.002308
