nThread;timeInit;timeCount
1;0.000556;0.001644
1;0.000490;0.001607
1;0.000435;0.001802
1;0.000491;0.001541
1;0.000500;0.001508
1;0.000475;0.001832
1;0.000477;0.003623
1;0.000456;0.001806
1;0.000541;0.001699
1;0.000472;0.003834
1;0.000458;0.001579
1;0.000456;0.001503
1;0.000491;0.001446
1;0.000508;0.001446
1;0.000451;0.001497
1;0.000473;0.001434
1;0.000531;0.001448
1;0.000453;0.001459
1;0.000484;0.001607
1;0.000528;0.001627
