nThread;timeInit;timeCount
16;0.777792;1.020953
16;0.556365;0.830010
16;0.757709;0.990998
16;0.657877;0.939969
16;0.637556;0.869962
16;0.687262;0.961000
16;0.831933;1.003693
16;0.646413;1.014106
16;0.766704;0.809948
16;0.727708;0.869987
16;0.581961;0.983819
16;0.738304;0.954468
16;0.866596;1.040021
16;0.726441;0.949985
16;0.626303;0.889984
16;0.687427;1.139451
16;0.796591;0.889972
16;0.787247;1.089564
16;0.616316;0.687269
16;0.696414;0.819971
