nThread;timeInit;timeCount
2;0.075270;0.031013
2;0.076816;0.039012
2;0.083116;0.030663
2;0.074238;0.032386
2;0.091114;0.030140
2;0.069018;0.030483
2;0.080759;0.029769
2;0.073678;0.030663
2;0.081556;0.031423
2;0.078555;0.032146
2;0.074538;0.034060
2;0.082566;0.031837
2;0.081260;0.031937
2;0.077718;0.032589
2;0.076731;0.032356
2;0.102514;0.032967
2;0.077638;0.035431
2;0.089907;0.037086
2;0.075658;0.029949
2;0.085444;0.029163
