nThread;timeInit;timeCount
16;0.517355;0.885477
16;0.466978;0.675613
16;0.357467;0.595226
16;0.438049;0.545707
16;0.118425;0.685117
16;0.386866;0.715497
16;0.357162;0.291217
16;0.307342;0.256869
16;0.486621;0.621628
16;0.406375;0.615727
16;0.196976;0.714706
16;0.497049;0.654963
16;0.494559;0.291378
16;0.343332;0.579999
16;0.417654;0.505348
16;0.646199;0.505951
16;0.107343;0.885021
16;0.668263;0.625713
16;0.135198;0.309077
16;0.625812;0.205788
