nThread;timeInit;timeCount
1;0.121320;0.018529
1;0.114721;0.018492
1;0.124938;0.022235
1;0.116807;0.018551
1;0.120038;0.019253
1;0.117516;0.018382
1;0.127307;0.018285
1;0.117084;0.018644
1;0.116644;0.018507
1;0.119286;0.019001
1;0.116736;0.018980
1;0.117149;0.022350
1;0.136203;0.018526
1;0.121428;0.018640
1;0.117963;0.019142
1;0.119014;0.018867
1;0.132229;0.018964
1;0.117615;0.018440
1;0.130112;0.018751
1;0.115966;0.018745
