nThread;timeInit;timeCount
8;0.041425;0.027610
8;0.042022;0.028032
8;0.041699;0.026747
8;0.040715;0.026498
8;0.040533;0.029048
8;0.040835;0.027850
8;0.044061;0.048657
8;0.042339;0.030105
8;0.041468;0.028246
8;0.040311;0.028364
8;0.041513;0.028811
8;0.041678;0.028622
8;0.040284;0.028419
8;0.041659;0.027994
8;0.042667;0.029945
8;0.041983;0.029058
8;0.040713;0.027941
8;0.042205;0.027615
8;0.041386;0.028973
8;0.041334;0.028297
