nThread;timeInit;timeCount
1;0.124249;0.040538
1;0.116076;0.039260
1;0.117607;0.040334
1;0.117661;0.039979
1;0.132944;0.039849
1;0.118324;0.040346
1;0.117657;0.048027
1;0.123952;0.041433
1;0.117597;0.040021
1;0.119059;0.040801
1;0.116860;0.040267
1;0.118691;0.039316
1;0.119090;0.040115
1;0.116623;0.039738
1;0.118817;0.040636
1;0.132679;0.040272
1;0.121025;0.040174
1;0.121496;0.040106
1;0.121806;0.039683
1;0.094303;0.035170
