nThread;timeInit;timeCount
4;0.062688;0.031143
4;0.054208;0.029181
4;0.060771;0.031537
4;0.053607;0.027423
4;0.047401;0.028957
4;0.059029;0.028606
4;0.060198;0.036370
4;0.060108;0.028463
4;0.054684;0.031025
4;0.057072;0.028779
4;0.053744;0.029037
4;0.056791;0.030970
4;0.054904;0.031046
4;0.054991;0.030529
4;0.063983;0.030538
4;0.058117;0.032237
4;0.057371;0.030766
4;0.056673;0.030279
4;0.053363;0.031168
4;0.058657;0.030288
