nThread;timeInit;timeCount
1;0.002042;0.000251
1;0.001827;0.000246
1;0.002360;0.000442
1;0.001975;0.000469
1;0.002225;0.000353
1;0.002065;0.000580
1;0.001804;0.000314
1;0.001418;0.000315
1;0.001705;0.000353
1;0.001683;0.000317
1;0.001703;0.000441
1;0.001603;0.000271
1;0.001396;0.000197
1;0.001461;0.000187
1;0.001626;0.000351
1;0.001251;0.000187
1;0.001383;0.000182
1;0.001725;0.000299
1;0.001226;0.000207
1;0.001364;0.000188
