nThread;timeInit;timeCount
2;0.001722;0.000555
2;0.001422;0.000324
2;0.001065;0.000354
2;0.000977;0.000374
2;0.001407;0.000358
2;0.001691;0.000460
2;0.002378;0.000518
2;0.001722;0.000561
2;0.001748;0.000593
2;0.001958;0.000541
2;0.001774;0.002265
2;0.001694;0.000566
2;0.002431;0.000614
2;0.002240;0.000529
2;0.001700;0.000522
2;0.001096;0.000390
2;0.002102;0.000708
2;0.001737;0.000532
2;0.001745;0.000605
2;0.002512;0.000637
