nThread;timeInit;timeCount
8;0.005733;0.011229
8;0.004869;0.008188
8;0.000612;0.006295
8;0.003557;0.010216
8;0.006568;0.008976
8;0.000625;0.008518
8;0.001808;0.011500
8;0.000753;0.011582
8;0.009367;0.012774
8;0.003323;0.006859
8;0.004048;0.007991
8;0.002783;0.009862
8;0.004511;0.014107
8;0.003390;0.006825
8;0.001793;0.000459
8;0.003240;0.009296
8;0.003047;0.010038
8;0.002921;0.009377
8;0.000615;0.009012
8;0.000660;0.012239
