nThread;timeInit;timeCount
16;0.036414;0.249408
16;0.018500;0.248033
16;0.036534;0.239934
16;0.017399;0.237609
16;0.036412;0.209939
16;0.010453;0.267341
16;0.026500;0.209886
16;0.010627;0.177825
16;0.000993;0.206476
16;0.028045;0.179905
16;0.024599;0.227622
16;0.001042;0.187029
16;0.001035;0.156928
16;0.019270;0.267227
16;0.036783;0.219942
16;0.018788;0.168519
16;0.009939;0.267554
16;0.037321;0.249992
16;0.036785;0.239930
16;0.036276;0.259915
