nThread;timeInit;timeCount
4;0.006300;0.000330
4;0.001190;0.000243
4;0.001030;0.000304
4;0.001021;0.000268
4;0.001094;0.000289
4;0.001116;0.000237
4;0.001557;0.000243
4;0.001431;0.000243
4;0.001141;0.000299
4;0.001684;0.000257
4;0.000669;0.000219
4;0.000947;0.000301
4;0.001256;0.000221
4;0.001291;0.000251
4;0.000979;0.000233
4;0.001234;0.000200
4;0.001846;0.000250
4;0.000998;0.000257
4;0.001232;0.000269
4;0.000996;0.000304
