nThread;timeInit;timeCount
16;0.427241;0.698183
16;0.624085;0.717934
16;0.416363;0.688704
16;0.447808;0.968403
16;0.467999;0.468223
16;0.428449;0.487778
16;0.416949;0.977987
16;0.498227;0.738108
16;0.790042;0.666869
16;0.506323;0.588279
16;0.626811;0.594189
16;0.197224;0.618021
16;0.467631;0.618574
16;0.419159;0.637358
16;0.372231;0.417815
16;0.079207;0.696144
16;0.476740;0.638254
16;0.766711;0.648282
16;0.268813;0.676818
16;0.532990;0.772688
