nThread;timeInit;timeCount
2;0.094555;0.029088
2;0.086071;0.034426
2;0.090774;0.031422
2;0.093998;0.031833
2;0.097133;0.029637
2;0.079612;0.031154
2;0.088273;0.032453
2;0.085986;0.029141
2;0.077264;0.030266
2;0.081654;0.030458
2;0.081084;0.029484
2;0.078419;0.029740
2;0.077837;0.029510
2;0.082690;0.029673
2;0.078673;0.030438
2;0.111636;0.031523
2;0.086878;0.029912
2;0.078615;0.036426
2;0.080049;0.029142
2;0.080236;0.030251
