nThread;timeInit;timeCount
8;0.067509;0.056309
8;0.091564;0.127474
8;0.089290;0.109114
8;0.051714;0.058347
8;0.063531;0.034879
8;0.050427;0.040192
8;0.068630;0.045927
8;0.049718;0.037261
8;0.054157;0.047164
8;0.061788;0.059865
8;0.063027;0.037246
8;0.051942;0.046274
8;0.066249;0.062390
8;0.067382;0.042779
8;0.052848;0.044177
8;0.057173;0.044806
8;0.066917;0.041645
8;0.054245;0.036364
8;0.056816;0.037055
8;0.063110;0.051794
