nThread;timeInit;timeCount
2;0.001666;0.002607
2;0.001548;0.005557
2;0.001805;0.002347
2;0.001570;0.002373
2;0.002731;0.003066
2;0.001714;0.002619
2;0.001665;0.002996
2;0.001647;0.002750
2;0.002546;0.003447
2;0.001909;0.003065
2;0.002165;0.002745
2;0.001572;0.002842
2;0.001503;0.002473
2;0.001593;0.002507
2;0.001401;0.002465
2;0.001995;0.002537
2;0.001422;0.002518
2;0.001573;0.002646
2;0.001418;0.002505
2;0.001492;0.002629
