nThread;timeInit;timeCount
16;0.787817;1.009982
16;0.816952;1.149994
16;0.757574;0.829678
16;0.916532;0.919973
16;0.577369;0.871408
16;0.646412;0.969573
16;0.704244;0.759980
16;0.676303;0.869987
16;0.606003;0.870832
16;0.737845;0.949980
16;0.796312;1.109981
16;0.598129;1.009978
16;0.646407;0.979988
16;0.696470;0.880877
16;0.554119;0.796521
16;0.896408;0.984252
16;0.937976;0.949980
16;0.756184;0.930173
16;0.896546;1.049904
16;0.576808;0.669980
