nThread;timeInit;timeCount
1;0.002016;0.002468
1;0.002131;0.002563
1;0.002253;0.002192
1;0.001880;0.002077
1;0.001822;0.002065
1;0.001784;0.002074
1;0.001989;0.002150
1;0.001833;0.002245
1;0.001968;0.002470
1;0.002103;0.002323
1;0.002050;0.002191
1;0.001919;0.002087
1;0.001802;0.002107
1;0.001867;0.002138
1;0.001820;0.002458
1;0.001854;0.002189
1;0.001897;0.002268
1;0.002037;0.002457
1;0.002021;0.002374
1;0.002155;0.002216
