nThread;timeInit;timeCount
4;0.001865;0.003083
4;0.001415;0.003116
4;0.001334;0.003648
4;0.002057;0.002937
4;0.001865;0.003458
4;0.001920;0.002840
4;0.001760;0.002991
4;0.001633;0.002483
4;0.001220;0.002778
4;0.001457;0.002856
4;0.001526;0.003220
4;0.001591;0.002556
4;0.001674;0.002557
4;0.001395;0.004190
4;0.001792;0.002779
4;0.001734;0.002916
4;0.001357;0.002923
4;0.002153;0.002811
4;0.001675;0.002697
4;0.001879;0.002996
