nThread;timeInit;timeCount
8;0.017448;0.037296
8;0.030869;0.028414
8;0.020305;0.029023
8;0.018083;0.031492
8;0.027127;0.036181
8;0.020488;0.029759
8;0.040128;0.048699
8;0.004475;0.016351
8;0.016810;0.032967
8;0.040612;0.041366
8;0.016924;0.023543
8;0.019184;0.026918
8;0.020109;0.033553
8;0.024214;0.016724
8;0.039088;0.037233
8;0.027445;0.029400
8;0.038638;0.023707
8;0.026608;0.032071
8;0.034006;0.042932
8;0.007373;0.038331
