nThread;timeInit;timeCount
8;0.013284;0.064989
8;0.008376;0.060086
8;0.024140;0.064678
8;0.007474;0.063374
8;0.007750;0.054756
8;0.010327;0.073333
8;0.009545;0.061512
8;0.006909;0.058980
8;0.008447;0.058478
8;0.009271;0.062202
8;0.006240;0.055363
8;0.008104;0.059436
8;0.007001;0.054464
8;0.007730;0.070645
8;0.005544;0.059949
8;0.006548;0.057268
8;0.007528;0.056071
8;0.007765;0.058918
8;0.005983;0.053146
8;0.010711;0.058673
