nThread;timeInit;timeCount
16;0.047934;1.167467
16;0.048526;1.166217
16;0.067348;0.615695
16;0.027102;0.885729
16;0.038667;1.205650
16;0.037879;1.086466
16;0.047613;0.945950
16;0.038578;0.606026
16;0.037890;0.657086
16;0.077149;0.815621
16;0.067029;0.725938
16;0.021549;0.721551
16;0.086925;0.611741
16;0.038516;0.955731
16;0.066961;0.665768
16;0.057385;0.710951
16;0.038346;0.816525
16;0.066677;1.216038
16;0.037692;1.145521
16;0.028376;0.635589
