nThread;timeInit;timeCount
2;0.008215;0.024743
2;0.007931;0.024586
2;0.008033;0.022227
2;0.008215;0.022938
2;0.007550;0.021706
2;0.012918;0.030418
2;0.007812;0.021270
2;0.007707;0.020725
2;0.007882;0.025342
2;0.009594;0.020084
2;0.007756;0.022112
2;0.008979;0.023209
2;0.007816;0.020671
2;0.007583;0.020180
2;0.007672;0.019308
2;0.009154;0.022783
2;0.008010;0.020933
2;0.007992;0.021481
2;0.010453;0.027078
2;0.007782;0.021267
