nThread;timeInit;timeCount
1;0.013433;0.021948
1;0.014031;0.019367
1;0.013507;0.019537
1;0.014234;0.019383
1;0.012965;0.018557
1;0.013230;0.019067
1;0.013225;0.018570
1;0.014375;0.019060
1;0.013591;0.019990
1;0.014266;0.020120
1;0.013531;0.019037
1;0.014373;0.022156
1;0.015275;0.019919
1;0.013902;0.019609
1;0.015292;0.019689
1;0.013422;0.018698
1;0.014299;0.024913
1;0.017224;0.021988
1;0.014523;0.020295
1;0.013469;0.022999
