nThread;timeInit;timeCount
1;0.015001;0.018292
1;0.014807;0.016344
1;0.016727;0.015704
1;0.015309;0.015459
1;0.014451;0.015677
1;0.014219;0.015554
1;0.013639;0.016395
1;0.013581;0.016580
1;0.015069;0.019315
1;0.013796;0.016288
1;0.019619;0.016835
1;0.014815;0.017171
1;0.013829;0.015182
1;0.013562;0.017416
1;0.013757;0.016459
1;0.014391;0.018937
1;0.013628;0.018416
1;0.013999;0.015845
1;0.013600;0.019806
1;0.013839;0.017490
