nThread;timeInit;timeCount
4;0.007870;0.039690
4;0.007300;0.033293
4;0.007540;0.035057
4;0.006539;0.033988
4;0.006816;0.033863
4;0.006399;0.036837
4;0.008284;0.031997
4;0.006697;0.035496
4;0.005402;0.033852
4;0.007885;0.036882
4;0.006669;0.033326
4;0.007175;0.035242
4;0.007936;0.033036
4;0.007172;0.036238
4;0.007107;0.036669
4;0.007248;0.037097
4;0.007562;0.034697
4;0.007537;0.037282
4;0.008963;0.035620
4;0.008063;0.033369
