nThread;timeInit;timeCount
4;0.001057;0.022026
4;0.001113;0.019473
4;0.001760;0.020970
4;0.001126;0.024085
4;0.000979;0.019020
4;0.001810;0.019820
4;0.001202;0.019198
4;0.000970;0.019288
4;0.000965;0.019837
4;0.001246;0.018474
4;0.000958;0.019434
4;0.001095;0.019552
4;0.001802;0.019024
4;0.001005;0.020001
4;0.001005;0.020110
4;0.001056;0.020284
4;0.001123;0.019498
4;0.000975;0.019589
4;0.001152;0.020099
4;0.000993;0.019451
