nThread;timeInit;timeCount
16;0.033699;0.564909
16;0.028720;0.463011
16;0.027454;0.681972
16;0.038501;0.432764
16;0.018377;0.870505
16;0.026391;0.662653
16;0.000960;0.589674
16;0.036869;0.693044
16;0.039480;0.439942
16;0.010378;0.770067
16;0.010666;0.500944
16;0.000972;1.159450
16;0.009723;0.574590
16;0.026796;0.782492
16;0.020334;0.529113
16;0.036208;0.742788
16;0.018991;0.580040
16;0.028111;1.290952
16;0.000975;0.409536
16;0.037347;0.473321
