nThread;timeInit;timeCount
1;0.001473;0.004943
1;0.001350;0.005155
1;0.001354;0.006395
1;0.001341;0.004633
1;0.001319;0.004947
1;0.001379;0.004947
1;0.001349;0.005219
1;0.001025;0.005743
1;0.001291;0.006059
1;0.001305;0.006810
1;0.001344;0.005929
1;0.001461;0.006006
1;0.001741;0.005025
1;0.001458;0.004780
1;0.001273;0.004003
1;0.001393;0.004071
1;0.001644;0.004242
1;0.001532;0.003933
1;0.001486;0.004252
1;0.001467;0.004080
