nThread;timeInit;timeCount
2;0.001538;0.020809
2;0.001005;0.012716
2;0.001430;0.011198
2;0.001022;0.009449
2;0.001309;0.009174
2;0.001122;0.010389
2;0.000979;0.009407
2;0.000937;0.009334
2;0.001406;0.008973
2;0.000957;0.009593
2;0.001442;0.010506
2;0.001412;0.009907
2;0.001018;0.009407
2;0.000982;0.010821
2;0.001026;0.011998
2;0.001043;0.009160
2;0.001050;0.009191
2;0.001325;0.008433
2;0.000872;0.008604
2;0.002024;0.008991
