nThread;timeInit;timeCount
8;0.001123;0.046695
8;0.005933;0.042041
8;0.003474;0.044766
8;0.002288;0.045413
8;0.004791;0.043100
8;0.012956;0.043312
8;0.004411;0.044728
8;0.005697;0.040774
8;0.000653;0.038351
8;0.003305;0.040452
8;0.005209;0.044845
8;0.005598;0.034884
8;0.000603;0.033666
8;0.000962;0.034672
8;0.000560;0.034659
8;0.006529;0.059002
8;0.004661;0.061116
8;0.000637;0.053312
8;0.000614;0.042088
8;0.002555;0.054980
