nThread;timeInit;timeCount
1;0.019169;0.039644
1;0.019996;0.038578
1;0.025335;0.050455
1;0.019712;0.047173
1;0.019904;0.046834
1;0.019123;0.040488
1;0.025132;0.044342
1;0.019203;0.038189
1;0.019673;0.039142
1;0.019337;0.037666
1;0.021147;0.045875
1;0.017982;0.044266
1;0.029560;0.089227
1;0.039397;0.063108
1;0.019132;0.045699
1;0.022102;0.041865
1;0.019882;0.042108
1;0.021434;0.042164
1;0.022344;0.037862
1;0.017494;0.037848
