nThread;timeInit;timeCount
2;0.010591;0.038040
2;0.010468;0.037540
2;0.012486;0.044862
2;0.014955;0.037087
2;0.010038;0.036847
2;0.014223;0.042101
2;0.010432;0.040373
2;0.010827;0.042290
2;0.010369;0.038122
2;0.010727;0.038139
2;0.010375;0.039471
2;0.013334;0.040801
2;0.012845;0.038068
2;0.013013;0.040955
2;0.012676;0.037439
2;0.010006;0.043583
2;0.010708;0.037790
2;0.010782;0.038863
2;0.009956;0.037874
2;0.011144;0.037095
