nThread;timeInit;timeCount
4;0.011323;0.051850
4;0.010018;0.045465
4;0.009655;0.045992
4;0.009937;0.050319
4;0.010144;0.049687
4;0.010975;0.051349
4;0.009563;0.050714
4;0.009690;0.050526
4;0.009429;0.047075
4;0.009090;0.047779
4;0.010096;0.050994
4;0.010682;0.048292
4;0.009629;0.048107
4;0.010922;0.048855
4;0.010589;0.047703
4;0.010824;0.048847
4;0.010342;0.052822
4;0.010421;0.047180
4;0.010109;0.047907
4;0.010247;0.050513
