nThread;timeInit;timeCount
8;0.033287;0.101841
8;0.043833;0.090596
8;0.104332;0.120663
8;0.045017;0.126688
8;0.023825;0.103517
8;0.035285;0.095930
8;0.044738;0.081039
8;0.018507;0.114383
8;0.039778;0.092730
8;0.030951;0.116020
8;0.028951;0.085841
8;0.028987;0.108027
8;0.031365;0.094553
8;0.032726;0.117296
8;0.070606;0.233680
8;0.035856;0.100966
8;0.039625;0.087617
8;0.031296;0.091640
8;0.036595;0.096548
8;0.052513;0.083752
