nThread;timeInit;timeCount
1;0.017693;0.037045
1;0.016909;0.036423
1;0.016597;0.037355
1;0.015434;0.036634
1;0.015398;0.036053
1;0.017375;0.038529
1;0.017678;0.036005
1;0.017364;0.036371
1;0.015637;0.037258
1;0.015030;0.036481
1;0.015582;0.036573
1;0.016628;0.036399
1;0.014977;0.036375
1;0.016117;0.035584
1;0.017086;0.042098
1;0.015423;0.036457
1;0.017788;0.037085
1;0.016734;0.036081
1;0.016896;0.037093
1;0.017187;0.036294
