nThread;timeInit;timeCount
16;0.746807;1.215760
16;0.777472;1.856289
16;0.606593;1.110001
16;0.677725;1.440006
16;0.687115;1.456354
16;0.707874;1.209550
16;0.726379;1.119984
16;0.523913;1.244238
16;0.756868;1.249995
16;0.766393;2.190020
16;0.597631;1.069999
16;0.889005;1.518924
16;0.622491;1.503664
16;0.566689;1.524518
16;0.676499;1.829996
16;0.657129;1.499968
16;0.827790;1.285041
16;0.776658;1.455376
16;0.556637;1.469080
16;0.687340;1.106477
