nThread;timeInit;timeCount
2;0.092140;0.098733
2;0.097146;0.108491
2;0.092926;0.089350
2;0.095033;0.093968
2;0.100699;0.095033
2;0.084468;0.086708
2;0.088975;0.110096
2;0.081545;0.088756
2;0.082501;0.083171
2;0.083226;0.085463
2;0.093895;0.105845
2;0.080362;0.087835
2;0.079361;0.094519
2;0.105004;0.100057
2;0.081584;0.099590
2;0.079075;0.114513
2;0.080893;0.089300
2;0.082679;0.083584
2;0.079464;0.082693
2;0.081385;0.088743
