nThread;timeInit;timeCount
1;0.133512;0.101372
1;0.124767;0.102342
1;0.123628;0.103906
1;0.136570;0.102967
1;0.126485;0.101538
1;0.120964;0.105203
1;0.124570;0.102754
1;0.125714;0.106337
1;0.150721;0.112134
1;0.145336;0.107967
1;0.127629;0.105649
1;0.159597;0.106574
1;0.126008;0.105993
1;0.129897;0.108203
1;0.125603;0.104989
1;0.128639;0.105145
1;0.124725;0.103756
1;0.128509;0.108005
1;0.125147;0.106876
1;0.139920;0.105561
