nThread;timeInit;timeCount
8;0.063776;0.107517
8;0.062538;0.111464
8;0.065256;0.127620
8;0.060533;0.109855
8;0.058159;0.111856
8;0.059843;0.116976
8;0.069534;0.101828
8;0.052992;0.116834
8;0.059409;0.104790
8;0.056925;0.126460
8;0.053629;0.112663
8;0.053317;0.105672
8;0.059706;0.105149
8;0.070015;0.107939
8;0.070593;0.120905
8;0.084625;0.122399
8;0.064650;0.115731
8;0.072509;0.122754
8;0.084362;0.152389
8;0.072238;0.154542
