nThread;timeInit;timeCount
2;0.000859;0.001450
2;0.000100;0.001270
2;0.000095;0.001258
2;0.000156;0.001599
2;0.000101;0.001205
2;0.000217;0.001399
2;0.000555;0.001334
2;0.000092;0.001217
2;0.000096;0.001253
2;0.000401;0.001238
2;0.000148;0.001350
2;0.000092;0.001299
2;0.000896;0.001210
2;0.000364;0.001227
2;0.000095;0.001350
2;0.000774;0.001724
2;0.000546;0.001293
2;0.000094;0.001363
2;0.000561;0.001567
2;0.000851;0.001291
