nThread;timeInit;timeCount
1;0.000253;0.000808
1;0.000245;0.000937
1;0.000199;0.000930
1;0.000172;0.000650
1;0.000202;0.000698
1;0.000184;0.000880
1;0.000217;0.000736
1;0.000185;0.000648
1;0.000169;0.000698
1;0.000212;0.001052
1;0.000244;0.000834
1;0.000165;0.000657
1;0.000165;0.000678
1;0.000297;0.001025
1;0.000179;0.000787
1;0.000169;0.000715
1;0.000201;0.000697
1;0.000252;0.000692
1;0.000281;0.000873
1;0.000255;0.000811
