nThread;timeInit;timeCount
8;0.003149;0.008412
8;0.000379;0.004608
8;0.001786;0.008141
8;0.000111;0.008733
8;0.001887;0.017355
8;0.002656;0.007578
8;0.000089;0.002815
8;0.000108;0.002610
8;0.000206;0.003149
8;0.000638;0.002947
8;0.000080;0.002664
8;0.009717;0.013005
8;0.000443;0.003832
8;0.001982;0.012229
8;0.003896;0.015713
8;0.004851;0.014262
8;0.003312;0.010227
8;0.005874;0.016808
8;0.003879;0.022883
8;0.003681;0.006103
