nThread;timeInit;timeCount
16;0.000600;0.237845
16;0.000866;0.298243
16;0.037119;0.230654
16;0.026828;0.320553
16;0.028206;0.368514
16;0.028433;0.228683
16;0.018247;0.288311
16;0.017896;0.249296
16;0.026832;0.250569
16;0.027766;0.250668
16;0.028983;0.238872
16;0.036610;0.310634
16;0.036530;0.270560
16;0.026536;0.290717
16;0.037340;0.360494
16;0.026150;0.400587
16;0.028649;0.198520
16;0.027216;0.250683
16;0.028033;0.388511
16;0.027941;0.360513
