nThread;timeInit;timeCount
16;0.038259;0.654445
16;0.038252;0.704249
16;0.076706;1.023762
16;0.038974;0.519040
16;0.048207;0.554029
16;0.076957;0.684350
16;0.068017;0.624173
16;0.076508;0.705856
16;0.076632;0.904440
16;0.037972;0.744911
16;0.038217;0.785408
16;0.055965;0.757898
16;0.029811;0.581265
16;0.068237;0.643679
16;0.077102;0.523665
16;0.022358;0.504351
16;0.021082;0.489788
16;0.038186;0.623587
16;0.093889;0.494183
16;0.056844;0.613689
