nThread;timeInit;timeCount
8;0.008610;0.062653
8;0.009027;0.056423
8;0.008349;0.062574
8;0.010061;0.056397
8;0.006697;0.062372
8;0.009545;0.073045
8;0.007154;0.062761
8;0.010588;0.055393
8;0.008364;0.054223
8;0.006886;0.058598
8;0.009895;0.058679
8;0.009841;0.054771
8;0.007629;0.058303
8;0.011482;0.055416
8;0.009019;0.059550
8;0.008546;0.063076
8;0.009655;0.061845
8;0.008748;0.055955
8;0.012666;0.052769
8;0.008119;0.077887
