nThread;timeInit;timeCount
1;0.000146;0.006934
1;0.000184;0.006236
1;0.000147;0.005044
1;0.000160;0.006151
1;0.000145;0.006241
1;0.000170;0.006485
1;0.000172;0.005125
1;0.000152;0.005315
1;0.000132;0.005322
1;0.000149;0.007112
1;0.000157;0.005646
1;0.000126;0.006406
1;0.000194;0.007243
1;0.000156;0.005327
1;0.000177;0.004999
1;0.000128;0.005301
1;0.000145;0.004693
1;0.000185;0.004850
1;0.000223;0.004651
1;0.000147;0.004686
