nThread;timeInit;timeCount
2;0.000404;0.011465
2;0.000158;0.009854
2;0.000105;0.009291
2;0.000092;0.008056
2;0.000175;0.008773
2;0.000309;0.009925
2;0.000590;0.009767
2;0.000141;0.009947
2;0.000142;0.008723
2;0.000108;0.009328
2;0.000788;0.010529
2;0.000102;0.008769
2;0.000096;0.009440
2;0.000114;0.009138
2;0.000551;0.008683
2;0.000102;0.009832
2;0.000510;0.008925
2;0.000142;0.010588
2;0.000092;0.008925
2;0.000149;0.009398
