nThread;timeInit;timeCount
8;0.002302;0.039292
8;0.000095;0.037522
8;0.000095;0.043017
8;0.000602;0.037028
8;0.004106;0.043989
8;0.004946;0.035221
8;0.002257;0.041305
8;0.000110;0.045285
8;0.000093;0.038146
8;0.000158;0.032782
8;0.000150;0.032011
8;0.006500;0.041660
8;0.000687;0.032869
8;0.002226;0.041436
8;0.006116;0.038029
8;0.004591;0.041974
8;0.002345;0.033770
8;0.002150;0.048093
8;0.000095;0.037417
8;0.001065;0.051444
