nThread;timeInit;timeCount
16;0.002038;0.750338
16;0.028414;0.582199
16;0.036690;0.832415
16;0.019295;0.999881
16;0.036483;0.682580
16;0.038921;0.350748
16;0.000548;0.550061
16;0.028570;0.810254
16;0.036195;0.922381
16;0.010731;0.770757
16;0.010699;0.870026
16;0.000567;0.963193
16;0.009913;0.960667
16;0.026819;0.672785
16;0.014024;0.327217
16;0.029109;0.640172
16;0.009540;0.642550
16;0.029406;0.965557
16;0.018984;1.051894
16;0.027496;0.413224
