nThread;timeInit;timeCount
4;0.000109;0.021937
4;0.000638;0.017916
4;0.000283;0.017979
4;0.000624;0.019025
4;0.000177;0.016177
4;0.000964;0.021872
4;0.000166;0.018909
4;0.000140;0.020295
4;0.000117;0.018650
4;0.000105;0.018541
4;0.000133;0.018428
4;0.000624;0.016737
4;0.000955;0.018494
4;0.001248;0.023388
4;0.000902;0.017285
4;0.000693;0.017281
4;0.000633;0.016688
4;0.000072;0.016829
4;0.000116;0.017451
4;0.000937;0.018323
