nThread;timeInit;timeCount
1;0.000170;0.006168
1;0.000180;0.006673
1;0.000189;0.006818
1;0.000265;0.006408
1;0.000221;0.005303
1;0.000180;0.005602
1;0.000219;0.006787
1;0.000217;0.006462
1;0.000163;0.006691
1;0.000176;0.006175
1;0.000163;0.006026
1;0.000229;0.006874
1;0.000233;0.005436
1;0.000242;0.005394
1;0.000248;0.005358
1;0.000199;0.005294
1;0.000286;0.007893
1;0.000165;0.005823
1;0.000173;0.006203
1;0.000201;0.006052
