nThread;timeInit;timeCount
4;0.007117;0.003929
4;0.008510;0.004551
4;0.009852;0.004485
4;0.008723;0.004351
4;0.008173;0.004296
4;0.007662;0.004106
4;0.008177;0.004349
4;0.008019;0.004453
4;0.006818;0.004151
4;0.009037;0.004000
4;0.008080;0.004462
4;0.008293;0.004159
4;0.007840;0.004464
4;0.008019;0.003773
4;0.008374;0.004374
4;0.008347;0.004672
4;0.007628;0.004318
4;0.008128;0.004270
4;0.008449;0.004509
4;0.007525;0.004032
