nThread;timeInit;timeCount
1;0.011422;0.002453
1;0.012646;0.003398
1;0.012740;0.002081
1;0.011115;0.001740
1;0.010787;0.002165
1;0.011595;0.001818
1;0.011963;0.002366
1;0.011557;0.001802
1;0.011502;0.001942
1;0.011964;0.001987
1;0.011177;0.001885
1;0.011494;0.002386
1;0.012527;0.002204
1;0.011365;0.002300
1;0.015172;0.002498
1;0.011504;0.002189
1;0.013397;0.003437
1;0.013452;0.003586
1;0.013867;0.004668
1;0.012328;0.002350
