nThread;timeInit;timeCount
16;0.047846;0.250240
16;0.037789;0.190102
16;0.038832;0.210349
16;0.067302;0.280208
16;0.077116;0.280336
16;0.076301;0.221051
16;0.066508;0.260351
16;0.076840;0.320557
16;0.056586;0.310541
16;0.067152;0.290444
16;0.030376;0.256876
16;0.066708;0.290336
16;0.037897;0.280427
16;0.057015;0.270443
16;0.031408;0.266701
16;0.076941;0.240375
16;0.076884;0.270288
16;0.048069;0.300675
16;0.077753;0.239906
16;0.030627;0.201343
