nThread;timeInit;timeCount
4;0.001848;0.001271
4;0.001216;0.001023
4;0.001639;0.001344
4;0.001487;0.001229
4;0.001400;0.001320
4;0.002534;0.001082
4;0.001785;0.001285
4;0.001637;0.001422
4;0.001484;0.001394
4;0.002251;0.001221
4;0.001403;0.001268
4;0.001418;0.001817
4;0.001827;0.001059
4;0.002563;0.001382
4;0.002610;0.001162
4;0.002175;0.001893
4;0.002366;0.003428
4;0.002421;0.001121
4;0.001470;0.001717
4;0.001808;0.001255
