nThread;timeInit;timeCount
1;0.002462;0.001618
1;0.002290;0.001443
1;0.002480;0.001520
1;0.002208;0.001427
1;0.002454;0.001704
1;0.002196;0.001374
1;0.002222;0.001389
1;0.002208;0.001419
1;0.002201;0.001460
1;0.002633;0.001539
1;0.002289;0.002023
1;0.002152;0.001332
1;0.002268;0.001352
1;0.002309;0.001364
1;0.002142;0.001358
1;0.002225;0.001320
1;0.002183;0.001307
1;0.002225;0.001394
1;0.002254;0.001496
1;0.002251;0.001742
