nThread;timeInit;timeCount
8;0.031599;0.034721
8;0.034606;0.025623
8;0.024310;0.012983
8;0.049651;0.021888
8;0.008595;0.007414
8;0.009876;0.030802
8;0.032464;0.029933
8;0.028624;0.032514
8;0.034794;0.025197
8;0.024575;0.025371
8;0.028040;0.033342
8;0.025910;0.038138
8;0.030820;0.035430
8;0.007101;0.040063
8;0.025906;0.026618
8;0.015716;0.037562
8;0.035464;0.025915
8;0.045082;0.026394
8;0.032839;0.005412
8;0.003717;0.029763
