nThread;timeInit;timeCount
2;0.001411;0.001091
2;0.001515;0.001081
2;0.001645;0.001338
2;0.001535;0.001259
2;0.001857;0.001122
2;0.002004;0.001601
2;0.001399;0.001165
2;0.001425;0.001258
2;0.001423;0.001168
2;0.001552;0.001168
2;0.001570;0.001125
2;0.001630;0.001107
2;0.001670;0.001238
2;0.001908;0.001160
2;0.002252;0.001359
2;0.001516;0.001065
2;0.001670;0.001264
2;0.001536;0.001079
2;0.001390;0.001201
2;0.001642;0.001142
