nThread;timeInit;timeCount
1;0.002520;0.001626
1;0.002846;0.001777
1;0.002545;0.001557
1;0.002904;0.001821
1;0.002641;0.001804
1;0.002789;0.002056
1;0.002408;0.001623
1;0.002688;0.001800
1;0.002631;0.001939
1;0.002545;0.002027
1;0.002593;0.001987
1;0.003195;0.001744
1;0.002922;0.001617
1;0.002649;0.001641
1;0.002505;0.001709
1;0.002683;0.001634
1;0.002424;0.001911
1;0.002536;0.002035
1;0.002592;0.001605
1;0.002518;0.001856
