nThread;timeInit;timeCount
16;0.685922;0.900658
16;0.547225;0.730453
16;0.716604;0.740732
16;0.636760;0.939982
16;0.846679;0.981610
16;0.877655;1.099978
16;0.727755;1.010865
16;0.437816;0.670812
16;0.844004;1.040875
16;0.676200;0.709987
16;0.697747;1.030938
16;0.906403;0.970859
16;0.686381;0.779891
16;0.726224;0.880986
16;0.528024;0.880857
16;0.706801;1.020007
16;0.667829;1.074552
16;0.588120;0.739973
16;0.714834;0.892926
16;0.897729;0.830845
