nThread;timeInit;timeCount
1;0.111323;0.085639
1;0.117303;0.087831
1;0.104289;0.084780
1;0.103379;0.082764
1;0.107155;0.083530
1;0.106084;0.083469
1;0.103122;0.081975
1;0.104028;0.083891
1;0.103980;0.081727
1;0.106399;0.084614
1;0.104155;0.084813
1;0.110714;0.083398
1;0.105721;0.082857
1;0.126947;0.111074
1;0.135462;0.111630
1;0.144950;0.112198
1;0.136537;0.115060
1;0.129013;0.108590
1;0.132908;0.108062
1;0.129485;0.108357
