nThread;timeInit;timeCount
8;0.066964;0.165160
8;0.119994;0.311525
8;0.065229;0.123410
8;0.053119;0.132240
8;0.055734;0.135968
8;0.060814;0.135962
8;0.063529;0.149373
8;0.063073;0.162756
8;0.056301;0.135975
8;0.071793;0.149992
8;0.058224;0.124700
8;0.061296;0.136006
8;0.076877;0.125141
8;0.056219;0.140095
8;0.051383;0.107870
8;0.048550;0.105015
8;0.047506;0.093490
8;0.044846;0.089809
8;0.045215;0.087953
8;0.046406;0.086524
